age,monthly_income,assets,deposit,monthly_rent,management_fee,monthly_debt_payment,household_size,region,region_cost_index,is_unemployed,car_value,burden_class
32,3209744,16357740,51328880,603801,129868,0,1,경기,1.15,0,0,0
36,1968479,53252054,12092037,255334,118429,779358,1,전남,0.78,0,0,1
32,7060599,29246792,23253459,344758,66173,0,1,충남,0.87,0,13316082,0
31,4028613,9123398,39647184,569319,205497,7466,1,울산,0.94,1,0,0
28,1250292,56856011,18836415,316980,116856,0,1,울산,0.94,0,0,1
24,3290893,28740347,11732275,778165,90010,0,1,경북,0.82,0,0,1
24,4131235,6990506,29537379,610701,68761,0,1,경기,1.15,0,21908310,0
34,3687964,16688659,14664003,394402,38760,0,2,충남,0.87,0,0,0
20,5852210,40136604,21157644,409944,137085,406997,2,부산,1.02,0,0,0
20,5351750,13868442,49540019,637464,85983,0,2,경기,1.15,0,5882330,0
27,1407814,99404484,13781341,352991,102616,126253,2,세종,1.0,1,11295241,2
35,8119724,65766704,36331712,368623,91796,0,1,제주,1.04,0,0,0
32,4563024,11330921,4717928,584962,126423,640938,1,전북,0.8,0,0,0
31,2622252,16363932,8294000,311206,121234,0,1,전북,0.8,0,17441033,0
30,2405198,60057479,6881055,301299,133922,0,1,전북,0.8,0,3050116,0
21,5205826,30504541,27573170,230300,134818,198340,1,전남,0.78,0,0,0
25,1331719,33685680,48955681,180000,86941,0,1,세종,1.0,1,0,1
20,926838,5235220,12730345,622961,66627,154684,2,인천,1.08,1,0,2
34,2751443,45078528,7458878,366916,102843,97524,2,경북,0.82,0,10105250,0
34,3553996,28297025,14684477,561240,128787,0,3,울산,0.94,0,0,0
24,2806546,34150379,8063234,433492,115789,510737,3,세종,1.0,0,0,1
25,1731251,75273483,11060843,351915,44594,0,2,광주,0.91,0,0,1
25,5027063,25779938,15959811,362706,114452,0,1,부산,1.02,0,3154133,0
37,2563184,29626367,13569016,473469,73900,501535,2,경남,0.86,0,0,1
29,7269691,33201187,2801705,253269,107935,0,2,전남,0.78,0,0,0
35,3475913,65558734,9998087,439111,142678,250773,2,충북,0.86,0,17685606,0
28,5259525,9924836,52514637,343571,25000,0,1,광주,0.91,0,0,0
33,4000471,15490645,3416564,220038,159909,169284,1,전남,0.78,0,0,0
30,5368861,28723712,17241744,304973,71869,0,3,강원,0.84,0,0,0
24,3897703,55488868,17826453,412854,145537,0,1,울산,0.94,0,0,0
37,3374557,40696921,65595273,288372,140116,462552,1,울산,0.94,0,9213140,0
33,4880425,23929049,20218218,700891,101899,238614,1,부산,1.02,0,16401528,0
35,8882736,85364120,62518225,465946,131206,134784,1,경기,1.15,0,21012888,0
38,2715915,39417864,16275383,340659,83928,111098,1,강원,0.84,0,28846916,0
24,4292890,19469032,9686422,338713,48513,0,4,경남,0.86,0,2717170,0
20,3043129,42779309,23307293,469929,155121,0,2,경기,1.15,0,24980369,0
31,3791444,44205388,4651239,295439,84129,0,2,경북,0.82,0,0,0
25,3105795,34394254,17768650,244075,171067,0,1,경북,0.82,0,0,0
28,1206004,17842498,11390271,498549,141366,0,1,대구,0.93,0,0,2
23,2798438,54703125,9742023,595538,79359,0,1,충북,0.86,0,0,0
27,4687739,89581095,40515928,377877,134359,0,1,인천,1.08,0,0,0
27,2194826,40484638,11456204,414491,126076,341083,1,전북,0.8,0,0,0
26,2409340,7619463,2043082,315750,169429,0,2,충남,0.87,1,0,0
34,3300565,129590212,23806570,401238,92907,495865,4,광주,0.91,0,0,1
31,2808922,46346392,35084555,304210,107171,0,1,경기,1.15,0,0,0
28,4502542,14018082,79542524,238356,128045,0,1,제주,1.04,0,44873318,0
21,4087711,52686957,20283265,287279,111316,0,1,울산,0.94,0,8653777,0
30,3654564,70050563,11469149,365097,60261,0,1,경남,0.86,0,0,0
22,4720802,29289724,23034045,211811,144659,0,1,충남,0.87,0,14986998,0
25,3328341,5119701,4747855,180000,163096,0,1,전남,0.78,0,0,0
27,1503710,36980761,9035067,180000,112966,37123,1,전북,0.8,0,0,0
21,2592311,10521311,29162918,406259,67897,252419,1,부산,1.02,0,0,0
27,1403892,45899548,13833578,297191,106061,0,2,광주,0.91,0,0,2
24,4046323,15475842,2895659,358697,78854,0,1,울산,0.94,0,8824515,0
36,2095950,44385318,14224704,481523,102930,491353,1,세종,1.0,1,0,1
37,4572562,26942645,27034258,477698,126190,365954,1,서울,1.35,0,0,0
19,3763887,36055290,12343795,363005,131442,0,1,강원,0.84,0,420323,0
31,4624413,57402796,3884395,789446,162941,139160,1,인천,1.08,0,0,0
32,1548369,58050591,789429,323223,129549,0,2,전북,0.8,0,4299703,1
26,2912139,15107328,28382007,332905,72111,0,2,충남,0.87,0,0,0
28,1659851,23936944,25834395,411644,132785,149825,1,경남,0.86,0,0,1
35,2614466,30378818,8175388,251710,97599,0,1,전북,0.8,0,0,0
26,6111241,36186116,8954862,332592,103967,150227,1,광주,0.91,0,0,0
20,4880431,68051371,14060224,452018,112389,167906,1,제주,1.04,0,0,0
26,4054893,27004619,30837299,401479,114748,0,1,광주,0.91,0,1553264,0
24,2820869,40372993,19808653,301313,147001,32002,2,대전,0.98,0,1094353,0
27,1989525,26700053,39670584,412110,126309,0,1,경남,0.86,0,0,1
23,2021897,15562645,18026729,605853,68527,320433,1,광주,0.91,1,0,1
22,4917165,6201379,9688383,265771,62726,0,1,경기,1.15,0,5201596,0
39,3637826,34525847,9952706,477738,133437,68391,1,울산,0.94,0,0,0
21,1542330,8997003,20990563,318585,126014,0,2,전남,0.78,0,0,1
33,3190330,19024069,55307556,345272,156579,368208,1,부산,1.02,0,23043350,0
34,1339653,41683320,19726754,452311,107234,274553,1,울산,0.94,0,1215771,2
31,4310012,43861859,41316501,623563,123560,0,1,인천,1.08,0,0,0
38,2264034,63161364,21451480,407143,125850,263849,2,충남,0.87,0,0,1
19,800000,3547806,22777180,560768,57596,0,1,세종,1.0,1,0,2
25,4335564,50303322,57410020,357740,55131,863487,1,대전,0.98,0,9761644,0
22,2404039,978179,7024379,516744,138196,0,1,부산,1.02,1,830531,0
31,3370541,20472669,11517421,301795,121403,0,1,강원,0.84,0,5863667,0
32,7826974,32948640,10176333,396716,156276,0,2,충남,0.87,0,0,0
37,4007596,28541503,15233610,341589,173451,273812,1,경남,0.86,0,0,0
26,2311300,29475047,3993813,449431,100166,0,1,울산,0.94,0,0,0
23,3812935,32583780,18419649,252831,101423,414052,1,인천,1.08,0,0,0
38,2696968,48641895,8108517,221076,60560,51795,1,경북,0.82,0,0,0
33,5258511,26812132,9042469,549224,127053,0,1,충북,0.86,0,2442357,0
35,3441687,58049510,35515789,536723,37101,876668,2,충남,0.87,0,0,0
28,3591280,53121764,10202678,289408,81339,394859,1,경기,1.15,0,0,0
28,1640372,33494076,68818525,267062,122363,587756,1,대전,0.98,0,3962164,2
27,3131533,57933659,15864064,238672,84100,46211,1,전남,0.78,0,0,0
34,2977093,22856172,1221379,417525,106386,228165,2,경북,0.82,0,9333974,0
23,1963502,15872633,36008378,369277,103434,76351,1,울산,0.94,0,0,1
39,2772906,9561832,730202,457191,68241,0,1,전남,0.78,0,13094506,0
22,3678537,42078494,4515598,195304,35735,240350,1,경북,0.82,0,0,0
28,3044301,31904124,21855503,437789,134523,0,1,광주,0.91,0,0,0
25,1661862,24701398,12592818,337721,102695,0,3,경남,0.86,0,0,2
32,2711924,29759830,27799451,290313,122345,189176,1,대구,0.93,0,0,0
33,2494008,26063123,9863416,479964,108412,223050,1,대구,0.93,0,0,0
38,3314651,24081315,9150970,359978,106468,0,1,충남,0.87,0,3381692,0
35,3164264,18287231,10521184,372717,114642,0,1,충북,0.86,0,0,0
24,2555245,88933677,27127937,641889,107028,0,1,인천,1.08,0,3246685,1
23,2512696,39133148,25024715,352429,96191,0,1,경북,0.82,0,0,0
37,3139449,36398967,5964623,731832,77264,0,1,부산,1.02,0,2353985,0
29,4614583,23910587,32925724,180000,194048,0,2,전남,0.78,0,19302904,0
21,3438231,35839277,91315753,477972,154944,0,2,서울,1.35,0,0,0
36,5624103,75497085,13450846,193667,159345,0,1,전남,0.78,0,0,0
32,4965002,37229109,17004387,212401,151576,440787,3,전남,0.78,0,0,0
19,5804974,112447904,7726466,264962,97387,0,3,전남,0.78,0,0,0
35,5493972,50803455,32259251,478608,102779,0,1,충남,0.87,0,279156,0
31,5972764,23714913,1008369,413386,112100,0,1,세종,1.0,0,1645264,0
31,1857609,14883943,44869675,180000,96394,190573,1,충남,0.87,0,0,0
37,4029067,72346478,44182729,451052,141187,214211,1,대구,0.93,0,0,0
29,5150117,16191048,4173241,199884,78689,200021,1,전남,0.78,0,19747438,0
28,5566260,52638241,7270522,608162,71140,0,1,강원,0.84,0,0,0
31,2189630,39292539,14242474,243298,65306,568847,3,울산,0.94,0,0,2
23,4046350,5820289,34053653,373322,100659,519155,1,세종,1.0,0,0,0
22,3150241,35166608,3150129,649240,91964,0,2,강원,0.84,0,0,0
36,6748886,52710097,14888031,565367,98042,235925,1,서울,1.35,0,0,0
23,1679685,20473811,29629541,514421,116691,391340,1,인천,1.08,0,0,2
29,2190976,22319847,4502565,414659,69655,323122,2,대구,0.93,0,0,1
24,1400136,21537018,18517290,508842,141280,394965,1,경기,1.15,0,351281,2
23,3245686,59513761,17665094,301273,72284,0,1,울산,0.94,0,0,0
31,8073547,23234553,5814563,460196,68096,0,1,충남,0.87,0,1095539,0
35,2992397,12509671,15682881,561429,86611,0,1,충남,0.87,0,0,0
28,1358044,32549621,19353230,180000,107167,0,1,세종,1.0,1,0,1
21,2334645,3201693,8022189,246976,138159,117785,1,경북,0.82,1,11854276,0
24,2901236,34334963,2704052,315599,105868,151973,1,강원,0.84,0,0,0
22,3569883,10166086,3288862,415123,59136,0,1,경기,1.15,0,3051624,0
37,3610306,28958854,20254509,418929,124224,53905,1,전남,0.78,0,0,0
25,2120289,11207670,21763596,275994,124871,0,1,강원,0.84,0,0,0
26,2929118,76944755,11032577,396374,88607,0,1,충북,0.86,0,4759753,0
20,4196172,36213650,12554023,574757,114460,0,1,강원,0.84,0,0,0
28,4546826,13791893,9421769,180000,158691,274933,1,강원,0.84,0,0,0
38,5330779,43163746,49961027,498361,85053,0,2,경기,1.15,0,0,0
27,3523233,10002276,9593883,361922,142097,0,1,강원,0.84,0,0,0
32,3554198,28437065,46858607,270770,151454,0,1,전남,0.78,0,2300537,0
22,4211088,62848834,7895423,324994,117714,0,1,대전,0.98,0,0,0
22,2361721,36732060,32109452,298234,65906,33964,3,충북,0.86,0,3898907,1
34,2320439,15187764,6557345,622282,165442,0,1,서울,1.35,0,4089164,1
20,2890642,6530798,22416476,397641,143620,0,1,대전,0.98,0,3061926,0
28,1762766,42279437,3938560,529215,129873,0,1,울산,0.94,0,8912608,1
25,3633182,85285536,10282768,323631,111046,115050,1,제주,1.04,0,385353,0
19,4788642,23534730,37462549,227140,152948,0,1,부산,1.02,0,0,0
30,2247510,67163026,4091338,180000,80708,0,1,대구,0.93,0,4365579,0
39,3677583,45936526,45086857,370132,140019,0,1,광주,0.91,0,0,0
20,2327082,40271601,33488561,533990,101621,200279,1,제주,1.04,0,3466365,1
36,1969962,15724907,26237084,182394,49365,358858,1,경북,0.82,0,33011767,0
30,7381913,25354965,43101641,390783,84539,0,2,서울,1.35,0,12371125,0
34,1982148,27340859,53223018,643876,126577,140403,1,부산,1.02,0,10405191,2
21,1759508,1936956,17892542,508629,114937,65904,2,전남,0.78,0,6501523,2
37,3345008,23040407,13302685,791942,135214,52776,2,서울,1.35,0,8180567,0
19,3423303,16009051,22549676,394209,95193,0,2,경북,0.82,0,0,0
38,4063527,22231760,15108567,506644,117846,0,2,대구,0.93,0,11991396,0
32,7211447,24695683,38892196,299332,130811,81579,1,경남,0.86,0,0,0
26,2183602,48090613,15933954,217808,193058,0,1,대구,0.93,0,7214290,0
19,2378366,48027466,31616556,202672,96955,0,1,울산,0.94,0,33092425,0
31,6091705,75713817,5935865,399239,145006,818488,1,충남,0.87,0,3362248,0
20,4567495,53219923,17117785,603376,136391,0,1,인천,1.08,0,0,0
31,4302415,38081799,13690583,348916,112773,0,1,강원,0.84,0,0,0
35,2366703,79944141,45397774,475040,66453,198699,1,세종,1.0,0,0,0
24,2791279,17180872,24688648,312519,155806,607329,3,전남,0.78,1,3991502,1
24,4308157,25617179,7180321,517684,121589,0,1,제주,1.04,0,0,0
23,3308989,89399894,15424162,486743,88459,0,1,충남,0.87,0,0,0
23,2371737,16695234,11580635,587678,79066,0,1,광주,0.91,0,0,0
21,3193191,1352917,29282065,416442,119155,0,1,광주,0.91,0,9427788,0
24,6196539,6714884,32784598,647882,77854,33695,2,울산,0.94,0,0,0
32,1905483,27761630,32908308,279188,87255,0,1,전남,0.78,0,1652576,0
25,2162420,11261893,33840981,581770,90862,271623,1,대전,0.98,0,0,1
35,945229,11837515,8831908,571224,115376,367998,1,인천,1.08,1,0,2
36,2556115,61830150,15968861,186322,132577,0,1,대전,0.98,0,5976052,0
34,3029431,41060018,50058154,740242,108581,0,1,서울,1.35,0,6930308,1
30,4605850,5116183,54634466,323667,107860,325828,4,경기,1.15,0,13077784,0
25,3719353,56804611,5275843,497936,119089,0,1,경기,1.15,0,8081231,0
38,3130846,120076286,20999884,448775,80961,0,1,전남,0.78,0,0,0
23,3435797,14178168,13456177,252612,87047,0,1,전북,0.8,0,0,0
28,2050282,39956091,18860331,367242,92784,0,1,충남,0.87,1,28626223,0
28,1479950,11973161,29764032,479925,120761,0,4,울산,0.94,0,0,2
34,4835201,33707975,14595368,240189,163908,0,1,전북,0.8,0,6223763,0
30,2137814,41419430,21723227,438832,70161,0,1,인천,1.08,0,1271487,0
35,2520437,35131218,5432931,347250,117290,15598,1,경남,0.86,0,0,0
38,3530815,24450615,16289648,572442,103966,0,1,세종,1.0,0,8884893,0
27,2952691,19005430,13296386,593319,102978,0,1,경남,0.86,0,14674734,0
37,3760386,12170250,15986078,331917,96680,0,1,인천,1.08,0,0,0
22,1316717,26804046,14512578,455821,151944,128351,2,세종,1.0,1,0,2
38,2693196,92652704,49369672,254215,25000,142050,1,충남,0.87,0,10131636,0
22,5885594,6680532,31281557,421010,72252,0,1,세종,1.0,0,0,0
36,4135506,78524961,5001935,671804,148830,0,2,울산,0.94,0,0,0
27,3473116,22255311,2451603,554709,154529,0,1,인천,1.08,0,0,0
39,4107954,11618922,14306717,327368,171618,0,1,광주,0.91,0,17937983,0
21,2252070,49441324,37194162,189156,121192,0,1,대구,0.93,0,0,0
28,7770181,31105725,6930666,583695,128437,0,1,대전,0.98,0,1688115,0
37,1910677,22211633,30751756,294632,43932,284822,2,충남,0.87,0,0,1
19,3202091,12892626,7276968,287070,109023,54086,1,충북,0.86,0,5823479,0
24,2696564,15741294,10931319,426656,128505,0,1,충북,0.86,0,24083391,0
20,2652874,22417707,13717200,482546,92943,0,1,광주,0.91,0,0,0
25,2508817,30258581,18963888,406811,109653,0,1,제주,1.04,0,7895272,0
27,2188697,32356424,4590011,404996,158427,461267,1,경기,1.15,0,0,0
31,5084154,53118910,5051894,636767,162546,0,2,대전,0.98,0,4107237,0
24,1816878,26274051,13446403,577019,122521,736759,1,인천,1.08,0,0,2
22,4655615,33779824,2914985,588924,109780,0,1,대전,0.98,0,0,0
22,4030993,27160126,11865968,420438,138392,0,4,제주,1.04,0,0,0
38,2589224,6297929,19867276,281921,97090,361044,1,광주,0.91,0,5374487,0
39,3834974,22111831,5647109,322678,145462,567686,1,경남,0.86,0,0,0
23,2849789,9325357,11052856,245518,93629,0,1,세종,1.0,0,0,0
23,1899724,25356170,16961973,334904,135390,0,1,충남,0.87,0,0,0
20,1908381,27292328,4271615,343366,109991,370534,1,울산,0.94,0,0,0
39,4042978,33831082,20457287,391833,88791,178986,1,대구,0.93,0,0,0
33,3953799,42049809,13152475,360260,120171,170058,1,전북,0.8,0,0,0
34,3384501,46649035,8366047,486823,99150,0,1,제주,1.04,0,0,0
25,2577421,23275221,39991429,290091,145260,573135,1,대구,0.93,0,9488612,0
32,2810201,52091817,4800243,198026,72359,0,2,전남,0.78,0,0,0
20,2651575,19464983,21562180,205748,118324,0,1,대구,0.93,0,0,0
33,1439010,37519730,19062577,369968,81977,0,2,전북,0.8,0,0,2
31,3131401,6827873,4871035,376592,149200,0,1,전남,0.78,0,0,0
25,3818269,23307783,7917537,240410,135694,0,1,울산,0.94,0,5359602,0
33,3139970,51407335,21238694,532467,106032,0,1,전북,0.8,0,0,0
32,6526532,31509577,31037184,497028,109925,0,1,대구,0.93,0,0,0
28,1980164,13006675,25596707,359085,174254,0,1,경기,1.15,0,0,1
22,2295308,30464856,30418048,524629,141869,0,1,경기,1.15,0,10078585,1
19,1772794,20260774,10734132,405076,84227,0,1,울산,0.94,1,0,0
38,3387057,45458945,33360738,383071,141635,0,1,경남,0.86,0,4642738,0
24,1346652,12256805,3453055,524949,94064,376312,1,인천,1.08,0,8727077,2
25,3952316,22536883,19418099,499465,116035,0,1,울산,0.94,0,19846133,0
33,3393690,14553285,32911513,552641,35702,0,1,충남,0.87,0,0,0
24,1226056,15749245,35265976,459837,140963,306777,1,부산,1.02,0,1040717,2
26,2900713,29945392,454987,447175,84161,27944,1,전북,0.8,0,0,0
33,2154306,13346343,31311554,605122,104294,27513,1,대전,0.98,0,0,1
31,2509824,29806881,8740928,279131,58401,0,1,전남,0.78,0,0,0
32,1715592,13233541,9196075,253202,114793,185628,1,강원,0.84,0,0,0
19,3647721,19028304,17924013,455043,110946,0,1,강원,0.84,0,4816116,0
28,6505874,9736720,6104454,303932,67837,26539,1,부산,1.02,0,0,0
28,3418158,98855661,22434871,294633,111822,0,2,울산,0.94,0,15978392,0
32,800000,51065499,29882719,537772,98759,0,1,경북,0.82,1,8950506,2
22,3448529,20163918,64155372,293522,162538,0,2,서울,1.35,0,1482668,0
22,2805122,67939183,50572473,330912,82803,0,1,전북,0.8,0,0,0
35,1119655,16940999,21890361,238089,128765,303396,1,세종,1.0,1,9552156,2
33,3550896,62746839,7863380,418053,56135,0,1,전북,0.8,0,5694431,0
36,4452387,45020942,6349159,645481,111940,5407,1,충남,0.87,0,0,0
24,2288026,13196935,67187079,190863,123195,0,1,울산,0.94,0,0,0
39,965696,45133808,12969732,180000,125820,0,2,대전,0.98,1,13507912,2
24,1284183,49335077,891525,450826,104762,0,1,충북,0.86,0,0,1
32,2290791,30354772,8733748,408030,174372,435050,1,인천,1.08,0,7163112,0
22,2852726,45011568,8768809,355041,95860,0,1,강원,0.84,0,16426168,0
38,2443079,47055292,37188768,526515,132161,18894,1,경기,1.15,0,0,1
25,2273522,31941924,43303120,411281,98121,14751,2,충남,0.87,0,0,0
35,3893616,14518103,30077837,430391,79593,450021,1,충북,0.86,0,15565959,0
25,3721612,30550175,31547681,483162,73733,0,1,경기,1.15,0,8482955,0
35,3323328,31433606,40564342,365864,75596,207552,3,전북,0.8,0,0,0
28,4332875,40302859,32106120,361842,131831,0,3,울산,0.94,0,0,0
20,2300047,9161326,33418279,265377,153607,0,1,전남,0.78,0,11227885,0
22,1904998,46006681,14044454,608426,140744,0,1,서울,1.35,0,0,1
33,2436440,22981757,5482838,548009,100714,0,2,부산,1.02,0,0,0
23,2365244,9400754,7109774,370565,90010,52783,1,세종,1.0,0,0,0
24,1262491,41004084,15767961,481595,118189,0,1,부산,1.02,0,0,2
30,2412219,72694311,63123467,291323,75113,0,1,대전,0.98,0,0,0
24,4904864,27093225,9632611,293171,140072,0,2,충남,0.87,0,0,0
21,4303844,65618484,7921501,636074,126692,0,2,인천,1.08,0,2802851,0
32,3822752,20870576,76217873,329431,75269,0,1,충남,0.87,0,0,0
33,3227595,16905077,26190754,547323,167498,176111,1,경기,1.15,0,0,0
34,5686915,62308857,13219907,357503,71544,0,1,인천,1.08,0,2565342,0
38,1933379,49374801,3868788,354932,110292,215921,1,강원,0.84,0,5793734,0
21,2014288,6340267,3191311,442276,136342,0,2,전남,0.78,0,0,1
27,4946046,76986680,40380402,489202,139462,0,1,인천,1.08,0,5314574,0
23,3086420,22670882,1817420,803732,89685,0,1,대전,0.98,0,5043198,0
37,2285386,34162102,14715048,408870,94490,0,1,경남,0.86,0,0,0
30,3866962,86967138,50667134,312895,79429,0,1,제주,1.04,0,0,0
21,2525908,66964976,9145218,320507,116138,0,2,강원,0.84,0,3276040,0
33,2127623,69779028,21398960,289792,139383,0,1,울산,0.94,0,17171476,0
19,2102318,13251486,8855256,358287,44733,0,2,대전,0.98,0,0,0
24,3502258,30768147,56876426,320973,128375,0,1,충북,0.86,0,0,0
34,3332232,42382576,21521058,305006,91702,155869,1,충북,0.86,0,0,0
29,5855273,13890182,46714596,561556,108305,0,1,대전,0.98,0,0,0
34,2692320,16083033,25247289,710516,82431,157062,1,서울,1.35,0,0,1
30,2672642,24074632,24255934,583014,92102,0,1,인천,1.08,0,236068,0
36,5664304,56103865,28772425,405882,182611,0,1,제주,1.04,0,8545807,0
30,4659787,3208625,14311697,540836,98839,1547532,1,울산,0.94,0,15457939,0
20,3246079,26013483,34149280,550068,111619,0,2,세종,1.0,0,0,0
20,800000,7576699,16341290,629460,78660,284875,1,울산,0.94,1,0,2
35,2151239,56820634,23450473,253681,197560,241256,1,전남,0.78,0,6106866,0
19,1938435,31819221,56592982,445859,131607,0,2,경기,1.15,0,0,1
26,3098183,8598122,23885847,398532,114547,0,1,경기,1.15,0,1444018,0
19,2451144,49646446,9661889,776978,142673,0,2,대구,0.93,0,12601132,1
25,2140707,32323422,46431018,363815,124424,472968,1,세종,1.0,1,0,1
31,892629,24999029,24041804,540263,103116,557936,1,충남,0.87,1,0,2
22,1851073,97813364,12887276,469233,107510,0,1,세종,1.0,0,0,1
28,3388312,23599387,8290657,546428,56807,203823,2,울산,0.94,0,0,0
39,3816597,24763148,127106,402028,96126,0,1,경남,0.86,0,0,0
20,1002677,39062125,20328369,597669,96074,207210,1,인천,1.08,0,0,2
20,1446165,76657137,14980578,406636,119717,0,3,강원,0.84,0,6949702,2
24,1222758,1014582,6611799,613757,101069,322815,1,강원,0.84,1,0,2
36,5464324,64800456,8050411,497651,136003,0,2,세종,1.0,0,0,0
27,6868040,43301943,6807088,257495,110650,461496,1,전남,0.78,0,4103421,0
32,2552077,74194785,15734536,480295,81017,0,3,대구,0.93,0,3600980,1
19,2834210,59768047,39468688,422952,164986,0,2,제주,1.04,0,6750225,0
34,2128227,38596678,14791724,302264,98028,0,4,대전,0.98,0,0,1
20,4004506,39647879,10252048,428568,127878,246199,1,강원,0.84,0,0,0
33,5885015,34115695,5782769,376901,66112,175100,2,세종,1.0,0,7726495,0
22,3039219,70295033,1481271,351053,134995,0,2,경북,0.82,1,0,0
37,3012202,22200206,5605033,437818,53422,0,1,울산,0.94,0,3183920,0
25,2126703,27277643,10286597,180000,178258,0,1,대구,0.93,0,4457272,0
22,3060769,45758177,12983790,554197,143665,0,3,서울,1.35,0,0,0
26,5522772,51805314,19644712,519019,102407,0,1,광주,0.91,0,772075,0
19,2567466,49852410,15893759,332423,128039,0,1,경북,0.82,0,0,0
22,1397252,37160315,8310975,363632,75341,98229,1,서울,1.35,0,0,1
31,2612578,52576776,18665198,361442,101840,0,1,경남,0.86,0,0,0
25,2705159,40552861,6896148,448277,134553,0,2,강원,0.84,0,187247,0
26,1393730,83047512,16913271,438641,133817,596880,1,인천,1.08,0,20569394,2
35,3370017,21155582,5644493,415165,111289,114522,1,대전,0.98,0,0,0
21,3791355,49966670,18159000,303679,119525,0,2,강원,0.84,0,0,0
27,6786229,25728830,9014443,529058,149383,0,1,대전,0.98,0,0,0
22,1719820,28799108,53393898,338751,140606,0,1,경기,1.15,0,0,1
29,1692250,90761825,8547317,468116,43389,229630,1,충남,0.87,1,7201637,1
25,4622248,85698673,4570812,364960,108868,0,2,충남,0.87,0,0,0
19,3813619,70279975,10387056,659116,114413,0,3,인천,1.08,0,0,0
20,1978258,17054773,6941597,359782,66693,0,1,대구,0.93,0,0,0
36,1929427,23288783,1287044,284961,73507,531374,1,대구,0.93,0,5353663,0
20,3180175,7394476,43395942,418670,161544,235802,1,충남,0.87,0,0,0
35,3170591,81157650,20325350,407970,82190,169499,1,전북,0.8,0,7193175,0
38,2397880,24896788,15543603,405180,92780,0,1,전북,0.8,0,0,0
28,5315066,22653502,11645933,498677,80931,0,1,경남,0.86,0,1324743,0
25,2567207,17638046,4520608,223668,121625,743231,1,전남,0.78,0,0,0
35,1351007,25080024,2465800,349976,121337,599152,1,대전,0.98,0,5013763,2
39,2769861,19146836,17809573,688381,183145,262786,1,경기,1.15,0,0,1
21,3749637,18753795,14674190,438048,90142,168641,2,충북,0.86,0,938775,0
39,3533133,44306842,10927980,324109,127246,0,1,경남,0.86,0,2117290,0
38,3521395,23730397,70992675,180000,46841,145925,1,제주,1.04,0,0,0
21,5798254,13360906,1348538,309135,62802,0,1,부산,1.02,0,8765297,0
20,1888498,67144993,13348499,285152,157063,0,2,대구,0.93,0,0,1
34,2541989,15013535,1925999,555461,158378,0,1,서울,1.35,0,2774482,0
20,5926980,24680979,13068852,526625,129296,117017,1,인천,1.08,0,1853918,0
31,1308892,29940689,9235619,194713,147909,287448,1,강원,0.84,0,0,2
20,2980386,13610626,2752803,318865,70831,0,1,강원,0.84,0,0,0
33,5173646,58597455,6107736,246748,167863,0,3,광주,0.91,0,0,0
23,5140594,65252269,12430709,382583,75340,37619,1,대전,0.98,0,0,0
21,4051113,6461518,11068000,688513,119386,184791,1,경북,0.82,0,3724932,0
20,4095466,16802983,8251265,588323,207697,0,2,울산,0.94,0,0,0
22,1949361,12662687,32557034,388682,76289,0,1,전남,0.78,0,0,0
30,5504730,23025931,34625138,359433,160076,0,1,제주,1.04,0,0,0
20,1820507,26103745,4770183,307106,145383,0,1,대전,0.98,0,0,0
35,1867805,14981276,4792624,459551,93763,0,1,부산,1.02,0,2713952,1
31,3603579,31718106,7798595,265826,186031,0,1,제주,1.04,0,0,0
25,2467352,86106641,17195473,462465,77012,0,2,충북,0.86,0,9554177,0
39,1810377,76175542,10393965,392671,109178,284493,2,대구,0.93,1,0,2
32,3670660,36205786,15414436,374278,131374,0,2,충북,0.86,0,0,0
33,6551728,9196415,34149180,187279,108655,68538,1,세종,1.0,0,8439624,0
22,3675331,48729715,5661786,401300,217717,0,1,경남,0.86,0,0,0
33,2337710,23985640,1876655,401638,66426,0,1,대구,0.93,0,0,0
30,4079732,62066933,23901693,319019,169508,0,3,제주,1.04,0,0,0
39,2132910,60754003,5585413,425007,29738,331034,2,경남,0.86,0,0,1
29,1706036,25113663,22233876,387804,25000,0,1,부산,1.02,1,0,0
33,3135948,31771687,20739106,512127,115613,0,1,인천,1.08,0,5366458,0
26,3623265,14083524,31052276,425484,134277,0,2,강원,0.84,0,4407968,0
19,1418302,5118256,27842107,440716,171853,0,2,서울,1.35,0,11481329,2
21,1158726,25617795,16016056,447819,167853,0,2,대전,0.98,0,0,2
37,1599241,50395972,14588214,428900,117679,376614,1,울산,0.94,0,0,2
34,6461252,32318710,58315258,557559,130323,268095,1,제주,1.04,0,0,0
26,1861598,25129585,18802569,570370,121384,0,1,제주,1.04,0,0,1
33,2061926,45328369,13218352,438104,167168,99067,1,인천,1.08,1,3166602,1
19,2314332,22757475,8323840,332577,65680,0,3,경남,0.86,0,0,1
19,1497990,30517895,26379099,515857,92033,0,1,경기,1.15,1,2411597,2
29,1531766,23515311,40144441,180000,137565,302229,1,전북,0.8,1,0,2
32,6184006,28092123,21704155,217063,144887,442913,1,경북,0.82,0,0,0
38,3921519,21268337,37980693,276468,156022,0,1,경남,0.86,0,0,0
34,3599179,21752893,28524830,180000,109972,0,1,부산,1.02,0,0,0
24,5326647,83720983,3121301,265290,91486,0,1,경남,0.86,0,11868195,0
36,1455637,19075299,82782746,354915,139933,0,2,경기,1.15,1,2447594,2
29,4828467,91718969,19549526,808825,73613,0,1,세종,1.0,0,0,0
36,1939969,42451365,53230230,264351,169000,124503,1,울산,0.94,1,0,1
22,4471833,5006204,43097777,476464,93958,0,1,대전,0.98,0,19453542,0
19,2853323,49727251,4060810,600856,110016,0,1,서울,1.35,0,0,0
20,2527160,6719829,12397171,404920,133455,0,1,전남,0.78,0,0,0
39,2098279,61836483,8243995,300446,86140,0,2,대전,0.98,0,0,0
20,2155566,36151171,6274879,189573,68914,172422,1,충남,0.87,0,7084334,0
38,2056131,39633772,19638124,580258,150367,0,3,광주,0.91,0,0,2
34,3571144,42259128,28904394,199003,73513,317001,1,광주,0.91,0,0,0
22,2764769,34191205,4014916,597664,118014,63291,1,경남,0.86,0,0,0
37,3671659,33698888,4606709,482583,116053,0,1,경기,1.15,0,9478928,0
22,3761925,92268676,13949217,240633,41122,0,1,전북,0.8,0,0,0
22,1933722,68817478,22458107,268107,70964,270926,2,전북,0.8,0,0,1
31,1908927,51994479,32754626,588311,122432,0,1,광주,0.91,0,3605437,1
25,2764383,20271171,50424754,257080,153615,0,1,대구,0.93,0,0,0
25,2185489,18547239,66821837,469320,93025,278422,1,서울,1.35,0,0,1
23,2088747,34056463,20806348,500487,77911,0,2,경남,0.86,0,858473,1
31,6323589,21086342,28837004,503733,134978,0,1,제주,1.04,0,13150133,0
19,1577433,22267239,32041118,663090,138524,0,2,대구,0.93,0,6194958,2
24,7279479,48958215,5738132,782061,152391,20201,1,서울,1.35,0,0,0
30,3453397,73387605,16123902,386193,121488,0,2,인천,1.08,0,0,0
29,4660972,39055177,50611235,630308,96733,150833,1,경기,1.15,0,0,0
33,4430554,35564016,5843182,180000,135469,0,1,경북,0.82,0,0,0
23,3976627,4729010,2597411,503766,105983,150600,3,경남,0.86,0,0,0
32,6232199,55531392,7947535,405709,137245,81785,1,인천,1.08,0,0,0
34,1914971,60378428,7660121,443386,89442,5749,1,전북,0.8,0,11752755,0
27,2851653,62576507,17885358,714071,105092,111076,1,부산,1.02,0,16846349,1
24,2113652,134214900,24948639,180000,128759,0,1,광주,0.91,0,0,0
30,1470831,19979798,30331969,477229,36921,0,1,충북,0.86,0,0,1
31,2295172,82381673,19825897,455714,154456,95215,1,전북,0.8,0,0,0
20,6823258,72202125,38083031,409792,106277,0,2,경북,0.82,0,0,0
30,2830776,35902965,12396321,481101,25000,0,2,서울,1.35,0,0,0
22,7156731,6780655,9096279,451853,118355,0,1,부산,1.02,0,0,0
30,7478612,71848656,4959503,298657,95295,0,1,대구,0.93,0,5100853,0
38,9000000,90765709,15842539,491718,75079,0,2,대전,0.98,0,0,0
30,6920608,14560370,8460408,298335,181402,0,1,제주,1.04,0,0,0
34,8407619,53121858,29330967,257705,136455,0,1,전남,0.78,0,10152239,0
25,3507711,30521540,3940360,538965,106032,396536,1,대전,0.98,0,3717722,0
38,3364646,42520325,46148539,311427,114786,319111,1,제주,1.04,0,2538509,0
36,1340363,14734832,6960871,404670,121348,0,1,세종,1.0,1,0,1
38,3050082,77683642,40172991,279326,55007,0,2,세종,1.0,0,0,0
34,3252737,23456987,8981938,461185,202689,197142,3,울산,0.94,0,0,0
32,4214707,107294496,33500353,432067,115317,0,1,인천,1.08,0,0,0
30,2496376,27263589,15233275,279397,172217,0,1,경남,0.86,0,3050508,0
38,1686682,23144471,40375245,480719,90017,0,1,서울,1.35,0,1110031,1
36,3566190,29488212,2067755,525427,134296,212013,1,인천,1.08,0,0,0
27,2264232,27663940,13451814,313672,71017,778937,2,부산,1.02,0,7151575,1
20,1110718,23945521,39105423,364642,25000,0,1,대구,0.93,1,0,2
19,1766049,65202994,16819751,483487,145412,0,3,인천,1.08,1,697998,2
23,2598982,23738650,12005750,635167,126523,0,1,서울,1.35,0,27741924,1
20,2298738,73014668,3253393,331781,90581,0,1,충남,0.87,1,2881215,0
23,1418192,64078695,7929810,557006,25000,0,1,제주,1.04,1,561086,1
21,5023540,57980532,50686986,551249,97290,0,1,인천,1.08,0,2168500,0
39,3332519,56392230,25332881,504923,121136,225915,2,대전,0.98,0,0,0
21,2936076,10733853,31730513,444384,74294,0,1,세종,1.0,0,0,0
32,3264728,56847416,10706509,193432,113536,0,1,경남,0.86,0,0,0
26,1750219,65226356,10030099,618052,86925,0,1,충남,0.87,0,9694367,1
22,3527237,76219953,24604020,332685,65101,0,1,전남,0.78,0,0,0
33,4394233,15240261,32240339,382088,103499,0,2,강원,0.84,0,6135920,0
39,4670225,76291393,9814103,329938,34736,0,1,울산,0.94,0,0,0
35,1705241,11343554,26906319,404663,129990,198435,1,부산,1.02,0,0,1
39,1587214,53140236,18450627,513251,111482,211762,1,경북,0.82,0,1341883,1
31,2421312,45755063,2640403,467772,128332,0,1,전남,0.78,0,0,0
33,2876812,21354104,28959343,543246,159201,339560,1,서울,1.35,1,0,0
22,3354025,31157119,13436187,559394,98756,0,1,전북,0.8,0,0,0
36,2185889,37725512,4857452,395991,25000,0,1,경기,1.15,0,0,0
34,1632933,49286646,23549263,180000,98614,0,1,전북,0.8,0,12980051,0
24,2272831,30156200,4838587,180000,67964,0,1,경북,0.82,0,0,0
26,1373936,39789751,9920801,598053,163904,680243,2,인천,1.08,1,0,2
31,4560614,25354106,102146134,180000,97702,0,1,울산,0.94,0,0,0
19,4713994,125463222,9265730,472899,143207,0,1,인천,1.08,0,0,0
36,1941933,47926754,10762468,524244,159615,0,1,강원,0.84,0,0,1
24,4216490,19637624,2762731,443884,82750,0,1,경남,0.86,0,0,0
20,4034842,18579829,79180739,245767,117943,0,2,경기,1.15,0,0,0
25,1836532,52085465,45001163,570464,111393,0,1,광주,0.91,0,8577936,2
36,2942029,178000349,1189580,447493,190099,0,1,제주,1.04,0,0,0
24,3531399,69252760,95968067,288957,155874,0,2,대전,0.98,0,6607556,0
30,3271776,32117216,65609580,299832,76512,0,2,인천,1.08,0,0,0
36,1461713,17116463,19650809,285982,90627,489694,2,세종,1.0,0,5164225,2
19,3226991,13660393,7288413,488708,95763,0,1,세종,1.0,0,7305227,0
34,4009776,27611680,40284736,180000,80711,100035,1,충남,0.87,0,20890273,0
25,6015666,4813159,30912234,396833,100483,0,1,대전,0.98,0,0,0
33,2287733,31565888,78501356,569377,94331,1038921,1,제주,1.04,0,0,2
22,2412339,46648251,70041699,452349,113272,336126,1,세종,1.0,0,0,1
21,2788012,20999962,15894959,437481,106428,0,2,대구,0.93,0,0,0
35,3456873,66241960,20814055,305145,153260,166833,1,제주,1.04,0,0,0
35,3179930,26333312,5731615,386261,82258,0,1,경남,0.86,0,0,0
39,3955053,17534254,7507811,349769,53579,215982,1,세종,1.0,0,17643042,0
33,1880074,23236555,20323568,794650,102436,1198520,1,서울,1.35,0,18098200,2
28,3617520,15994639,25123765,297508,87457,0,1,충북,0.86,0,1920051,0
23,2216632,5699276,62714893,182078,160046,0,2,강원,0.84,0,11081518,0
25,2867693,11719214,8380209,463963,143349,688415,1,인천,1.08,0,6101720,0
32,6357196,10521649,13592241,275561,154345,0,2,충북,0.86,0,0,0
26,1671794,4759334,28531400,368710,141730,338026,1,경북,0.82,0,2961298,1
29,2704645,22895402,22611757,747932,46269,0,1,경기,1.15,0,0,1
22,1763048,16928143,21836068,339846,77761,0,1,전북,0.8,0,0,0
28,3257503,111052385,19889249,349213,61308,470804,2,인천,1.08,0,0,0
23,4786894,11739698,3811406,348188,162449,0,1,전북,0.8,0,11947216,0
21,3280820,19405821,42381297,198181,140081,0,1,울산,0.94,0,3292474,0
21,2900705,33185426,37570546,958551,133640,0,1,서울,1.35,0,0,1
29,5399760,60506494,10565300,713959,92974,14260,2,제주,1.04,0,1798507,0
26,3515767,75651101,15377012,649807,97807,0,1,인천,1.08,0,0,0
21,4338614,33519472,7856531,492285,78816,0,2,충북,0.86,0,0,0
29,4148315,30562726,31337725,403785,135185,0,3,부산,1.02,0,0,0
22,885466,14820315,2279592,380964,112549,125260,2,경남,0.86,0,0,2
19,2951088,30234202,6994228,334358,131883,438652,1,전북,0.8,0,2388689,0
21,1918550,70083505,9796006,670823,121811,0,1,전남,0.78,0,0,1
28,2135147,33042869,11980425,395493,139574,477437,4,울산,0.94,0,0,2
39,5750079,48656072,5791607,355802,128759,146022,1,울산,0.94,0,0,0
24,2596009,53246637,15536375,363675,147493,0,1,충북,0.86,0,7784858,0
24,6882252,36945778,2109881,432805,133051,0,1,전남,0.78,0,0,0
24,1665017,42229710,25587445,180000,90041,0,2,경북,0.82,0,0,1
26,1913938,37433793,77508509,555834,136824,0,1,서울,1.35,0,2978663,2
34,2493589,17103381,19948707,180000,119965,0,1,충남,0.87,1,0,0
25,2633600,31882940,7173305,727036,108632,0,1,경기,1.15,0,3932064,1
32,3480905,39645620,26879408,180000,109856,147911,2,대구,0.93,0,12634032,0
37,2906210,101484824,10603130,258945,143279,70503,1,경북,0.82,0,0,0
38,2868628,21761208,21300653,180000,129392,299516,2,대구,0.93,0,9016496,0
30,2675992,38970559,14613061,584868,139732,0,2,전남,0.78,0,0,0
33,3294728,27027355,32085516,385596,112087,0,3,울산,0.94,0,0,0
38,4019052,90507776,23047998,740807,152684,223275,2,부산,1.02,0,0,0
35,6106435,72212174,11683458,709106,138633,1094023,1,대전,0.98,0,1984453,0
25,2795640,32491680,6953909,551631,80262,0,1,강원,0.84,0,0,0
21,2575071,515531,10661504,180000,94630,0,1,전남,0.78,0,0,0
21,2436306,65387265,32493524,371301,79180,0,4,충북,0.86,0,0,1
37,5738218,15122262,11424663,569217,71138,163230,1,경남,0.86,0,0,0
30,4104079,7031124,21961337,400558,201828,0,1,경북,0.82,0,0,0
25,1347913,56506868,22606446,287640,165984,0,2,전북,0.8,0,3802481,2
26,1322600,41688864,12806659,429886,149369,222679,1,충북,0.86,0,0,2
24,2134466,37826087,12890017,475627,126175,0,2,대구,0.93,0,0,1
35,1942594,20395677,15508308,216010,91708,512125,1,울산,0.94,1,0,0
31,3006418,9654031,3381370,425326,74973,0,1,인천,1.08,0,0,0
37,3805686,6493094,22698942,477286,102678,0,1,광주,0.91,0,0,0
25,2828371,38033071,9356862,506336,83709,0,1,경남,0.86,0,0,0
28,5562411,9885606,19393801,441688,135665,0,1,울산,0.94,0,3159038,0
21,4250980,42943587,11412121,466035,120622,0,2,경기,1.15,0,0,0
39,3153458,14199471,43053500,309794,139110,0,1,충남,0.87,0,0,0
29,4991006,34521548,29350426,337071,121364,0,1,제주,1.04,0,0,0
30,1500971,14928864,715262,370136,48868,0,2,경북,0.82,0,6163764,1
27,2940441,54055272,14350388,527464,104426,218667,2,대구,0.93,0,0,0
24,3235786,36424131,32289087,714714,124245,0,1,울산,0.94,0,0,0
38,3951192,44523827,69130399,180000,118101,0,3,강원,0.84,0,0,0
29,1458809,16291434,4207564,600960,91048,86314,1,대구,0.93,0,4400261,2
33,2726903,12315849,899865,487249,93309,0,1,대구,0.93,0,7595120,0
19,3623135,37866356,10139063,203697,87183,0,1,대구,0.93,0,0,0
24,3744624,16080091,10053609,458520,54431,0,2,제주,1.04,0,2364402,0
35,5079320,33278396,22423847,313311,106582,0,1,전북,0.8,0,10986614,0
20,4231637,27226059,4889991,376869,135310,0,1,경북,0.82,0,12865392,0
21,2971235,25715688,7941281,494550,90509,0,2,전남,0.78,0,781157,0
36,4077077,72189829,11677211,735557,69411,22461,1,제주,1.04,0,26525023,0
25,2797022,26705892,24299932,674025,150103,0,1,경기,1.15,0,838699,1
24,3248698,10424115,22020481,376694,155736,0,2,경북,0.82,0,0,0
30,4292660,51120755,9900937,567396,99883,0,1,경기,1.15,0,0,0
23,2991163,44033209,21251571,714531,79174,0,1,세종,1.0,0,0,0
19,3563692,14481453,965985,259632,103850,0,1,충북,0.86,0,1477995,0
19,4611275,12099559,47272080,515018,119850,0,3,광주,0.91,0,0,0
20,4142802,36237931,7518113,339937,98028,0,1,인천,1.08,0,14665689,0
22,3160350,8082525,41114140,203567,57491,0,1,부산,1.02,1,0,0
33,8300986,41451778,7875406,457220,141663,0,1,경북,0.82,0,0,0
25,4126380,77596542,27196515,190586,120037,71500,1,대전,0.98,0,0,0
20,2501238,44802018,12742796,385907,165770,0,4,대전,0.98,0,2376440,1
19,3800853,79887959,28003597,542120,110401,40210,1,경남,0.86,0,8316879,0
29,3731213,30720615,41397513,313849,165291,0,1,인천,1.08,0,0,0
36,3970735,38015607,41442940,576312,100995,81011,1,경남,0.86,0,18375448,0
26,5800816,33374948,20927026,180000,87770,0,1,경남,0.86,0,2133842,0
20,1478420,39427062,1650843,542370,91412,0,1,충북,0.86,0,2458050,1
23,5847954,37633698,6713432,309330,177609,0,4,인천,1.08,0,0,0
29,6758634,17295344,53785145,389932,107194,0,1,인천,1.08,0,4460031,0
22,3893903,26752762,13637880,443041,165816,0,1,대구,0.93,0,6447342,0
39,3934405,71379302,11522574,337101,92331,444602,1,강원,0.84,0,0,0
35,1616708,16372987,31237766,419766,65299,536046,1,인천,1.08,1,0,2
26,3058305,33218021,23979081,205177,135143,0,1,울산,0.94,0,0,0
38,4117561,50766243,80643993,594427,92851,0,1,경기,1.15,0,2897479,0
25,4005102,39828865,13779880,205350,119108,0,1,강원,0.84,0,0,0
21,4158052,5657159,19418596,435343,126735,0,2,서울,1.35,0,0,0
38,3993265,17042608,29780934,312246,114118,84319,2,전북,0.8,0,6743165,0
39,4488189,70798415,40499246,471579,177400,0,1,서울,1.35,0,8562087,0
25,4277636,60613031,4637707,584725,121270,0,3,부산,1.02,0,0,0
31,1963388,33684241,15819898,408674,117945,0,1,인천,1.08,0,1978980,0
22,4362376,34935713,60447655,282480,95623,162174,1,경북,0.82,0,0,0
32,6782419,16563909,10600273,631936,138527,220488,2,서울,1.35,0,0,0
33,3015278,14779927,13240338,550754,126290,205926,1,울산,0.94,0,154063,0
33,5811961,8209728,52531496,243658,94869,171736,1,충북,0.86,0,4171914,0
30,2055881,11833939,60149108,180000,144976,0,2,세종,1.0,0,845875,1
33,3011215,42973769,39129146,233081,101978,0,1,충남,0.87,0,6718677,0
30,2315078,29996390,9712741,503625,127466,0,2,전남,0.78,0,0,0
36,5519055,43027016,8294947,460587,63605,0,1,광주,0.91,0,2622147,0
22,6175232,29657200,29832079,284680,140016,52066,2,경북,0.82,0,3146132,0
29,2922640,13142262,50587478,382853,86428,199014,1,대전,0.98,0,0,0
27,2898401,39570734,16789464,424398,136520,282558,1,제주,1.04,1,3515994,0
30,6202243,71978176,23889165,535727,156830,1368841,1,세종,1.0,0,0,0
21,3007131,9618931,6735452,410109,121951,0,2,전북,0.8,0,3276234,0
25,3225006,26372397,2817329,342961,148381,430196,1,경북,0.82,0,15847074,0
39,4181191,62533777,2961167,485450,69416,507386,2,전남,0.78,0,0,0
21,2123043,59831265,13392436,521502,105145,0,1,경북,0.82,0,0,1
32,3197866,45804774,6352135,259890,85808,0,1,강원,0.84,0,0,0
32,7664046,15848712,30322132,461310,96572,439416,1,서울,1.35,0,3581041,0
28,2459937,5064586,9057700,778736,56768,475519,1,세종,1.0,0,0,1
19,2780296,20556967,44089478,488969,115258,0,3,부산,1.02,1,0,0
19,3820485,23511027,10071066,612439,141845,1094995,1,경남,0.86,0,0,0
24,2842609,59889775,12457988,536391,154779,0,1,대구,0.93,0,0,0
21,3355005,18914010,50890948,454908,75460,0,1,부산,1.02,0,0,0
20,6480309,9322641,19325975,180000,93669,0,1,대구,0.93,0,0,0
22,1869455,13555381,19587145,206045,82994,0,1,충북,0.86,1,0,0
23,4138625,39612983,11529082,462994,80161,0,2,강원,0.84,0,11241494,0
36,6070933,39705691,19720479,333110,102498,426220,1,제주,1.04,0,0,0
32,1134999,29554956,5118991,413083,111370,0,1,울산,0.94,1,9180024,2
19,1944429,61003697,34604900,501168,100306,0,1,대구,0.93,0,7587330,1
32,6524282,4954860,13349645,630117,70960,0,1,서울,1.35,0,5513998,0
21,3234408,53129241,5847708,678394,153617,631832,1,서울,1.35,0,11098776,0
27,4478956,3342825,23385720,575318,116250,393717,1,광주,0.91,0,0,0
19,2197543,51057766,24634566,563063,122695,487560,1,경남,0.86,0,23478019,1
20,1340392,31129387,17315527,432961,127793,175712,2,세종,1.0,1,11246320,2
21,1903055,29554722,45806075,498313,130496,0,3,경남,0.86,0,0,2
28,3134751,33755449,10791496,392442,120672,0,3,경기,1.15,0,2917112,0
28,2308354,54588917,18326463,539962,86136,722930,2,경기,1.15,0,1881393,2
26,2091225,9784499,1266752,459659,161075,183886,1,경북,0.82,0,0,0
32,2677273,51664137,386403,525614,137646,270553,2,경기,1.15,0,0,0
34,1137671,59729924,28287225,556435,88280,0,1,서울,1.35,0,0,2
34,1852217,32994223,23709885,236272,79100,0,1,광주,0.91,0,0,0
31,4269854,18169697,16995827,370505,178567,0,1,경남,0.86,0,0,0
30,3541811,6504705,22761590,180000,103455,0,1,충남,0.87,0,13452684,0
29,1921760,152207146,41797159,451465,91586,0,3,경기,1.15,0,0,2
23,3860232,29968580,13017522,371412,89477,463611,2,경북,0.82,0,0,0
29,2090723,8766177,10610185,467969,123825,47711,1,경북,0.82,0,0,0
19,4160295,10437250,5091483,199144,90515,0,1,전남,0.78,0,0,0
39,2902048,32869691,19319482,417240,113587,62799,1,경남,0.86,0,4924653,0
26,2652065,54783837,37221785,450733,191286,0,1,대구,0.93,0,0,0
34,2932878,14686390,31529282,432222,57889,0,2,제주,1.04,0,0,0
39,9000000,28730419,68398731,404724,97351,84376,4,대전,0.98,0,4181677,0
29,2200879,50907025,14445123,378477,109306,0,1,전남,0.78,0,0,0
37,1583071,32984448,9820323,180000,46741,0,1,강원,0.84,1,4604226,0
29,4267935,32770990,11823850,222012,125257,0,1,전남,0.78,0,0,0
21,2016380,6573140,28030682,645820,140255,346389,1,충북,0.86,0,7894646,1
19,1536659,8171756,22375301,454726,60325,0,1,충북,0.86,0,5231210,1
21,2355303,9325678,8499843,308534,106071,96945,1,충북,0.86,0,1312931,0
38,2079753,36092651,16807406,387522,113569,0,1,전남,0.78,1,0,0
28,1354132,30411256,7050764,459996,127715,0,1,전북,0.8,1,0,2
25,2761478,31732975,28275400,667583,207173,183233,1,인천,1.08,0,3909571,1
28,4512145,64756578,1800496,329781,82095,0,2,경북,0.82,0,0,0
24,2156344,15370884,2770722,309627,127289,0,1,강원,0.84,0,0,0
37,2935791,16802924,4312052,386073,107098,223079,2,대전,0.98,0,11506154,0
39,1590725,55842695,6777290,381341,101564,0,1,세종,1.0,0,4822918,1
20,3501008,32364625,25157342,364356,113447,0,1,제주,1.04,0,0,0
34,3366352,51384861,26197273,366162,122417,178314,1,경북,0.82,0,7184007,0
26,4294015,33191415,13790685,305114,108377,0,1,경북,0.82,0,0,0
19,1863919,16875571,4087448,426470,120318,0,1,울산,0.94,0,34377454,1
38,2808442,29368916,29272449,569605,104346,118893,1,전남,0.78,0,0,0
20,1760151,13781330,14173537,274289,77225,177080,1,광주,0.91,0,0,0
23,2743723,67977526,37922309,389904,138034,0,4,충남,0.87,0,0,1
19,5767914,112255857,15882615,223893,144856,0,1,충북,0.86,0,0,0
28,2657054,44377405,2590881,557842,144804,121306,1,대구,0.93,0,7939956,0
31,1695192,26661509,7422358,575545,134062,0,2,대구,0.93,0,3953468,2
25,2276851,15749744,2585162,418970,88144,131272,1,경기,1.15,0,0,0
20,800000,36658810,843573,412224,80388,579111,1,인천,1.08,1,0,2
21,1747103,6664877,11229156,512717,142738,0,2,울산,0.94,0,0,1
38,4070094,45616915,18705540,401145,69854,110680,1,세종,1.0,0,0,0
35,1637613,20657218,26361215,654102,89771,0,1,인천,1.08,0,0,2
38,3488399,8043290,31446747,226093,185795,0,1,울산,0.94,0,0,0
30,1573441,86546509,8937932,534407,126695,282027,1,충북,0.86,1,0,2
30,2426827,50902114,4591589,773660,118020,0,2,부산,1.02,0,6594001,1
35,3363231,15447665,18043973,482857,46742,0,1,대전,0.98,0,0,0
31,2037956,61219960,9534789,325511,86530,0,1,광주,0.91,0,0,0
28,4378493,16186938,30794332,312741,141261,0,1,세종,1.0,0,0,0
25,2258849,54504592,9938316,388932,58104,0,1,광주,0.91,0,7691262,0
29,2583135,27861179,19583988,433976,121694,0,1,전북,0.8,0,0,0
20,2454298,26938960,29142592,209424,63185,0,1,대전,0.98,0,0,0
23,2053456,28776392,44438935,324433,88844,0,2,울산,0.94,1,0,1
34,3854543,29517380,2684375,440905,54950,0,1,광주,0.91,0,0,0
37,987884,19117761,4079691,682276,115769,0,2,부산,1.02,0,0,2
21,3402349,80611109,16814598,631645,49618,0,1,충남,0.87,0,0,0
21,1440466,41231730,27479559,372618,107528,256457,1,대구,0.93,0,0,2
20,2633657,7816169,23428286,271143,133917,196706,1,대전,0.98,0,0,0
35,2911379,22417223,5840955,375590,114155,0,2,전남,0.78,0,0,0
25,2621526,81683036,28988131,463275,129149,0,1,제주,1.04,0,9767034,0
25,3782911,6688504,17943705,538523,117044,0,1,충남,0.87,0,0,0
19,4156920,40121426,9331361,328439,105738,0,2,경남,0.86,0,0,0
39,2187045,15415163,36926161,189110,105644,583267,1,경북,0.82,0,716822,0
28,2153144,17100622,29361173,418514,122256,0,1,세종,1.0,0,0,0
35,3003189,35884349,31424086,267264,68947,555566,1,전남,0.78,0,7875422,0
33,1570410,43665729,19035521,378744,97701,0,1,대전,0.98,0,0,1
21,2484425,29522420,24890258,282266,181871,0,1,울산,0.94,0,0,0
35,5445639,84549918,19854532,191560,125446,0,1,강원,0.84,0,0,0
30,1595891,50683438,2586574,566801,156600,0,2,제주,1.04,0,13396212,2
31,2635021,70478145,14019175,397209,119953,800778,1,경북,0.82,0,5678335,0
23,2364230,24528658,22492949,323284,86383,0,1,세종,1.0,0,0,0
36,7223985,56207929,30665549,467460,98478,0,4,충남,0.87,0,7772850,0
38,2420227,70166371,7716065,217531,51460,184201,1,부산,1.02,0,9774799,0
27,2481400,36199530,14163960,287442,155265,109696,1,전남,0.78,0,0,0
20,1957979,34000649,36153422,362412,139820,0,1,강원,0.84,0,0,1
36,3062250,52045969,11502383,524805,79205,110046,1,강원,0.84,0,0,0
37,3425726,46043228,2492004,287370,133909,0,1,전남,0.78,0,117542,0
29,2083896,39035814,25038257,513380,132530,189280,3,충북,0.86,0,0,2
31,2789776,54511119,22391620,414451,118003,0,2,경기,1.15,1,0,0
23,3427047,24129684,2023347,544558,127125,158936,1,대구,0.93,0,6787274,0
20,1775998,74946354,15136667,680760,132391,0,1,부산,1.02,1,0,2
38,2648632,17397768,14066425,217095,121060,144005,2,전북,0.8,0,0,0
29,3386208,48863516,18576841,623363,124990,732287,1,서울,1.35,0,0,0
24,2782946,71891085,18956202,520158,115442,253464,2,부산,1.02,0,11360337,0
33,5708434,19023166,17404093,206638,89065,0,1,충북,0.86,0,0,0
19,3206356,19283335,18627667,435619,140933,483892,1,충남,0.87,0,0,0
20,3061502,76037942,15701889,366841,181350,0,2,세종,1.0,0,4568641,0
24,2504521,46116786,25770790,227796,68842,0,1,경북,0.82,0,0,0
28,2443123,50730194,26268930,302395,110123,436927,1,경남,0.86,0,20701782,0
26,3378264,24197746,10564867,422668,90886,0,2,인천,1.08,0,2166102,0
22,4338654,21406433,52538353,507578,132145,0,1,제주,1.04,0,0,0
26,893399,25014281,7732456,390932,123848,43591,1,충북,0.86,1,28971832,2
26,3220610,22806645,18368603,684921,113634,96309,1,충북,0.86,0,0,0
30,3301360,26937010,26165144,423647,94600,0,1,경기,1.15,0,0,0
30,3558140,47209985,4456640,460598,92366,0,1,충북,0.86,0,0,0
37,1463628,28028589,3124055,350349,80978,0,1,전북,0.8,0,0,1
35,2049317,13552161,8939256,207319,48225,488938,1,강원,0.84,0,0,0
25,1695247,70061864,32398873,700131,158320,162723,2,경기,1.15,0,0,2
37,3093434,26960372,568946,485174,135403,0,1,세종,1.0,0,0,0
29,2070361,22267790,10745186,280504,154080,0,1,경남,0.86,0,0,0
22,1031905,6450392,3827285,423474,95391,0,1,전북,0.8,1,8853075,2
26,1825038,35460582,36964354,584271,130911,0,2,인천,1.08,0,2174268,2
34,2564465,20998666,12616129,352756,83212,0,1,제주,1.04,0,4385410,0
36,1880950,17504278,23998659,454799,92943,0,2,제주,1.04,0,0,1
26,4225097,57129472,17325801,618592,185488,0,1,인천,1.08,0,2574183,0
22,3747952,91503556,24140730,347846,94099,0,1,전남,0.78,0,5455881,0
23,3253529,17057178,10520847,484628,143177,0,3,광주,0.91,0,127993,0
21,2678633,46551624,7894704,355131,117711,134471,2,충북,0.86,0,2996460,0
33,1269898,40802778,4422049,221943,61858,0,1,울산,0.94,0,0,1
29,2504559,35067861,16015448,305382,102451,0,1,전남,0.78,0,4877449,0
28,2198368,11150356,29409586,363118,126103,0,1,제주,1.04,0,0,0
33,3392169,41049823,4791218,343739,132001,358615,1,전남,0.78,0,0,0
36,1694797,60142484,13244690,307478,46374,91983,2,경남,0.86,1,6560431,1
35,3506904,120571931,51874457,423603,79092,189139,2,제주,1.04,0,0,0
21,5250105,2865458,14477472,469082,126167,0,1,경기,1.15,0,0,0
31,2388741,52527995,5121481,537588,77530,141464,1,대구,0.93,0,9930887,0
37,2346531,40907761,9726257,442580,150262,0,1,전북,0.8,0,0,0
35,4765628,33810548,9931290,262518,106742,0,1,충북,0.86,0,9831125,0
25,3275972,70744308,40841807,734705,136729,224530,2,서울,1.35,0,0,1
27,2742671,19400319,21541304,406239,160654,0,1,경기,1.15,0,0,0
37,6747322,95312645,2191336,314492,69489,0,1,세종,1.0,0,0,0
19,3910111,2393563,31552915,493033,125105,0,1,충북,0.86,0,0,0
30,2810065,26326415,8266534,413586,118476,187222,3,인천,1.08,0,0,0
21,2270921,56045710,5457570,511529,119540,0,1,인천,1.08,0,1644183,0
37,5395375,42320097,17303295,304329,105929,0,1,인천,1.08,0,0,0
19,3333925,14862006,7716961,332267,114054,0,1,강원,0.84,0,0,0
19,3082324,17636101,43702446,544631,25000,0,1,서울,1.35,0,28468513,0
25,4079361,41485028,16593995,313597,152026,217611,1,강원,0.84,0,0,0
23,4453006,13081418,12203310,379890,65233,0,1,세종,1.0,0,0,0
29,3863547,81635181,7256280,434996,172788,302318,1,울산,0.94,0,2104454,0
25,4460456,27264674,44798504,466397,75911,0,1,충남,0.87,0,0,0
26,3703331,25106711,42417886,270771,77253,0,2,세종,1.0,0,0,0
30,3871897,41313555,12404128,180000,121779,304973,1,전북,0.8,0,4418796,0
30,2226737,11528106,1518150,540754,117100,144779,1,전북,0.8,0,0,0
38,6643200,41344322,10370382,297698,124697,325113,1,경남,0.86,0,0,0
29,1794382,124047502,23161812,249852,119825,0,2,전남,0.78,0,0,1
30,3483975,28248481,6559629,385223,107081,0,2,세종,1.0,0,0,0
33,1716576,40308440,54576848,197892,99134,429712,2,세종,1.0,0,1113911,2
22,2923982,50479553,45895091,305766,130840,0,1,대구,0.93,0,0,0
33,2385683,82020941,8196528,352492,84712,59334,1,충북,0.86,0,0,0
37,3233343,42144777,7862628,552992,117935,0,1,인천,1.08,0,0,0
25,3532823,23646294,28853849,281212,49608,0,1,경남,0.86,0,0,0
22,2021658,54627387,20186542,180000,116930,0,1,경북,0.82,0,0,0
26,1277083,13861466,14125531,303043,117206,0,1,인천,1.08,1,0,1
24,5553462,74533333,27647680,470190,105726,298877,1,전남,0.78,0,4626984,0
31,1734757,64505469,5239051,418173,175017,492675,1,경기,1.15,0,0,2
37,2112556,62776171,11761459,429691,159920,0,1,전북,0.8,0,0,0
31,4416140,43034977,49268798,360427,147305,150963,1,경기,1.15,0,8611834,0
21,3153428,45478125,28197719,531796,143237,0,2,세종,1.0,0,0,0
25,3254824,46055788,28978107,373014,112839,0,1,충남,0.87,0,2063833,0
33,2773975,38729374,71604917,180000,118359,0,2,전북,0.8,1,0,0
25,2167755,17411310,21137122,247790,125824,287298,1,울산,0.94,0,0,0
31,2439584,49390944,19698814,180000,130008,0,2,경남,0.86,0,0,0
33,2313602,12707957,3852156,483234,109659,773376,2,전남,0.78,0,0,2
25,2625875,11062719,12279118,288592,131413,0,1,부산,1.02,0,23223862,0
32,2704083,85766437,23433346,319213,111401,549640,3,충남,0.87,1,0,1
27,1467672,11577446,20553202,330224,122356,188475,1,전북,0.8,0,5080215,1
21,835782,65307550,33987356,432792,143677,0,1,대전,0.98,1,0,2
26,1695365,10473771,14168711,289674,84636,0,2,전북,0.8,0,6578076,1
28,5572646,26964768,15017510,180000,113552,66743,1,경남,0.86,0,3228543,0
19,2341870,26740205,11543369,184058,109817,0,1,전남,0.78,0,0,0
37,2650298,11515580,1733266,231038,71962,20168,1,전북,0.8,0,0,0
30,1523254,47384935,4562295,180000,157608,0,1,충북,0.86,0,0,0
19,2724584,7162783,13329129,472705,81566,478964,1,대구,0.93,0,2546158,0
37,4427105,20050746,30247845,383412,157301,0,1,전남,0.78,0,14078030,0
36,3400468,16341284,16818416,254416,63036,0,1,광주,0.91,0,0,0
19,2911767,2323949,12718799,549290,56100,0,1,강원,0.84,0,0,0
22,1556190,52660543,15933574,419149,99796,0,1,대전,0.98,0,4834780,1
26,2648841,18695796,13486080,552085,125483,97551,1,대전,0.98,0,0,0
29,3248895,26037091,14668982,587409,127488,0,1,인천,1.08,0,0,0
34,891072,31179477,8669371,455950,158134,310055,1,제주,1.04,1,26190423,2
27,4042021,20769758,21981999,196273,86811,0,1,인천,1.08,0,0,0
31,4462553,13885428,44961981,490935,147711,1054439,2,경기,1.15,0,0,0
19,2429833,16524480,14898440,449938,50876,624607,2,경남,0.86,0,8896313,1
32,1741836,30790265,18504537,275247,74638,68681,1,강원,0.84,1,13150199,0
38,2909419,16716632,17396456,433937,101467,0,1,울산,0.94,0,0,0
30,4994868,23188844,20558613,337179,69089,0,2,전북,0.8,0,0,0
28,7314264,61898047,13329016,276347,129169,0,2,광주,0.91,0,0,0
25,1905731,16810364,2164523,490436,90975,461253,1,인천,1.08,0,0,1
39,4246181,43046549,5983234,297085,142707,70206,1,전북,0.8,0,5382247,0
19,5345614,41608630,16769996,529726,144161,0,1,인천,1.08,0,7684843,0
25,2009225,5051597,48200099,233209,84849,0,1,강원,0.84,0,0,0
21,2381760,42375132,8551021,378188,100553,0,2,제주,1.04,0,0,0
37,2370259,64145594,8852010,180000,105793,172993,1,경남,0.86,0,0,0
29,2880736,41071776,8880290,710474,157423,0,1,광주,0.91,0,0,0
38,2616675,25050382,2043737,302029,74174,176884,1,전남,0.78,0,0,0
32,2800728,12698915,13643264,228387,25840,724185,2,충북,0.86,0,21029289,0
30,4373119,44337771,1586994,548776,97177,0,1,세종,1.0,0,9652698,0
29,1349781,22557010,22303976,494918,81575,0,2,인천,1.08,0,12062778,1
23,2006451,22330744,23813379,461224,56414,0,1,광주,0.91,0,11515156,0
30,4068241,18651204,1117245,495303,107850,0,1,충남,0.87,0,6795023,0
33,3868378,32632608,93059537,478703,71813,36837,1,제주,1.04,0,0,0
39,1934731,35879255,4816087,482570,131524,0,1,서울,1.35,0,0,1
30,3879916,14466223,4903414,387452,65502,0,3,전북,0.8,0,0,0
38,5396197,47071467,56397392,180000,211404,0,1,경북,0.82,0,0,0
38,2986375,87475845,3361236,441679,149953,54628,1,제주,1.04,0,0,0
29,1977272,61014001,16712303,503927,85025,68463,1,울산,0.94,0,6102388,1
28,4443187,83957924,24801979,344583,86767,0,1,인천,1.08,0,0,0
21,6398420,16406732,11868585,718091,103808,0,1,대구,0.93,0,0,0
24,2083609,11096126,10450782,370068,133803,993053,2,경북,0.82,0,0,2
37,3101916,12242608,18588400,180000,92366,0,1,경북,0.82,0,17872549,0
21,4873969,20486335,35370588,439277,68263,3821,1,충북,0.86,0,0,0
27,3205108,24622179,19169690,774738,62973,0,1,인천,1.08,0,0,0
33,1438792,34411962,65091381,180000,113104,0,1,인천,1.08,0,0,1
24,3690682,9358694,3256342,560914,86639,0,1,세종,1.0,0,0,0
39,2002215,36662789,50696980,184454,118830,112079,1,충북,0.86,0,6007323,0
32,1766024,30091572,15624092,600645,45279,0,1,서울,1.35,0,0,1
19,1450938,31793851,50900018,180000,125678,0,1,충남,0.87,0,4149056,1
24,5088671,37333507,23057045,470826,97248,0,2,강원,0.84,0,0,0
34,2130200,36167323,8681682,576754,58298,87687,2,서울,1.35,0,0,1
37,3520053,63436418,23935446,656462,127977,785241,1,경기,1.15,0,0,0
38,3912169,50573266,1792685,299754,128130,0,1,울산,0.94,0,2301467,0
36,3269783,33859702,6896676,336387,79365,38176,1,전북,0.8,0,0,0
20,3464842,14139867,10536636,180000,130664,0,1,경북,0.82,0,0,0
34,3593017,31564652,15024315,766949,62871,0,1,울산,0.94,0,0,0
21,3236601,6340344,41266039,649601,31235,0,1,대전,0.98,0,0,0
20,2199594,47173334,10544102,765076,106935,0,2,제주,1.04,0,5919587,1
33,2116845,22929773,6910831,637021,79638,0,1,울산,0.94,0,0,1
29,2915378,13823813,6779659,369303,67952,324246,1,대전,0.98,0,0,0
32,2888944,12394259,18595512,404228,130652,0,1,울산,0.94,0,2418958,0
36,2007819,19274849,41577233,603163,127217,410247,1,서울,1.35,1,0,1
20,4898118,16972789,8818360,496160,168968,625797,1,대전,0.98,0,0,0
30,3536088,65688768,19904536,288269,126595,0,1,세종,1.0,0,21576858,0
36,2152138,25808138,9221059,233840,128267,0,1,경남,0.86,0,0,0
28,1193923,74735415,1870750,192314,77036,778440,2,전북,0.8,0,5455778,2
29,2191308,66820715,42541812,236697,32254,0,2,전남,0.78,0,0,0
29,902773,64867030,47021652,271670,177707,244643,1,강원,0.84,1,1714662,2
38,836131,49398771,22355367,441385,132546,0,3,경기,1.15,1,14807132,2
20,2066645,4735762,2684665,457051,166154,489896,1,광주,0.91,1,14225350,1
37,3162711,69378589,4144795,295065,71521,0,2,제주,1.04,0,7327924,0
36,6781226,15620330,24883741,476857,154928,0,1,서울,1.35,0,2846552,0
36,3754168,20182117,14691684,257781,118150,384788,1,경북,0.82,0,0,0
27,6931550,19753209,8542081,504937,146321,0,1,충남,0.87,0,3933991,0
29,4148105,17603168,13802008,440298,130775,0,1,대구,0.93,0,5374184,0
26,4864654,50384150,33538974,355240,99147,0,1,전남,0.78,0,0,0
24,2613822,44558773,19665599,225886,117870,0,1,경북,0.82,0,0,0
37,800000,30302330,14359727,615555,107342,0,1,서울,1.35,1,4239877,2
29,2514537,45234180,52660447,346431,144600,0,1,경기,1.15,0,0,0
34,3034473,38287845,45727641,231238,81284,129442,1,충남,0.87,0,8210871,0
21,2328055,25510358,31191731,485667,88293,0,3,제주,1.04,0,0,1
35,1983078,22767109,3919585,540506,114073,0,1,서울,1.35,0,0,1
32,3648740,19821375,11666483,374823,130668,0,3,충남,0.87,0,0,0
39,1979454,16894514,10716102,452947,115624,0,1,인천,1.08,0,2959888,1
21,1577340,48081711,7478910,237665,97688,0,1,충남,0.87,0,0,0
30,1882583,18876196,40567377,257273,145890,313796,1,충북,0.86,0,0,1
29,2757622,18953073,58493301,365259,135899,0,1,경기,1.15,0,0,0
30,1991815,15384206,9034738,342014,93063,393399,1,충남,0.87,0,0,0
20,2765062,31863792,10883434,180000,72436,279550,2,경남,0.86,0,11351442,0
28,3948488,40123752,3134582,281618,101892,0,1,경북,0.82,0,0,0
25,3904587,16225667,58287068,658512,97876,0,2,서울,1.35,0,0,0
31,2295582,33554913,33071721,439925,83434,0,1,대구,0.93,0,0,0
23,1740977,16367509,7337588,370700,136695,0,1,대구,0.93,0,12902270,1
28,2381245,50474440,8361999,268319,150135,801403,1,울산,0.94,0,7233322,0
32,4043331,39119369,24576156,479375,111682,0,3,인천,1.08,0,0,0
20,4470481,2518122,18377450,484795,107840,271293,1,경북,0.82,0,3002244,0
35,3549775,45107853,12705773,549801,81265,0,1,전남,0.78,0,0,0
34,2405851,37366406,26076252,251531,69945,96122,1,전남,0.78,1,1025581,0
20,6415382,11664340,26052259,292000,140291,0,1,부산,1.02,0,8895743,0
20,2477757,10189450,27163669,653359,75232,0,4,서울,1.35,0,3746343,2
36,3070094,53093194,8552124,438141,87240,0,2,경남,0.86,1,0,0
24,2726736,46324988,24310094,397182,87658,0,1,대구,0.93,0,0,0
37,4728824,42910408,17438807,293501,123982,0,4,충남,0.87,0,0,0
29,2219293,19999918,9231687,211813,102011,0,2,경남,0.86,1,0,0
26,1303439,12949941,15662778,698944,99764,0,1,서울,1.35,0,1509520,2
24,2013076,12470747,10627066,737467,167274,136831,1,서울,1.35,0,9976945,2
32,1803966,22261763,25058596,543304,176758,0,1,서울,1.35,0,383838,1
21,1417453,54120396,32624775,683061,127396,127214,1,인천,1.08,0,0,2
27,4451526,6244367,6850634,654744,124729,0,1,서울,1.35,0,0,0
26,7423967,27512076,8673973,328235,89542,0,1,전남,0.78,0,0,0
22,2730111,19166777,27178583,198309,108276,15595,3,충북,0.86,0,0,0
26,4403629,35780860,13419259,236424,70708,1241576,4,제주,1.04,0,11999902,0
30,3583439,13205240,13007088,275373,141766,0,1,전남,0.78,1,0,0
33,3335839,29976736,6801011,527020,108272,0,1,제주,1.04,0,0,0
20,3016982,45633696,5493978,742794,86395,0,1,대구,0.93,0,0,0
37,1359368,34192423,9951407,429304,98856,313405,1,대구,0.93,1,0,2
37,3843148,27370614,11253480,446224,132761,0,1,경북,0.82,0,2346787,0
33,4442690,18105373,20609412,290385,101483,0,1,대구,0.93,0,11145503,0
38,3719978,68501919,63396614,554894,92142,232502,1,서울,1.35,0,0,0
27,3665449,9402049,5071234,410806,36012,0,1,충남,0.87,0,0,0
36,2983581,77858770,2525502,234668,104432,883618,1,전남,0.78,0,6366761,0
34,1537521,36304237,2934081,664467,126025,311081,1,제주,1.04,0,0,2
30,4486889,28030404,15704837,359405,91756,0,2,경남,0.86,0,0,0
22,1755498,53360589,24136459,615792,85969,26177,1,인천,1.08,0,0,0
30,3980779,58000325,6645914,356604,67774,248916,1,전남,0.78,0,0,0
37,4221153,36122739,14160867,316588,94875,170203,1,경북,0.82,0,11503130,0
39,1867790,42689289,29522163,253240,70142,43718,1,충남,0.87,0,0,0
28,2348524,10145123,9955709,302377,67934,0,1,전남,0.78,0,7076361,0
24,7594131,21249414,9660226,566712,91273,0,1,경북,0.82,0,0,0
34,2947520,20720842,4548411,312747,176610,0,1,울산,0.94,0,14282229,0
20,1804800,64321404,28848011,675412,201430,0,1,서울,1.35,0,0,2
22,4303892,60005644,7315583,387354,151897,0,1,울산,0.94,0,0,0
30,2187789,14888374,26234976,514382,134991,439439,1,부산,1.02,0,0,1
39,1335514,18442029,14335066,544058,47478,0,1,경기,1.15,0,0,2
25,3813863,22829126,14769306,302498,207428,0,1,인천,1.08,0,0,0
28,2056480,73936382,1782262,428238,122862,0,1,충남,0.87,0,9862969,0
25,3501714,17980569,34677613,703422,73520,182445,1,세종,1.0,0,0,0
28,2150467,108846890,24471313,394708,202501,0,1,강원,0.84,0,3831142,1
19,4133975,6856803,6048288,490871,104153,0,1,전북,0.8,0,0,0
31,3300407,19667768,21875228,397738,137679,90564,1,강원,0.84,0,0,0
31,1001783,12625853,4875054,502323,97912,0,1,충북,0.86,0,8186023,2
25,3594507,27783500,30345419,391979,135167,0,1,경기,1.15,0,858808,0
24,2692734,17175212,18566427,337444,132060,0,1,경북,0.82,0,0,0
34,5608763,72465247,41904477,489373,140783,432306,1,울산,0.94,0,603697,0
22,3614961,15928113,23931647,419644,158680,0,2,인천,1.08,0,0,0
19,2686290,46984720,5403808,502156,112594,0,3,전남,0.78,1,0,0
19,2247029,8899568,13886798,216914,114944,0,3,전북,0.8,0,0,1
37,2171488,27000094,16477943,614427,118024,0,1,서울,1.35,0,0,1
26,3016546,5458954,43596316,370339,75898,0,1,부산,1.02,0,0,0
21,2611897,72445239,4729427,982627,88036,0,1,서울,1.35,0,0,1
37,5422112,35624809,15621359,357923,99674,425323,1,대구,0.93,0,0,0
22,2855407,46739632,7614012,584286,159478,0,1,경기,1.15,0,0,0
26,1801227,6557689,40651427,180000,124076,0,1,전북,0.8,0,15540205,0
19,2136741,6218181,18295398,281241,108739,0,1,세종,1.0,0,0,0
33,4618701,14811194,24773477,487962,103651,159321,1,제주,1.04,0,3012976,0
33,2838344,18334657,9872708,323591,66755,0,1,전북,0.8,0,0,0
34,2773848,63726335,23002203,332069,77461,28808,1,충북,0.86,0,0,0
24,4811564,16580947,6946198,414320,117419,150694,3,세종,1.0,0,5197207,0
25,2058121,38094206,9988221,592541,119990,478207,1,서울,1.35,0,0,1
38,1166509,90834250,48695963,226665,142540,0,1,경기,1.15,0,6477599,2
36,2113634,32521188,66126294,280071,101343,318498,3,충북,0.86,0,0,2
19,3384614,5654861,3185767,599478,139560,0,1,서울,1.35,0,6694950,0
33,2739709,18890583,12706985,756873,66105,638577,1,서울,1.35,0,0,1
36,1559175,50128178,34316860,533806,79209,0,1,부산,1.02,0,7901319,2
30,2769550,16714960,19431452,180000,118146,342595,1,경남,0.86,1,0,0
32,3272144,12370011,7419206,330011,111252,0,1,울산,0.94,0,0,0
19,3605347,137298591,9391824,603318,133419,0,2,전북,0.8,0,0,0
19,3653092,57733737,7734581,536850,151167,175316,2,광주,0.91,0,5570307,0
19,1745038,11135019,27158692,527696,156506,0,2,인천,1.08,0,0,2
22,3474253,101516795,7155677,347667,165530,372981,4,광주,0.91,0,3310069,0
39,4505716,135310597,13689103,617142,179030,216648,1,경기,1.15,0,4396712,0
32,4980225,94404012,22373695,180000,94692,0,2,전남,0.78,0,0,0
35,4159042,25279377,20325572,368446,192926,0,1,부산,1.02,0,3810607,0
25,3802989,24649278,33626206,417089,211147,0,1,광주,0.91,0,0,0
38,800000,45577663,7921931,557360,67296,0,2,제주,1.04,1,0,2
23,3030476,12536709,9890796,416599,88314,653425,2,충북,0.86,0,16807232,0
37,800000,62902572,6382586,484082,123287,0,2,울산,0.94,1,0,2
19,5293469,32881910,8425949,402641,116602,0,1,강원,0.84,0,0,0
19,4959003,53267082,3171666,318649,48131,0,1,전남,0.78,0,0,0
20,2026711,16778521,778047,616771,77222,0,1,대구,0.93,0,3929293,1
35,2990292,36377632,2917692,649172,116507,0,1,충북,0.86,0,0,0
24,3393971,7381854,24306738,337222,100421,0,2,경북,0.82,0,26613886,0
28,2731775,18321708,3137405,230806,130214,706057,2,강원,0.84,1,0,0
28,1483829,20415993,20532530,375180,179131,0,1,울산,0.94,0,6382464,1
35,1179398,46848443,11362382,500008,70200,0,1,인천,1.08,0,14037310,2
26,1206526,51418654,11350830,180000,191457,0,1,대구,0.93,1,4928915,1
19,1026990,8788037,4414716,661989,178721,0,1,제주,1.04,0,3747648,2
27,3265222,66417974,7429716,296001,48076,0,1,강원,0.84,0,0,0
25,3934528,36603891,18149946,318130,69777,424332,2,대전,0.98,0,0,0
34,5189597,51130759,3585930,389864,96545,0,1,울산,0.94,0,1594190,0
34,2333659,54452669,6966065,319137,75110,194013,3,강원,0.84,0,0,1
20,3268887,10665527,13612446,379311,128850,1048550,1,강원,0.84,0,10398466,0
35,4036148,72008356,19374842,482566,131364,0,2,충남,0.87,0,0,0
20,1839662,14339471,11713706,589386,115413,0,1,대구,0.93,0,11177964,1
32,4521036,27077411,45262025,438677,122230,0,1,충남,0.87,0,0,0
27,1530411,22306688,14662604,289599,105995,0,1,울산,0.94,1,0,0
25,2350903,102760492,22486306,351253,122803,131836,1,경남,0.86,0,0,0
29,3241173,13650783,20103459,487555,180709,209701,2,인천,1.08,0,7608881,0
25,2872629,88825085,11603043,529348,30220,0,1,인천,1.08,0,9237481,0
35,4265560,79598892,1670856,505012,111307,0,1,울산,0.94,0,0,0
39,2612072,22929284,28783713,431570,128267,0,1,세종,1.0,0,0,0
36,3362856,19562787,24826262,355028,105684,0,1,충남,0.87,0,11466147,0
28,2335301,15960336,46078345,472316,120970,0,1,광주,0.91,0,2796433,1
29,2037797,48459658,9325979,370419,150876,0,1,경남,0.86,0,9632408,0
28,3283470,65495709,64841014,488957,93932,738987,1,세종,1.0,0,20142700,0
35,2074109,19312934,29503794,567259,191074,0,1,인천,1.08,0,0,1
30,4303338,9872741,40144255,635475,61791,0,2,인천,1.08,0,1225830,0
28,3934570,44491828,4761113,510102,134598,0,2,제주,1.04,0,0,0
27,2194913,30011321,18216580,671530,113286,0,1,인천,1.08,0,0,1
26,3343664,7376412,46824284,368227,121976,0,1,제주,1.04,0,14537562,0
30,2190589,43302016,4162398,476682,137109,414579,2,대구,0.93,0,1033494,1
33,1530030,33662183,11564429,624117,93665,379531,1,경기,1.15,0,0,2
28,2359229,10218874,51431806,236726,150142,0,3,대전,0.98,0,0,1
35,2984718,24394551,34399388,292697,178046,0,1,충북,0.86,0,0,0
36,3816552,97048599,14494989,326996,100531,133847,1,울산,0.94,0,0,0
28,1397184,3499244,6583162,347633,89039,0,1,전남,0.78,1,0,1
38,4506143,24956101,20714852,297070,153207,0,1,충북,0.86,0,8999531,0
22,2000186,5931732,36474521,380077,144404,0,1,광주,0.91,0,0,1
38,2593897,27880291,23489200,353747,54123,435724,1,충북,0.86,0,4825497,0
25,2798337,30580741,46234397,372478,132222,0,1,제주,1.04,1,506783,0
30,1329466,29407386,41953604,390837,137819,0,2,울산,0.94,0,4418660,2
24,2511302,25959640,24183922,374365,111843,1216658,1,인천,1.08,0,0,1
28,1923986,35122707,25897445,267279,162539,0,1,광주,0.91,0,0,0
26,2804206,17277336,15253836,198380,51895,63567,1,경북,0.82,0,9379188,0
33,2530278,133028092,2135836,234394,37182,0,1,부산,1.02,0,0,0
20,3951394,27749486,19887881,363231,150152,0,1,제주,1.04,0,0,0
36,3404219,17329404,3955552,470216,80466,35551,1,충북,0.86,0,0,0
37,1739723,37324475,3332041,371845,107707,648787,1,충북,0.86,0,0,2
30,2368441,46947956,32949994,406230,71905,0,1,대전,0.98,0,5119937,0
30,3049846,52678841,8154274,335704,138751,64694,1,경남,0.86,0,22518565,0
33,4191570,46367466,17605423,865420,131628,698851,1,서울,1.35,0,0,0
23,8682529,29217274,5992254,472762,106918,0,2,대전,0.98,0,0,0
34,4126146,17458188,6815982,353440,67467,0,1,울산,0.94,0,19052575,0
23,1973417,34025486,14803893,302159,106392,0,1,세종,1.0,0,0,0
33,2929372,27782130,20192440,666954,123679,0,3,세종,1.0,0,0,0
25,3296830,14005558,15171832,292551,95147,0,1,인천,1.08,0,0,0
34,2439525,31404517,24041507,331238,95023,0,1,부산,1.02,0,0,0
35,3733524,57919864,34246611,375068,115663,83726,2,경기,1.15,0,6979376,0
23,1148492,5078458,2280623,386238,132063,0,1,강원,0.84,0,6127511,2
31,3868999,13439652,24206389,467381,126398,77166,2,대전,0.98,0,30400396,0
29,2485056,47589912,16042138,376768,149643,152856,1,강원,0.84,0,0,0
25,2909462,8829573,16161434,327498,105780,0,3,충북,0.86,0,10185527,0
31,5728206,67595840,4327914,212923,144592,743639,3,충남,0.87,0,15657642,0
39,1773029,27475609,9461680,629359,67674,0,1,강원,0.84,0,13096315,1
19,3429488,38122752,22849433,405819,123078,0,2,충남,0.87,0,5595711,0
39,4291035,57880305,3517341,465448,120556,33105,1,강원,0.84,0,0,0
36,3281781,36929306,64167985,208553,191655,183492,1,충남,0.87,0,0,0
30,800000,69279410,28987639,314812,85465,96730,1,충북,0.86,1,12387895,2
31,5451071,32328967,6452097,607967,69524,0,1,대전,0.98,0,4158786,0
26,2785032,31718106,11242644,180000,83500,0,1,대구,0.93,0,0,0
21,2430991,6738792,2810984,464894,85036,0,1,전남,0.78,0,0,0
31,2668813,92805016,33993593,369463,125907,156550,1,대전,0.98,0,0,0
36,2587827,57098829,11956917,430631,64361,10746,1,강원,0.84,0,0,0
23,1828259,9516313,20052300,670073,124531,0,2,부산,1.02,0,15836743,2
34,3274189,11640072,15444537,351040,111878,1600000,1,울산,0.94,0,0,0
34,2359221,25117589,23250014,180000,140486,0,2,강원,0.84,0,34224179,0
34,4069921,26530113,5527389,247469,130594,279812,2,충북,0.86,0,0,0
26,3810299,27759020,87900515,322313,140989,0,2,세종,1.0,0,0,0
27,6136039,62400112,25203341,607483,127210,0,1,광주,0.91,0,0,0
27,2784698,65717283,31669175,382559,153753,0,2,제주,1.04,0,0,0
36,2159214,54521883,20972589,643332,59830,738160,2,세종,1.0,0,0,2
37,1621177,12616270,4897641,180000,56214,0,2,전남,0.78,0,0,1
27,7832480,80628045,9762383,291421,106880,89090,2,전북,0.8,0,7263431,0
39,4054584,65682239,9047825,519534,111431,0,1,강원,0.84,0,0,0
30,2264607,43512040,33804826,474154,73079,0,1,경남,0.86,0,9860638,0
27,6316709,23819987,7646093,230782,133367,0,2,인천,1.08,0,0,0
19,5464603,38214436,14864748,265524,63267,0,1,경남,0.86,0,3099623,0
31,1705899,9948566,3654468,360504,98659,0,2,경북,0.82,0,9000148,1
32,2205926,40688328,27156577,334180,111371,0,1,세종,1.0,0,0,0
39,2881301,68840939,6968409,522008,127623,0,1,전북,0.8,0,5837348,0
34,1925152,39465407,29311636,421908,94358,317181,1,세종,1.0,0,0,1
19,2925930,21154262,33752233,184732,153005,14387,1,대구,0.93,0,0,0
30,4142441,67885352,48324464,346642,165967,0,3,전남,0.78,0,0,0
34,855787,121611392,13549066,483413,164290,345430,1,대구,0.93,1,5879350,2
29,3459527,43065874,20335921,270881,174834,0,1,대전,0.98,0,0,0
28,5040956,55257236,16247776,322094,149314,0,1,세종,1.0,0,0,0
36,3622760,30274087,9758909,272733,129571,95825,3,경북,0.82,0,0,0
31,2952424,22042698,29997935,561193,83798,168950,1,광주,0.91,0,4052909,0
33,2288411,62915253,11304435,438865,92256,949404,1,세종,1.0,0,0,1
28,4359702,97626263,37674354,272192,152908,276468,1,서울,1.35,0,4226073,0
24,1838713,14345482,570372,377070,52968,123278,1,경기,1.15,0,0,0
29,3385637,14550236,11688525,711272,166025,0,4,서울,1.35,0,0,0
39,3083648,32794658,38700035,419601,94083,0,3,경기,1.15,0,0,0
31,4948846,18066654,13943762,195997,89347,0,1,경북,0.82,0,8230652,0
33,2373960,76182770,30648266,282208,135196,47859,1,경북,0.82,0,10596309,0
21,2462348,63280704,13586098,475981,116975,0,1,전남,0.78,0,0,0
39,1788075,27499294,42903666,855340,105017,235559,1,서울,1.35,0,0,2
24,3680961,31571421,9753691,516093,83427,0,1,경기,1.15,0,0,0
39,2541872,22433929,26304863,458477,57915,558791,1,대구,0.93,0,11707691,0
28,2105283,26934574,20494700,346433,32769,0,1,강원,0.84,0,0,0
38,2193307,16519681,15194435,464327,162771,177946,2,대전,0.98,0,0,1
37,3842399,31258559,32165040,290444,104420,335584,1,세종,1.0,0,8737843,0
34,1898129,18266779,38928541,636499,82653,225268,1,인천,1.08,0,0,1
38,1972004,75906859,23951402,273399,133903,158021,1,전북,0.8,0,8106247,0
31,4484276,35603100,32389684,257111,84285,0,1,대전,0.98,0,0,0
36,2839732,43806708,28139547,388829,88710,0,1,경기,1.15,0,10356891,0
22,4599663,14194851,4454132,458199,149239,0,1,전북,0.8,0,19351063,0
20,1291902,19049570,16198778,282311,134874,125162,1,경남,0.86,1,0,1
30,3048524,36496359,21201605,803210,126110,124815,2,서울,1.35,0,0,1
36,3262032,103072682,21152409,492181,91282,0,2,울산,0.94,0,0,0
35,2162885,37939835,29875783,450916,116216,0,3,경북,0.82,1,0,1
30,2268462,77285490,24565485,277712,127917,84352,1,전북,0.8,1,0,0
29,5007984,23488388,24133925,260477,117072,0,1,경북,0.82,0,1987942,0
31,2327395,36231009,1059506,444444,153184,0,1,울산,0.94,0,0,0
37,1995321,71768874,14585106,242640,74974,236133,1,광주,0.91,0,0,0
36,2630270,52566339,9529960,423575,98567,316770,3,전북,0.8,1,0,1
21,5513217,13412744,28781236,582502,133253,0,3,인천,1.08,0,0,0
31,5028660,41522074,40058814,275577,90416,203314,1,대구,0.93,0,7588501,0
26,3067162,40681549,18444684,465962,142269,406691,1,충북,0.86,0,0,0
35,2583539,48706552,3735706,436927,156137,0,1,충남,0.87,1,0,0
29,4202410,19401781,18769652,626385,115837,0,1,인천,1.08,0,9488233,0
39,3251729,24251631,33766304,634484,125399,0,3,세종,1.0,0,0,0
28,3313027,79296213,10527670,515339,102714,667669,1,광주,0.91,0,0,0
33,3181541,118505607,39197542,395766,101757,0,1,세종,1.0,0,0,0
21,2173329,43097150,41714859,580663,157797,201227,1,제주,1.04,0,0,1
38,2270816,26072609,53179007,456482,86034,0,1,경기,1.15,0,25239800,0
22,2255791,68610503,11832548,432835,141816,0,1,제주,1.04,0,0,0
26,1533373,13632483,63553894,251439,93429,101810,2,울산,0.94,0,5039168,2
36,3243235,18372444,30466488,328005,77566,0,1,전남,0.78,0,4542473,0
39,2997250,96458299,11484524,557972,145960,0,1,울산,0.94,0,1735182,0
29,4232472,111905891,41652519,250540,135934,195075,1,대전,0.98,0,0,0
29,5244868,20591791,9144506,183633,84294,0,1,전남,0.78,0,0,0
20,1923605,14106554,20086864,210013,103250,0,1,충남,0.87,1,0,0
39,5612980,42821561,30679541,593399,109402,304490,1,인천,1.08,0,2591872,0
19,1050328,10837697,23368964,422934,117368,248486,1,충남,0.87,1,0,2
19,1647731,6861218,7173429,562859,90470,0,1,전북,0.8,0,0,1
28,4551065,8740888,41097861,287769,170799,0,2,광주,0.91,0,5644557,0
19,5525971,36266154,30111456,187945,70116,0,1,경남,0.86,0,0,0
22,5954923,26646240,47379982,533847,55860,0,3,충북,0.86,0,0,0
32,3757260,64838055,43565610,287253,107462,0,1,대전,0.98,0,0,0
33,1292475,86285935,52178594,637038,50138,0,1,서울,1.35,0,0,2
25,3569243,42466164,33964876,180000,81953,1285020,1,충남,0.87,0,0,0
35,3872813,16851984,28889721,454692,90289,0,1,부산,1.02,0,6725402,0
31,5225413,6480706,13133915,331649,108131,778498,1,전북,0.8,0,0,0
23,5639988,20770962,29330193,227905,105093,0,1,세종,1.0,0,0,0
33,4509940,22183082,7740616,684053,118940,0,2,울산,0.94,0,0,0
31,2369341,14893890,45649775,310070,86458,0,1,인천,1.08,0,0,0
36,1959366,45552515,65295808,180000,94355,0,1,전북,0.8,0,0,0
22,3837207,43171292,32646827,363762,134016,0,4,인천,1.08,0,0,0
23,2169297,35291594,12267114,180000,31252,0,1,울산,0.94,0,8706156,0
25,2945518,111719120,6051732,330946,122765,0,3,경북,0.82,1,32657737,0
26,1465478,9609787,13689445,292626,33857,95417,2,경남,0.86,0,0,2
37,3891921,33828807,40881106,553264,113251,0,2,제주,1.04,0,0,0
34,3499225,33104722,28052326,483762,131077,891160,2,제주,1.04,0,912831,0
30,2790531,25545050,19435768,190606,119250,0,1,강원,0.84,0,0,0
30,2048979,23335624,17760889,361003,90732,932554,1,부산,1.02,0,0,2
37,1256811,60395445,20931337,640839,117032,138334,2,경북,0.82,0,0,2
28,2426930,17814309,3209935,238040,74179,0,2,전남,0.78,0,0,0
23,2445310,12218249,14679141,575023,161251,97622,1,제주,1.04,0,0,1
21,4919409,42937153,11638602,297300,138235,364922,1,충남,0.87,0,0,0
25,2178232,42748269,15033798,346632,80544,84055,1,인천,1.08,0,2982369,0
32,3705555,13926544,34529620,338147,160190,0,1,세종,1.0,0,0,0
28,1749760,63670177,3453769,634432,117491,53347,1,울산,0.94,0,5607368,1
27,3749597,101301927,11415864,180000,68502,0,2,경북,0.82,0,0,0
29,1165244,9760361,18346808,485148,150885,148121,2,광주,0.91,0,0,2
39,7509125,54339419,16782465,596694,169085,69631,1,대전,0.98,0,0,0
39,2870489,41943193,20356340,431376,106349,0,1,경기,1.15,0,0,0
22,917141,31141615,2824330,515197,120849,0,1,경북,0.82,0,0,2
21,2240075,64676885,20025365,455545,107141,0,1,전북,0.8,0,25507894,0
24,2093018,33278849,6504561,514555,139978,0,1,서울,1.35,0,0,2
36,2300531,45265037,6580692,302389,138499,0,1,울산,0.94,0,0,0
28,2607380,20221152,34278809,390941,146512,135201,1,세종,1.0,0,0,0
37,2293815,78079266,18837527,424379,46004,334662,1,울산,0.94,0,12673152,0
32,2147028,12638214,10026880,337239,90782,171208,1,경남,0.86,0,0,0
30,1853189,58740851,73688494,458611,147547,0,1,인천,1.08,0,0,2
24,4342764,13977677,13894966,332518,87124,161450,1,대전,0.98,0,0,0
26,5112200,28405794,6900041,344601,124592,742099,1,부산,1.02,0,1803873,0
22,2733752,11000769,2314896,433698,78386,0,1,대구,0.93,0,387656,0
29,3026957,24414336,33601583,377923,132646,0,1,경남,0.86,0,0,0
24,1879150,12821832,27675550,534262,110232,0,1,경남,0.86,0,8601482,1
25,3144580,23035607,25401436,652652,140840,0,1,서울,1.35,0,6953728,0
19,3367013,58599498,8158349,486102,122744,0,3,충북,0.86,0,5858297,0
35,2775415,23905215,28717541,384003,63257,771701,1,부산,1.02,0,0,0
38,3616309,51640186,31669489,379899,185762,171790,1,부산,1.02,0,28955523,0
29,3482973,20447486,484505,350477,64685,0,1,대구,0.93,0,0,0
30,1938398,18554754,6781477,492550,199428,631580,2,부산,1.02,0,16649858,2
38,5094452,37756383,34696834,430670,36390,0,2,세종,1.0,0,0,0
29,2789476,6258485,5075583,493245,115263,0,1,제주,1.04,0,0,0
32,3209556,25502028,11410194,348051,59215,0,1,강원,0.84,1,0,0
27,3654365,70241858,13969618,346496,164151,411684,1,전북,0.8,0,0,0
29,7118114,42424855,8983190,678404,76495,624385,1,세종,1.0,0,0,0
29,5055655,32358501,27988286,623954,81375,0,1,서울,1.35,0,0,0
33,3362999,30346964,10427520,601534,116496,0,1,경기,1.15,0,45026910,0
31,2234920,64851786,6225480,489814,160519,0,3,대구,0.93,0,8580821,1
29,1437135,20380989,4197426,406444,153611,348994,2,대구,0.93,1,0,2
20,2344931,21240916,3639722,451691,100245,0,1,경북,0.82,1,0,0
37,3243606,14745905,31714668,334295,96824,0,4,경북,0.82,0,0,0
37,2367561,31425092,24333440,180000,126294,0,1,경북,0.82,0,3889024,0
22,4363862,40357361,17027630,296867,106880,0,1,충북,0.86,0,0,0
25,3101275,18268105,14443182,639369,111302,0,2,강원,0.84,0,0,0
39,4375041,51309443,58690962,466647,104180,0,1,충남,0.87,0,24771514,0
25,2005091,21765137,32091883,332797,131386,0,1,광주,0.91,0,1776822,0
36,4687570,47845556,40920771,430450,124921,0,1,충남,0.87,0,6130135,0
35,3783198,35890522,14160787,372050,160410,188905,1,전남,0.78,0,13103125,0
37,5104368,23377001,6986583,599397,85310,0,1,전북,0.8,0,0,0
19,4643353,21617922,5496102,377362,86307,0,1,충북,0.86,0,26804361,0
29,1624158,28092390,10084409,647661,116456,0,1,서울,1.35,1,0,2
30,2840643,28771722,7887424,254987,100522,193119,1,전북,0.8,0,4132563,0
36,6565607,87871108,16003735,382350,140220,0,1,광주,0.91,0,5342573,0
23,2691765,24338553,16128926,180000,70679,73021,1,전북,0.8,0,0,0
25,4207918,69877969,11505036,410302,152932,39864,1,강원,0.84,0,20907770,0
22,2588672,10449523,9903755,504040,98084,0,1,경북,0.82,0,0,0
35,1369618,41082691,5072294,680429,152906,98654,1,대전,0.98,0,0,2
39,1799279,58144613,59403726,368145,197514,0,2,경남,0.86,0,0,1
21,3631652,6061434,3160917,330698,143967,0,1,경북,0.82,0,32364281,0
23,4123194,41223273,53833307,258189,133430,0,2,대전,0.98,0,0,0
25,3636797,3509136,13903342,382198,151048,0,2,세종,1.0,0,0,0
37,2743702,29604296,11227681,180000,98180,96176,1,강원,0.84,1,0,0
28,3608829,31029605,7105956,320523,116365,0,2,전남,0.78,0,0,0
24,2185382,82379897,24816286,201251,85612,0,2,충남,0.87,0,0,0
25,3938073,41770088,5747228,295004,86737,0,1,경북,0.82,0,671317,0
31,3280753,20812399,16605324,371885,120814,217123,1,광주,0.91,0,0,0
27,2381312,59514140,25971696,470313,115350,218339,2,세종,1.0,0,0,1
21,3737156,7997759,1396470,216524,125779,0,4,울산,0.94,0,0,0
36,3155891,15884891,8978586,342616,113618,0,1,경남,0.86,0,0,0
27,2351354,38723338,70383322,433561,101677,0,2,대전,0.98,0,15926543,1
24,2825426,17373251,8112632,569975,140810,434160,2,강원,0.84,0,0,0
34,5601170,37109469,8447677,483204,92148,191025,2,인천,1.08,0,3021971,0
34,5523012,16900445,9521718,665834,116829,0,3,경북,0.82,0,0,0
22,3307007,62163025,75923339,393170,150188,105325,1,광주,0.91,0,21371086,0
20,3126038,57865421,54462582,376339,136391,0,1,대전,0.98,0,0,0
19,1646961,5916065,13715190,539347,107468,0,1,강원,0.84,0,3985028,1
35,6388303,16626433,38004049,336936,49138,0,1,세종,1.0,0,2861756,0
32,4762480,72838306,13219326,221465,96137,148190,1,경북,0.82,0,0,0
35,4214288,28309161,15418158,493987,182837,0,2,강원,0.84,0,3083715,0
32,1146837,16770057,23867403,501066,103317,0,3,세종,1.0,0,0,2
27,3104145,33668359,36312680,619740,115121,38278,1,경기,1.15,0,14154721,0
31,2887746,25833270,15597263,745839,125635,0,1,서울,1.35,0,0,1
34,4090848,17817377,6764850,687592,124976,124013,1,광주,0.91,0,0,0
27,2512299,86674840,26178919,248352,89947,43580,1,제주,1.04,0,0,0
38,2760761,16399720,4490247,348710,135451,0,1,경남,0.86,0,0,0
37,2205365,36992410,13543768,342312,123227,453163,1,충북,0.86,1,0,0
35,2186939,59605749,12577260,540324,48634,0,1,충북,0.86,0,0,0
39,2382864,74343053,2056924,474524,25000,52707,2,광주,0.91,0,12521312,0
27,3314385,43477176,7681438,624371,93648,0,1,부산,1.02,0,0,0
21,5423224,52047512,21817676,635634,77320,0,1,서울,1.35,0,0,0
29,4317962,48437374,34020511,400271,122386,82704,1,대전,0.98,0,2939555,0
34,4843150,31695481,6632439,541222,98458,472042,1,대전,0.98,0,0,0
35,3134181,20088725,28388304,466413,128894,0,3,부산,1.02,0,0,0
27,5800970,20883909,9319951,473873,127372,0,3,대구,0.93,0,0,0
25,800000,9908380,23007991,683392,84499,0,1,서울,1.35,1,0,2
28,7276896,34014641,27243385,416442,96171,0,1,충북,0.86,0,3876229,0
35,2807728,17125555,8681020,522113,89555,0,1,경남,0.86,1,17497700,0
20,3711687,23898173,44065010,340983,141797,0,1,충남,0.87,0,0,0
25,4362366,22553583,89562723,312440,104531,0,1,울산,0.94,0,55295545,0
23,3000568,34267916,6713531,295264,154464,0,1,울산,0.94,0,0,0
35,2787171,29769428,8834949,578296,157291,183042,1,대전,0.98,0,0,0
28,2345427,27783845,14233341,714430,109016,0,1,인천,1.08,0,0,1
20,2986393,6862237,38867602,180000,88187,0,1,충북,0.86,0,0,0
24,3873634,15450068,4082187,474391,77832,0,1,강원,0.84,0,560544,0
19,3653522,40577346,6890145,603081,144548,0,1,서울,1.35,0,0,0
28,7166239,22572406,4124284,409901,107168,0,1,울산,0.94,0,0,0
39,1785448,26848968,3335866,516163,84950,0,1,대구,0.93,1,18932491,1
30,1607926,32862164,7841075,490259,145158,0,1,인천,1.08,0,33649744,1
37,6185422,38843152,15909472,434847,141179,0,1,충남,0.87,0,1280821,0
34,1804225,36159237,100480459,250626,78803,0,2,세종,1.0,0,2645673,1
37,2397924,41279586,3658844,601125,121574,0,3,충북,0.86,0,5439255,1
25,3428048,24173134,14157778,320478,128205,378766,1,전북,0.8,0,0,0
38,3649269,16854025,25364351,342915,172435,591932,2,제주,1.04,0,2095194,0
24,1638208,7789123,10640055,395353,101384,0,1,전남,0.78,0,11070846,1
28,2212578,16441037,16951608,262666,108927,0,1,충북,0.86,0,0,0
33,1613499,85536599,8982531,401831,131177,0,1,경북,0.82,0,0,1
25,3984764,27095931,8438199,678012,156413,0,1,세종,1.0,0,0,0
24,5073317,37873697,12695880,461167,126902,0,1,제주,1.04,0,0,0
21,1803540,18823930,30937825,180000,115491,0,4,전북,0.8,0,15291957,2
19,4679894,21991806,25578085,309377,89494,0,1,충남,0.87,0,0,0
29,4551134,14471404,13152224,491522,97593,0,1,경남,0.86,0,0,0
39,2297315,46204440,4285098,477145,106786,225281,1,세종,1.0,0,0,0
23,1300349,20424159,2188829,466953,132144,0,1,전북,0.8,0,0,2
28,1924183,45101735,11129422,332769,126166,0,1,대구,0.93,0,0,0
38,2361226,17375531,28249750,385161,88758,120010,1,제주,1.04,0,11368600,0
35,5918364,53160375,21349059,453449,138662,0,1,충북,0.86,0,19719154,0
19,2898726,10771099,17570572,554201,101242,56321,2,전남,0.78,0,0,0
29,1978236,16634291,3449559,383654,105261,0,1,울산,0.94,0,17487543,0
22,3250200,51430105,27135722,344318,134921,0,1,경북,0.82,0,0,0
24,1747423,56709020,23479473,649072,146546,402220,2,경기,1.15,0,0,2
24,3804969,28089077,7675749,545143,127406,215064,1,경기,1.15,0,0,0
31,1273298,56430711,35411440,495900,177505,204558,1,세종,1.0,1,1042319,2
23,2132204,15513385,4634927,268201,41983,0,1,전북,0.8,0,0,0
24,3584443,18146709,17511377,337310,140958,247794,1,전남,0.78,0,2437352,0
23,6473663,66526320,8346212,343725,75702,0,1,울산,0.94,0,0,0
26,7847463,3832729,11456651,180000,108549,227172,1,충남,0.87,0,0,0
32,1950332,43015779,20549884,240462,109338,69013,1,강원,0.84,0,0,0
27,2359857,26090217,18934985,517119,111145,0,1,제주,1.04,0,0,0
25,3806920,32008195,13709975,460089,77549,0,1,충남,0.87,0,6372318,0
29,5041587,30536632,6757041,534073,63451,341763,1,울산,0.94,0,0,0
31,1202720,33649914,8608409,542876,45886,0,1,제주,1.04,0,9985980,2
19,3166720,22600078,10090124,493377,108326,190239,1,경기,1.15,0,8728999,0
37,2473589,41903056,39494506,180000,117908,581693,1,제주,1.04,0,0,0
38,1333507,43108515,76145415,223698,134864,0,1,인천,1.08,0,0,2
31,1716280,26706266,6790427,574697,151411,0,4,대구,0.93,0,24724107,2
31,2389296,27015876,41406224,182520,136873,102141,1,전남,0.78,0,0,0
33,3128120,34386628,5048826,357360,142483,295187,1,전북,0.8,0,0,0
28,4705000,56566602,23425372,457448,78160,247914,1,제주,1.04,0,0,0
26,3552002,7234550,4814797,180813,146550,0,1,전북,0.8,0,0,0
26,4584053,12068749,35219116,389176,122322,0,1,충북,0.86,0,0,0
22,3085251,86045555,32445940,611692,66390,0,2,대전,0.98,0,0,0
36,2252442,43633892,52842066,542137,157482,0,1,서울,1.35,0,0,1
25,2818287,34648812,11813890,451162,83190,0,1,인천,1.08,0,3922022,0
24,4113252,117641022,7359858,291705,75605,273853,1,대전,0.98,0,12164035,0
39,4754746,42524065,51183606,510514,173992,28679,2,서울,1.35,0,8398835,0
29,2862100,22050920,15101206,517399,120677,128811,1,세종,1.0,0,26493581,0
32,2045459,8463827,11908210,345496,70962,0,1,전남,0.78,0,0,0
24,1904290,22117429,11203053,410394,94351,0,1,제주,1.04,1,0,0
24,3745943,26685999,14118568,581795,149323,0,2,세종,1.0,0,0,0
34,5182102,53152860,31224692,297005,66304,0,1,경북,0.82,0,0,0
28,1105986,51862290,10160638,413768,108212,0,4,제주,1.04,1,1252566,2
22,921216,39366397,7834288,391145,103351,44162,2,경북,0.82,1,0,2
36,4221922,68824059,7246228,605926,206252,0,1,울산,0.94,0,7055649,0
27,2559841,31588903,13683294,416476,60826,0,2,대전,0.98,0,0,0
33,2513754,9031423,42073207,297728,63592,161918,1,제주,1.04,0,12231564,0
26,5230055,21980552,7055020,498792,90892,0,1,대구,0.93,0,0,0
30,1691489,27452175,8185988,368997,87896,0,1,광주,0.91,0,0,0
35,7383952,35028188,61229827,511313,116800,917528,2,경기,1.15,0,49228131,0
37,2343647,68406252,6862165,180000,90931,303811,1,전남,0.78,0,26085049,0
23,4427499,24881659,14819372,388678,139054,0,1,충남,0.87,0,4111986,0
33,2910596,33053056,70161202,387662,118651,195267,1,경기,1.15,0,0,0
38,3427487,134010797,14576162,325076,78924,0,1,부산,1.02,0,0,0
32,2724114,14609688,63046595,180000,100441,28860,2,강원,0.84,0,11674915,0
22,4408214,32715667,5994895,346801,99313,184391,1,강원,0.84,0,0,0
22,2626868,15774426,56273956,180000,147490,0,1,전남,0.78,0,0,0
23,2383988,35305864,12807746,180000,141056,360221,2,대구,0.93,0,6824475,0
21,6651741,62283486,1039587,243768,134219,0,2,경남,0.86,0,0,0
34,3088780,50686952,1841700,274159,85564,843958,1,울산,0.94,0,9310855,0
39,2280951,39041572,8623104,355891,118454,0,1,전남,0.78,0,0,0
29,1606918,29270920,19188135,243990,70500,0,1,대구,0.93,0,0,0
31,6802840,60199981,20231691,600016,142885,0,1,서울,1.35,0,0,0
35,2405634,58408312,60434309,403087,162618,125460,1,서울,1.35,0,20657589,1
27,7401865,27937261,22357770,495330,37330,0,1,광주,0.91,0,4593766,0
28,3620633,120145946,13593529,516269,110288,0,2,제주,1.04,0,28392126,0
31,3243270,19010009,25879301,549989,117071,256133,1,서울,1.35,0,18282024,0
25,3281086,113412764,10648779,429028,142289,38800,2,광주,0.91,0,0,0
20,7908993,57439330,29347473,568201,95189,257305,2,경기,1.15,0,15991375,0
30,1188257,13720806,6850557,400809,88320,396738,1,경남,0.86,0,2495044,2
36,3344471,23114180,22499235,389710,115396,0,1,충남,0.87,0,0,0
20,2721285,32423332,11610576,180000,129541,0,1,전북,0.8,0,0,0
23,1537079,5981742,9078568,290588,115486,0,2,전북,0.8,1,0,1
24,3252246,47277743,38139387,238955,140670,0,1,충남,0.87,0,0,0
35,1346015,33566374,47221197,428187,131968,0,1,전남,0.78,1,0,2
29,3306988,51995704,26843112,536161,102302,0,1,서울,1.35,0,11828032,0
30,3019234,49826435,10177311,277009,109581,210608,2,경북,0.82,0,0,0
32,1733793,24843450,10155317,437159,127556,131651,1,전북,0.8,0,0,1
24,3593508,15516406,10069137,180000,80613,0,1,전북,0.8,0,2354517,0
33,1940985,7611635,25477154,372755,86984,605401,1,광주,0.91,1,718905,1
19,2415855,115896775,17555215,180000,56856,216462,1,전남,0.78,0,0,0
21,3190054,42095050,16633979,302185,152103,0,3,광주,0.91,1,0,0
36,5416433,18194158,46018403,493773,196367,0,2,서울,1.35,0,0,0
32,4384349,30513516,4874581,592617,86026,449133,2,경남,0.86,0,5470004,0
22,2482935,55423725,1323066,457048,133404,0,1,부산,1.02,1,0,0
28,3089729,32168701,13939284,396587,159843,415122,1,경기,1.15,0,0,0
20,2320136,6824166,25547838,342749,68904,0,1,충북,0.86,1,0,0
33,5992844,50172330,19916095,640028,125486,101631,1,부산,1.02,0,0,0
34,4317135,16629936,12434027,180000,155384,0,1,경북,0.82,0,0,0
24,2386719,51072616,58640495,446409,102392,0,2,울산,0.94,0,0,1
26,2998399,37269756,64038268,576843,117918,417337,1,서울,1.35,0,0,1
23,3903290,25660634,33507592,416088,162293,147794,1,제주,1.04,0,0,0
27,4372662,27579799,14367667,403645,98282,0,4,세종,1.0,0,0,0
24,2950063,20833989,99040042,462742,91499,0,1,대구,0.93,0,0,0
24,2390288,41981824,5405276,496694,103842,0,1,충남,0.87,0,0,0
28,6027610,10928729,33551305,197682,173436,47196,2,강원,0.84,0,0,0
37,1923303,25777055,56942027,540715,148915,0,1,서울,1.35,0,0,2
35,2034742,75887072,9090784,528651,127804,0,1,전북,0.8,0,0,1
25,1723706,107647854,44764220,424215,129857,0,1,광주,0.91,0,8480360,1
38,966203,29007433,4946407,435909,71534,0,2,충남,0.87,1,4806592,2
23,5214796,29632857,21258582,192142,130162,0,1,경남,0.86,0,0,0
38,5290431,24718772,32897406,660577,95758,0,1,충북,0.86,0,0,0
25,2954419,14284651,20675178,471146,104237,0,1,충남,0.87,0,0,0
30,1893589,6306378,3340175,672189,103764,1426161,1,대구,0.93,1,5922849,2
23,3036254,5208117,35026115,418229,145499,271520,2,대구,0.93,0,808649,0
35,1826847,24660695,44630811,363466,176868,30443,1,울산,0.94,0,5831623,1
25,7916329,53545051,17220765,269134,78277,131452,1,경북,0.82,0,1817501,0
37,5508431,35215932,2401672,597573,151759,0,1,세종,1.0,0,8324939,0
20,3552111,69220281,19559998,629523,108742,0,1,대전,0.98,0,0,0
29,2110888,20996162,8126801,493363,137320,0,1,전남,0.78,0,0,0
22,2768816,60288049,15592950,663407,122180,88921,1,경북,0.82,0,0,1
37,2264601,143276814,27262202,375547,91082,0,1,경남,0.86,0,0,0
27,3180702,37774454,5074315,368154,93193,76415,1,대전,0.98,0,0,0
33,3484793,7023770,43912836,336082,103856,217696,2,전북,0.8,0,41831325,0
37,2633879,8563991,11847990,492609,125262,457099,3,충북,0.86,0,1009786,1
30,1631899,8838179,20075214,372199,131870,1161660,1,울산,0.94,0,0,2
20,7628773,12805706,10523923,403946,217820,100463,1,광주,0.91,0,0,0
23,3377981,50123849,36447493,507407,138288,247506,1,경기,1.15,0,0,0
23,3711649,18056432,51030137,416981,68993,0,1,대구,0.93,0,10803858,0
38,2543410,72921653,7104025,400921,156496,306575,1,강원,0.84,0,0,0
38,832020,29665275,24442160,391122,133802,66336,3,경남,0.86,1,5673515,2
29,2942685,130743311,7959555,457716,106388,512564,2,경북,0.82,0,0,0
37,2654234,82601847,31717315,529248,77709,620515,1,부산,1.02,0,0,0
24,4138119,16916297,16198175,314538,103452,383844,3,충남,0.87,0,3042456,0
33,4503050,20303375,42063479,221092,160358,90286,1,경기,1.15,0,0,0
27,4238054,75960893,19903376,234904,130680,0,1,충남,0.87,0,0,0
24,4665051,8739407,76779953,392315,163149,0,1,대전,0.98,0,4671537,0
24,6624122,15761647,10959149,324509,160412,0,1,울산,0.94,0,632311,0
27,3606644,11616569,3706785,405548,118895,0,2,전북,0.8,0,0,0
26,4892994,32334058,10115763,416875,25000,0,1,울산,0.94,0,0,0
23,3771609,63227595,8531095,361135,79647,0,1,전남,0.78,0,0,0
26,1347332,19293351,13947014,437423,58592,0,1,강원,0.84,0,3147088,1
21,2853933,53997948,13391146,626684,166556,0,2,제주,1.04,0,15116307,0
39,2100185,44620043,18377678,370711,130977,122256,1,충북,0.86,0,0,0
26,3369141,9584324,2591970,315508,108025,470237,1,대전,0.98,0,0,0
21,2170608,16261595,9993980,391592,92940,0,1,전남,0.78,0,0,0
31,3957389,12521620,11541516,504328,151962,0,2,광주,0.91,0,0,0
37,4650542,99870306,27809882,180000,81013,549614,1,강원,0.84,0,0,0
26,5117555,30604635,7908830,396641,72565,0,1,인천,1.08,0,0,0
36,6119155,30345425,7509251,498781,69552,342444,2,인천,1.08,0,0,0
31,1483570,31441360,15352944,303859,116203,263549,1,강원,0.84,0,0,1
34,1821338,17757904,35419156,437340,87852,81034,1,부산,1.02,0,0,1
25,9000000,18661001,268525,404093,151705,369806,1,제주,1.04,0,0,0
19,4707876,35119751,26157073,467438,111356,0,1,경북,0.82,0,0,0
26,3359037,4576967,24490920,374203,63744,823095,1,충남,0.87,0,11287602,0
38,3092308,9704733,13434631,180000,102451,0,1,전북,0.8,0,0,0
35,2976332,18812667,17813744,472654,77879,0,1,충북,0.86,0,504714,0
35,1327942,22572583,46090565,569458,113847,0,1,경기,1.15,0,0,2
37,2188114,76638173,9879589,405864,150997,0,1,광주,0.91,0,2857633,0
26,2906783,12445082,4161452,214610,109305,0,3,세종,1.0,0,0,0
25,2241896,36878481,24322025,484617,88173,102645,1,경남,0.86,0,12225417,0
38,2371525,22596136,26932395,295643,130511,0,1,부산,1.02,0,0,0
31,9000000,41115957,1437780,418780,99533,174859,1,세종,1.0,0,0,0
25,2737187,29920454,55485056,288764,132700,0,1,대전,0.98,0,707668,0
24,3437461,78583367,27033638,267307,127624,0,1,인천,1.08,0,8210601,0
37,3385265,17703367,8985447,526053,80773,0,1,경기,1.15,0,2498617,0
20,3929881,9995556,24336261,413699,66394,172511,1,광주,0.91,0,0,0
20,2484099,142221800,27473504,509103,104633,92140,1,경기,1.15,0,0,1
34,5213980,68399941,14198165,488103,131925,136394,2,경기,1.15,0,0,0
19,3690911,16022740,20110465,325841,174343,0,2,대전,0.98,0,4151942,0
22,888378,10557569,21076537,641898,74973,0,2,부산,1.02,1,0,2
39,2912218,21023715,15715976,393104,75255,1326222,1,강원,0.84,0,0,0
27,2832381,60967227,23419138,468396,155757,173343,1,서울,1.35,0,10622220,0
34,2776887,21409701,23628191,479893,120056,0,1,대전,0.98,0,0,0
29,3796726,13916619,19935718,457107,106083,187178,2,울산,0.94,0,7020301,0
20,4007123,11031465,11358835,552560,138048,0,2,제주,1.04,0,0,0
22,3808755,40206646,5387639,390692,153985,0,3,충북,0.86,0,0,0
34,3528508,28195410,16752382,272866,145970,0,1,경북,0.82,0,0,0
20,3164407,61032781,31076629,222896,88576,0,2,대전,0.98,0,0,0
31,1209398,106812949,18580694,338623,127643,599213,1,울산,0.94,0,0,2
26,4261561,30646366,10092183,201038,151856,0,2,울산,0.94,0,0,0
26,2156439,32985435,2106495,441227,100389,0,1,경남,0.86,1,0,0
38,1997096,29654217,60267448,180000,127563,639919,1,제주,1.04,0,0,1
31,3441103,31602182,26568039,395648,93967,0,1,제주,1.04,0,0,0
31,4029955,7404046,19251786,441682,75866,318544,3,전북,0.8,0,7614222,0
26,5046918,35738380,12434431,416180,128150,773366,1,세종,1.0,0,0,0
27,3798367,53664669,2177561,383120,142469,0,1,강원,0.84,0,1116880,0
33,3502337,14866148,10466318,530877,141302,0,1,제주,1.04,0,6253514,0
19,4582541,89565218,47872917,425012,65386,0,1,대구,0.93,0,3659536,0
23,2673342,15166040,4780185,592591,159290,0,3,대전,0.98,0,0,1
31,3641162,78293964,1648168,477449,131094,105268,1,경남,0.86,0,0,0
32,2335119,50888618,52214593,387241,151359,0,1,광주,0.91,0,0,1
20,4916364,7405969,8113218,200812,81848,505244,2,부산,1.02,0,663696,0
35,1526482,63082555,12808375,405650,139940,263289,1,강원,0.84,0,0,1
30,4333340,31271622,23875118,643919,136013,0,1,대전,0.98,0,0,0
23,3073314,37340678,61015181,387874,66753,510636,1,경남,0.86,0,3366028,0
34,1774717,25377016,43504241,461145,126516,0,1,경남,0.86,1,0,1
39,2180398,30593067,16604457,341345,77681,0,1,대전,0.98,0,1111696,0
27,3170326,7075920,8970852,370253,111252,0,1,강원,0.84,0,3084753,0
24,3130562,39642974,5864977,555047,196263,217662,1,제주,1.04,0,0,0
25,3675582,25527185,20684746,400644,120002,0,2,전북,0.8,0,0,0
31,1943888,36874775,20267516,551609,110730,743602,2,부산,1.02,0,25768560,2
19,1961760,38164296,2009742,247650,59246,0,2,충북,0.86,1,12009786,0
29,1379067,38331605,13044568,274956,121353,0,1,충북,0.86,0,11671553,1
19,2288667,40940956,17663844,204209,106125,0,1,충남,0.87,0,0,0
19,1557634,3720399,37416641,605810,51641,0,4,서울,1.35,0,0,2
28,4354788,23898531,6693781,423937,75683,0,2,대전,0.98,0,0,0
34,3622621,17477463,17057239,330135,141512,0,1,경북,0.82,0,0,0
37,3710766,7411768,5067759,336596,157973,0,1,대구,0.93,0,10012453,0
20,5746627,36794985,23925627,306060,116465,468515,1,대전,0.98,0,2011498,0
24,2662556,100321771,14442081,436298,149278,0,1,대전,0.98,0,14098518,0
27,3964039,42503505,76347858,499102,115959,0,1,부산,1.02,0,0,0
31,3137829,22901364,8882476,704099,89646,205254,1,인천,1.08,0,9675579,0
39,2938975,33638835,11452049,653206,190950,0,3,대전,0.98,0,0,1
33,5349434,42104381,2081306,318625,60975,108372,1,경북,0.82,0,0,0
30,7465928,36716392,23760887,434399,136874,0,1,서울,1.35,0,6079979,0
20,2533523,19935279,12215445,535633,90044,14973,1,대구,0.93,0,0,0
20,4365100,15214266,22010032,675156,110370,0,2,경기,1.15,0,0,0
22,3498596,34912109,14103245,427202,166454,0,2,강원,0.84,0,0,0
32,3516689,10311677,70526541,314105,114394,0,1,대구,0.93,0,0,0
25,3392028,39573564,20493710,247133,98194,0,1,전남,0.78,0,0,0
24,2643009,18521436,28058851,428849,91727,0,1,강원,0.84,0,0,0
33,800000,72975143,15317700,418281,129193,43007,2,전남,0.78,0,0,2
36,5900928,33184351,19156382,409837,78143,584190,1,충북,0.86,0,16303726,0
28,2262356,67104586,17879854,262033,116348,0,2,울산,0.94,0,17237475,0
37,2749096,23283984,15840650,224338,105689,0,1,경북,0.82,0,3890165,0
34,2774348,17235523,10681342,439164,86965,0,1,세종,1.0,0,14349541,0
34,2177345,17899834,34064931,571543,65114,0,1,제주,1.04,0,0,1
37,3381924,88766503,82409867,471510,116432,293164,1,제주,1.04,0,0,0
22,1477173,23782702,16856035,321667,98244,0,1,충북,0.86,1,6270710,1
34,2241244,23770936,6291421,180000,119327,1028396,1,충남,0.87,0,0,1
39,3252232,44166846,35982556,556189,36930,0,2,대구,0.93,0,4375484,0
39,3006966,27925008,44506826,458461,93446,5380,1,전남,0.78,0,0,0
31,1950809,41718100,9818380,408939,141340,211004,4,충남,0.87,1,0,2
34,1713909,29551299,4845074,337915,53547,149860,1,경남,0.86,0,0,0
37,2157228,24041463,28020274,347994,178418,297983,1,대구,0.93,0,0,0
36,2313361,31164119,15705307,465604,122200,10842,3,전남,0.78,1,3300578,1
37,1096834,37210774,26338748,469505,108042,0,2,울산,0.94,1,542980,2
36,2068200,56419259,18734136,389771,118521,146711,1,부산,1.02,0,0,0
27,2366274,10115548,16394204,776948,86217,0,1,인천,1.08,0,0,1
34,2920400,26557614,6513822,180000,160448,422320,1,강원,0.84,0,1977331,0
27,2925176,31608076,24726058,337352,120101,0,1,대전,0.98,0,0,0
35,2786704,16401167,5437593,453059,119902,0,1,경기,1.15,0,0,0
36,1959832,31015560,30692093,403942,148062,599514,1,울산,0.94,0,0,1
38,4252895,22096873,26988242,515891,124981,0,1,충남,0.87,0,2281393,0
31,5394695,21609491,23970728,531720,90053,84972,1,대전,0.98,0,0,0
28,1341324,11818347,48030365,424252,113983,36805,2,제주,1.04,0,0,2
22,1563801,100557174,10923421,180000,129304,0,2,전남,0.78,0,0,1
32,4694399,7984671,13567511,575881,116327,386265,2,세종,1.0,0,0,0
30,5990375,17202982,10896664,232419,64041,138421,1,경남,0.86,0,0,0
29,1220908,26828554,19675447,354106,161940,0,1,울산,0.94,0,0,2
33,4330917,28677040,17625239,467438,121623,69126,1,인천,1.08,0,0,0
36,6168341,70843913,16572700,497318,108106,17630,1,서울,1.35,0,0,0
22,929784,6765143,11386533,273204,133927,0,1,경남,0.86,1,3297156,2
28,6015857,6829476,24534264,566809,97806,0,1,제주,1.04,0,6003603,0
34,2825270,26522712,34319379,513975,56194,10768,1,전북,0.8,0,0,0
36,3491863,36983650,12010509,510095,117336,664493,1,경기,1.15,0,0,0
35,2238646,23341238,1102476,195058,136059,384951,1,대구,0.93,0,0,0
35,4690710,61399445,39979916,604407,112382,228817,1,서울,1.35,0,0,0
36,4366475,14242790,9796999,523867,113737,358876,1,서울,1.35,0,0,0
39,6403000,27684074,39812898,418097,106068,0,1,대구,0.93,0,0,0
31,5666676,41465911,28204185,386744,106984,364415,3,강원,0.84,0,2707749,0
24,3038023,24876780,41218547,216412,122534,0,1,경기,1.15,0,12475428,0
30,9000000,67416084,19888169,402289,142891,20950,2,제주,1.04,0,0,0
33,5452000,31847652,38720302,459184,138529,0,2,울산,0.94,0,0,0
21,3848038,6663675,23265637,384968,183668,0,1,대구,0.93,0,8653146,0
34,1986482,65828857,23437299,282147,175104,0,1,세종,1.0,0,5556788,0
30,1579688,54481959,15881136,428202,79083,209277,1,전남,0.78,0,1892977,1
38,1638497,39607808,26607969,190528,105613,230067,1,대전,0.98,0,0,1
23,2041460,113379500,5210014,657238,146999,101063,1,서울,1.35,0,0,1
38,5514504,38242924,16389198,533866,59019,195193,2,서울,1.35,0,0,0
28,3760643,30987319,9973879,427042,121065,0,3,경북,0.82,0,12859984,0
31,2342904,55051954,19261670,476958,87341,323981,1,경기,1.15,0,16610573,0
32,2876913,36987771,5907484,459791,109057,89517,1,충북,0.86,0,0,0
31,2730025,32574356,9069423,596033,112433,0,1,광주,0.91,0,0,1
37,4302359,12102896,4022697,453481,47204,0,2,전남,0.78,0,0,0
22,2090197,5809122,11332271,612507,201929,0,1,경기,1.15,0,3458370,1
34,3544889,10471796,6951489,471076,91989,0,1,경남,0.86,0,0,0
39,3470083,31555072,8380736,180000,161461,0,2,충남,0.87,0,12292433,0
23,2117272,63258345,32067233,398157,55440,0,1,울산,0.94,0,0,0
24,6037465,87101243,17511587,486042,91455,416829,1,부산,1.02,0,0,0
28,2685981,71845750,15387496,537279,142225,159304,1,제주,1.04,0,6658599,0
34,1990248,79720744,45004950,372681,104499,0,1,대전,0.98,0,11962463,1
39,4401212,15795009,23848957,526058,141363,258107,1,세종,1.0,0,9640964,0
35,3122315,33407966,23098521,258996,133588,0,1,광주,0.91,0,11361148,0
35,3635569,16656755,20829590,713018,84753,165834,1,부산,1.02,0,0,0
28,800000,35675988,32645711,461664,154861,411754,2,울산,0.94,1,0,2
32,4325296,21129151,41934586,312067,135198,0,1,인천,1.08,0,0,0
23,7762355,4080912,31175560,764490,70338,117538,2,서울,1.35,0,0,0
28,1772025,38321397,32006528,232032,115325,0,1,대구,0.93,0,20418186,0
22,3551789,12616444,31177685,488773,139342,0,2,경기,1.15,0,0,0
19,2175935,22720938,22371330,419340,108371,0,1,울산,0.94,0,0,0
36,9000000,26558877,11243646,310948,110919,0,2,경북,0.82,0,8299046,0
35,5197530,50460881,10151727,473860,131958,0,1,인천,1.08,0,3843512,0
29,3443360,31868684,5356943,633932,63666,338910,1,서울,1.35,0,0,0
19,1798870,24595107,63527544,287606,109450,0,1,경기,1.15,0,18581524,1
20,944010,67733362,34677924,447952,100063,93706,1,세종,1.0,1,0,2
21,4204013,16334813,11631556,417731,138072,0,3,대구,0.93,0,0,0
34,1697692,40261518,3165313,727049,93430,0,4,세종,1.0,0,0,2
23,1720754,16881343,36784206,772294,189023,0,2,서울,1.35,0,0,2
24,3061604,129724262,13846078,338083,92174,468700,1,대전,0.98,0,4342017,0
37,3230092,68195897,32803579,352895,71700,60729,2,광주,0.91,0,0,0
37,3591447,97765824,7074405,336132,154744,0,2,울산,0.94,0,21379955,0
35,2524759,35607569,10150916,343116,130379,0,1,강원,0.84,0,0,0
25,4530374,59841960,12016053,462204,121586,0,1,전남,0.78,0,0,0
31,2105517,15548347,28379998,379703,103075,157931,1,울산,0.94,0,10240054,0
23,3993223,6661896,8318255,303895,96542,0,1,경북,0.82,0,0,0
37,3344153,29580831,23113508,437238,125387,496966,1,강원,0.84,0,0,0
20,3948835,32213242,3948065,180000,91423,367449,2,대구,0.93,0,6355099,0
34,5070304,71356841,17651391,397232,175550,0,1,부산,1.02,0,0,0
29,2507657,30874317,49088255,562098,120706,0,1,대전,0.98,0,14990733,1
34,2295334,28130564,56396121,499701,100255,0,1,충북,0.86,0,0,1
28,1475700,50707336,37676864,549270,96783,128765,2,대구,0.93,0,0,2
22,1280142,80323916,2630507,233507,67105,0,3,경남,0.86,0,3955605,2
34,2827726,58481819,15931859,275683,137540,0,2,세종,1.0,0,0,0
32,2912194,40727862,14563270,293991,81159,48212,1,경북,0.82,0,16787368,0
28,1911954,60176901,32041282,356122,104631,0,1,충남,0.87,0,0,1
26,2097128,56185790,19637859,328254,200721,116477,1,대전,0.98,0,1151904,0
26,5872185,50692431,7176816,240317,49312,0,1,부산,1.02,0,0,0
29,4444879,59155933,32786043,445522,104123,300298,1,전북,0.8,0,0,0
24,1772960,33009667,58700059,463568,63664,0,1,대전,0.98,0,0,1
24,2521697,92178311,30481146,305533,91656,257670,1,대구,0.93,0,0,0
24,3631779,6841368,8367012,486093,103937,0,1,경남,0.86,0,0,0
19,2329766,41699313,69960955,478435,66371,0,2,세종,1.0,0,0,1
38,2154164,24104077,47254770,232882,134019,0,1,서울,1.35,0,0,0
23,2637142,30416003,30843660,504433,163395,832213,1,세종,1.0,0,0,1
22,4875028,7412845,54598669,340764,122330,0,1,울산,0.94,0,0,0
22,5069003,17825889,29290880,180000,137449,0,1,경북,0.82,0,0,0
39,2223093,34575679,13172515,491060,164448,166960,1,전북,0.8,0,909517,1
29,3717973,42894450,54054012,398232,133690,0,1,부산,1.02,0,3011782,0
25,3041603,17076120,8432453,277780,31317,0,1,인천,1.08,0,0,0
27,1977039,22962115,8008483,444248,115188,0,1,충북,0.86,0,8803307,0
20,2684245,48128424,15520215,632551,32118,0,1,서울,1.35,0,0,0
25,1770958,65496534,20154440,499351,86279,0,2,대전,0.98,0,0,1
24,5029172,19293843,24933809,204104,61296,0,2,인천,1.08,0,0,0
35,5945916,76338742,20976803,558274,129252,0,1,서울,1.35,0,0,0
20,2556388,45675817,13957135,248070,77515,0,1,경남,0.86,0,2516191,0
27,2307207,72943438,27604442,471573,125813,0,1,경기,1.15,0,8366635,0
35,4800006,37053080,10562809,387285,147043,0,1,서울,1.35,0,0,0
36,5145310,33129334,24822653,211187,75380,156694,1,경남,0.86,0,0,0
29,1888806,29961012,1032111,685478,121234,0,1,부산,1.02,0,0,1
23,2861890,37112322,14345066,499018,25000,0,1,전남,0.78,0,0,0
26,2973674,29732252,15413293,739466,67461,0,3,서울,1.35,0,0,0
23,2189576,28992667,73401181,581365,158126,579834,1,인천,1.08,0,0,2
32,3600648,53558667,16697867,259722,84431,54960,2,경기,1.15,0,3652751,0
25,2257290,17519339,16516381,340278,89221,469001,1,전북,0.8,0,43636203,0
32,2417731,39960597,13035285,414971,80297,130342,1,충북,0.86,0,0,0
32,2919943,11585824,6456210,406724,51337,0,3,세종,1.0,0,0,0
38,800000,32858409,5753616,180000,74272,1094815,1,대구,0.93,1,0,2
26,1259691,20687929,5832769,649875,115098,237067,1,경기,1.15,0,0,2
39,4526725,35262166,15257466,452269,94995,0,3,강원,0.84,0,0,0
27,2218436,10348758,14299160,371302,150004,220283,1,부산,1.02,0,23133684,0
33,7637980,24418982,2577411,513973,87270,369167,1,충북,0.86,0,8949975,0
32,3905249,43489040,53701825,334392,108719,0,1,충남,0.87,1,0,0
36,2453108,21753789,25300475,427955,89000,0,1,경북,0.82,0,0,0
28,8338926,7159233,20984644,310882,144688,136636,1,세종,1.0,0,1186710,0
35,4564453,49562922,2300472,662809,69542,61948,1,서울,1.35,0,0,0
26,2310945,109174605,23587473,430649,127179,0,2,대구,0.93,0,2807140,1
29,1004963,19012690,16424800,326223,122212,0,1,경북,0.82,0,1112834,2
29,4100251,96208107,30024085,180000,79735,119151,1,강원,0.84,0,4693625,0
33,1562470,6310076,8168501,413501,105444,0,1,충북,0.86,1,0,1
31,1403631,43974781,11356894,454870,124224,0,1,울산,0.94,1,18207164,1
20,2764174,13523598,24416203,338433,89548,0,2,인천,1.08,0,0,0
35,1865041,110799821,10017686,464426,83977,12596,1,경남,0.86,0,0,1
34,1621285,26829390,19569465,366361,64120,0,1,전남,0.78,1,0,2
21,4132967,15952395,6514689,533008,183662,0,2,제주,1.04,0,136276,0
39,2618915,64559254,13925900,310769,91697,0,2,경북,0.82,0,0,0
32,2612119,52608405,8969856,191170,67550,0,2,대구,0.93,0,8416984,0
20,1586936,69606855,32011618,180000,48576,0,1,대구,0.93,0,10111188,0
29,3171986,37303618,67445442,415255,82363,0,1,대구,0.93,0,0,0
36,1890820,26430101,51839853,180000,118262,0,1,경남,0.86,0,0,0
24,4527219,61075610,2135005,283439,99539,0,1,강원,0.84,0,13900659,0
38,2224380,31888635,25216239,512282,122952,62527,2,울산,0.94,0,0,1
27,2685827,9187357,9876718,183592,137915,214717,1,제주,1.04,0,920534,0
23,7734219,39333577,5234430,180000,103638,0,1,충북,0.86,0,0,0
26,2673303,57418890,22575634,472353,104456,512927,2,경남,0.86,0,4419717,1
30,2523620,8318045,6334054,489412,167680,0,3,제주,1.04,0,0,2
33,3923402,38258722,49117871,187878,141082,488866,1,경기,1.15,0,18829750,0
38,1415495,57351142,24281346,327076,123478,0,3,광주,0.91,0,1829242,2
23,2502249,16578863,29131538,350235,95592,46136,1,전북,0.8,1,0,0
39,4676434,97624481,17663540,187812,130800,188298,1,전남,0.78,0,0,0
30,3821549,17594764,5749386,302619,126091,0,1,인천,1.08,0,0,0
21,800000,14960629,13278435,210064,122573,0,4,대전,0.98,0,7286914,2
38,2728070,31586181,40591437,440053,133583,415688,2,강원,0.84,0,9277641,0
26,1080490,12089765,12844004,485610,118573,502434,1,전남,0.78,1,0,2
32,4945646,20142596,17807696,612111,62126,0,1,경기,1.15,0,0,0
33,4795811,36788177,44889807,494248,110834,0,1,충북,0.86,0,1237107,0
19,3603789,12180508,21611224,596718,72533,95682,1,대전,0.98,0,10879334,0
23,1818121,42503516,45535609,197325,134605,536183,2,부산,1.02,0,2899503,2
33,5799015,11231998,16696420,576791,57105,0,1,세종,1.0,0,0,0
25,2724730,12834389,7132727,444822,109593,0,2,울산,0.94,0,0,0
19,6628981,91271332,14081071,636702,110944,76484,1,충북,0.86,0,0,0
19,1290127,14527176,19668999,884262,71416,593949,1,대전,0.98,1,0,2
36,3792665,35731812,32401330,285108,104322,0,1,전남,0.78,0,0,0
22,2502301,28161311,32926088,443353,142170,0,4,경기,1.15,0,3413099,1
21,5585268,9819425,15295220,307598,88557,0,1,경북,0.82,0,0,0
30,3962076,19615905,21429439,607779,129833,62769,1,서울,1.35,0,13821533,0
21,5672245,35680155,56098185,311949,125367,367390,1,전북,0.8,0,18051542,0
32,3291964,17522179,26306359,772020,74201,422061,2,대전,0.98,0,0,0
30,2988929,16076267,48854467,363975,111466,0,2,광주,0.91,0,0,0
32,3939475,17833006,12473024,555296,112320,0,2,서울,1.35,0,10841062,0
29,5671389,72455162,11273717,391502,108621,487049,1,충남,0.87,0,9391614,0
35,4722495,66507600,45173657,319436,57617,123210,2,인천,1.08,0,11234420,0
32,3236776,36731543,6916619,180000,59882,126970,1,충남,0.87,0,0,0
27,1372368,24488658,6718258,344600,150302,237282,1,전북,0.8,0,0,2
19,4321522,29189954,5679120,690756,134510,220040,1,경북,0.82,0,3059172,0
24,1642958,37723061,9113149,480438,115304,0,1,전북,0.8,0,0,1
21,3096257,37920276,22348149,357850,143117,38151,4,대전,0.98,0,0,0
19,2901890,14782903,22721236,384747,61194,718654,4,전북,0.8,0,12203561,1
24,1657816,19219488,17352324,695314,100095,0,1,경북,0.82,0,0,2
23,3579839,17551803,13697047,464168,100324,0,1,대전,0.98,0,0,0
20,7702140,32619551,20802076,352067,86804,0,2,인천,1.08,0,0,0
25,2666379,67547109,46500996,334397,69241,418517,4,경남,0.86,0,0,1
29,4239604,31337648,20303849,559739,159826,0,2,인천,1.08,0,42798538,0
22,4565789,28496314,11233501,441350,86892,0,1,충북,0.86,1,0,0
24,4419671,12190908,872771,631738,126232,0,1,대구,0.93,0,0,0
19,2311413,4744241,18771134,489163,125389,0,2,인천,1.08,0,0,0
20,1445428,18734143,31540400,180000,143750,0,2,전남,0.78,1,13333645,1
22,3750455,43978736,3124194,565979,139456,0,2,인천,1.08,0,0,0
28,5650145,16605118,4454552,455841,98376,0,1,충남,0.87,0,815637,0
32,5140669,10338421,10220725,437251,64862,46206,1,충남,0.87,0,28893878,0
35,926901,49333290,11753307,405964,146532,666646,1,경기,1.15,0,0,2
32,2110603,41974323,21905336,739457,156527,0,2,인천,1.08,0,0,2
31,2959529,18656312,50750776,180000,193370,0,1,전남,0.78,0,0,0
38,800000,20155550,6512572,326463,146230,333368,1,세종,1.0,1,0,2
24,800000,20079194,10808855,458331,91401,0,2,인천,1.08,0,278819,2
35,2232508,23771818,16801600,639300,95066,0,2,제주,1.04,0,4637479,1
38,3045268,88811705,8610510,607376,37786,0,1,대구,0.93,0,0,0
30,2433351,22482505,27256897,674590,91290,222678,2,서울,1.35,0,6906959,1
36,1986662,41379611,23795963,484349,64510,1036049,1,경남,0.86,0,0,2
21,1096105,22256235,13872912,435078,140282,0,1,서울,1.35,1,9095875,2
37,3534845,41404319,30221258,180000,141993,0,1,강원,0.84,0,0,0
30,2493394,21889100,13904910,414943,191916,0,1,제주,1.04,0,2254429,0
23,5501339,15281726,7705901,501261,216538,0,3,강원,0.84,0,0,0
20,3126640,26291650,3229963,512383,117188,0,2,강원,0.84,0,0,0
34,2096755,23484529,27223962,264090,89622,0,1,광주,0.91,0,0,0
28,1880599,21908813,25184225,332867,100074,0,2,인천,1.08,0,8113583,0
25,2783098,43129824,5142367,543824,84248,264022,1,강원,0.84,0,0,0
27,4922972,62768895,6985373,418004,190950,0,1,경남,0.86,0,10536516,0
39,875003,102474072,25030843,218269,25000,0,2,경기,1.15,1,9440553,2
27,3940745,42970690,23327240,193982,164749,0,1,경북,0.82,0,0,0
20,3176567,32630505,22546119,468965,78013,487395,1,울산,0.94,0,0,0
24,7186698,10924130,25027678,192100,94787,216089,1,강원,0.84,0,3693511,0
22,3607264,55633429,86144238,228270,25000,0,1,인천,1.08,0,0,0
33,2258959,80546695,31358577,222916,145845,0,3,충북,0.86,0,0,1
35,4186146,22448796,31136675,544583,140200,369626,1,부산,1.02,0,0,0
36,4247162,98578477,10438281,418069,72193,76928,1,대구,0.93,0,0,0
32,2571339,68290891,4371249,594878,146364,243287,1,전북,0.8,0,0,0
35,1848960,44872927,65336246,465519,151725,0,2,서울,1.35,0,0,2
27,3840631,25958431,11055827,394532,92123,0,1,울산,0.94,0,0,0
32,3134448,13708679,22230804,411575,37085,0,1,충북,0.86,0,0,0
21,1588873,78874834,3909667,416623,106092,0,1,인천,1.08,0,0,1
30,3402756,9528376,2085624,241259,148018,343852,1,대전,0.98,0,0,0
30,2319229,83881694,35487484,352676,79536,182631,1,대전,0.98,0,0,0
19,1589521,87930007,7805526,294563,146985,0,1,충남,0.87,0,5010548,0
30,2621460,15921897,26700433,426295,82758,0,1,제주,1.04,0,0,0
34,5295178,13554337,7439426,292000,104871,0,1,경북,0.82,0,0,0
26,5127448,18615784,28510707,491778,86662,576703,2,부산,1.02,0,0,0
30,4582501,26296981,22977239,547928,125177,0,1,서울,1.35,0,23005019,0
25,3424350,16730938,19599807,383024,148443,0,1,서울,1.35,0,13757859,0
24,3940605,17241372,20449405,285381,165996,278928,1,충북,0.86,0,0,0
21,3182155,24902900,29040098,295927,121053,0,1,인천,1.08,0,0,0
25,1896423,77256298,10041517,721749,57884,0,2,부산,1.02,0,0,1
35,857400,32737707,21187720,355598,130163,33212,2,경북,0.82,1,0,2
38,2349151,49424127,22531965,437163,97616,460573,2,경북,0.82,0,0,1
32,5571844,15654888,29266874,322703,96864,69596,1,경북,0.82,0,0,0
32,4845830,33650363,41580837,613986,114163,1028988,1,대구,0.93,0,15032379,0
31,1917063,24960159,15147687,208223,128492,261082,1,충북,0.86,0,0,0
28,3120832,43562451,7868107,283959,94445,659458,4,충북,0.86,0,0,1
27,1569071,10115570,7252451,617309,132773,849905,1,부산,1.02,1,0,2
32,2853221,71862771,8861005,309851,122646,622099,3,강원,0.84,0,0,1
35,2422120,23365399,11384297,349635,132359,0,1,세종,1.0,0,0,0
27,5582234,14249578,11916668,331646,140815,0,1,광주,0.91,0,0,0
30,3025305,92707569,13737116,613443,30380,0,2,전북,0.8,0,0,0
28,2173332,34312796,17973174,654361,95393,0,1,충남,0.87,1,0,1
24,3358763,24407006,18210797,419155,103135,0,1,강원,0.84,0,4152707,0
25,1960502,7673644,25659813,358933,98883,0,1,전북,0.8,0,8578853,0
20,3195743,10987964,38537174,416252,77284,0,4,전북,0.8,0,0,0
28,1742864,11302340,18340065,416608,85644,329277,1,강원,0.84,1,2935237,1
33,5745395,30799557,10610124,442785,128703,0,3,대구,0.93,0,0,0
33,1861870,62968267,25258372,272229,123729,0,1,전북,0.8,0,3553732,0
39,1587472,40885999,24062974,251977,108739,206601,1,전북,0.8,0,0,1
19,1827462,27648891,10767918,537475,77740,0,1,제주,1.04,1,0,1
34,4914020,31064214,32904544,470444,143844,0,1,인천,1.08,0,5798393,0
35,3560027,57392496,6632198,628773,138239,91549,3,울산,0.94,0,0,0
28,4086418,24454697,4763163,361137,147855,0,2,경남,0.86,0,0,0
24,1699331,5665637,7509128,332335,84643,761378,3,세종,1.0,0,2107015,2
26,2384971,55410739,33378513,234808,239825,0,4,제주,1.04,0,0,1
33,1186269,14034216,19317171,497959,127402,0,1,서울,1.35,0,0,2
37,2868737,10891817,47418155,359756,93190,262970,1,서울,1.35,0,8317009,0
32,1202650,40735886,40032885,453469,190424,60530,2,전남,0.78,0,0,2
29,5409659,7311732,44975294,293850,136187,0,1,광주,0.91,0,0,0
32,5951926,33081388,10053846,349253,119097,0,2,세종,1.0,0,2513567,0
20,3240146,29290540,13964438,482829,122003,0,1,울산,0.94,0,0,0
31,1591593,39165767,16021568,663587,154903,0,1,광주,0.91,0,0,2
19,3584783,33860182,48808919,263606,117748,0,1,경남,0.86,0,0,0
39,6784011,17502706,11346014,368115,54935,0,1,경기,1.15,0,0,0
37,3742328,61349417,30830127,260781,106530,157069,1,전남,0.78,0,0,0
29,5076818,30008749,22088697,180000,140405,649366,1,경남,0.86,0,19565451,0
26,2475693,19703516,813371,476998,107467,301144,1,충남,0.87,0,4950459,0
34,2097028,15405685,12610682,484147,75540,0,1,광주,0.91,0,0,0
32,2958466,61615695,7142264,436137,112487,68879,1,인천,1.08,0,1451141,0
33,1331969,62160665,11684595,237779,139389,0,1,충남,0.87,0,0,1
29,8074409,18834686,961592,764206,155340,454521,1,울산,0.94,0,2356072,0
23,3238762,36855240,64088879,232682,74939,76772,2,인천,1.08,0,0,0
20,4427584,44066126,11185015,307410,68811,0,1,광주,0.91,0,10029028,0
24,2501006,20312621,14095819,469443,110818,111764,1,제주,1.04,0,26658396,0
30,1570846,57740934,51343059,466026,86210,0,1,대구,0.93,0,26006629,2
27,5630746,57845967,4621252,451202,92204,91018,1,부산,1.02,0,0,0
29,1880953,7866365,23049705,374490,99734,253613,1,충남,0.87,0,0,0
24,3543597,42832681,9065073,546608,139253,0,1,부산,1.02,0,18354745,0
38,3690154,21823950,1900541,833738,79386,0,1,경남,0.86,0,0,0
26,3148546,12957473,23927985,266533,67221,0,1,경북,0.82,0,15819240,0
36,2176614,11164933,47525544,339168,87013,0,1,제주,1.04,0,0,0
27,2859937,30628476,14377345,365228,55969,185807,1,경남,0.86,0,0,0
28,838914,23502035,30440881,477016,112300,0,1,대구,0.93,1,0,2
31,4319277,21371355,10023993,803260,116259,0,1,부산,1.02,0,3303869,0
24,3899728,44958319,26677800,400302,146910,0,1,대전,0.98,0,0,0
23,3022059,173090731,17033826,487724,73629,0,2,울산,0.94,0,0,0
26,1481376,38132138,8970782,180000,112339,0,1,경북,0.82,1,20513515,0
35,7548043,31427755,5036857,376161,119323,0,1,전북,0.8,0,12590829,0
22,1742384,54662699,38755316,336412,54741,53989,1,충북,0.86,0,0,0
28,1569815,14128378,15340127,496903,115709,0,1,경북,0.82,0,0,1
33,2944323,21716106,10922564,315793,117891,0,1,충북,0.86,0,0,0
33,2729671,33083790,12958296,240647,105541,629834,2,광주,0.91,0,23698801,0
28,4889559,32546946,26216396,428240,65833,503899,2,울산,0.94,0,0,0
20,4026799,50360774,31916184,205267,109336,0,1,세종,1.0,0,0,0
19,3088970,74928138,20951152,396382,46833,94203,1,경기,1.15,0,0,0
28,3782128,52532771,20845194,347988,118982,574213,2,전북,0.8,0,1306275,0
36,3752690,85807086,11651899,180000,135097,0,1,충남,0.87,0,0,0
19,7535845,77847393,11979391,321115,99936,0,1,전북,0.8,0,5027938,0
37,3401062,40241321,24817880,565976,153260,181362,2,강원,0.84,0,0,0
33,1306820,29938539,10113998,180000,82760,510182,1,전남,0.78,1,0,2
19,3321768,41616412,6001168,386338,87400,171315,1,제주,1.04,0,0,0
26,989169,6250308,23804808,433774,98731,0,1,강원,0.84,0,6087706,2
23,3007482,50202628,23027856,512736,189905,0,1,울산,0.94,0,0,0
38,4879897,59715188,41530934,477720,105354,0,1,경기,1.15,0,5070254,0
30,3951443,14932067,21849911,304305,182177,121154,1,전남,0.78,0,0,0
25,3467801,70869603,20601810,592393,107573,0,1,경남,0.86,0,0,0
24,4032209,56853348,4251069,430393,80888,0,1,충남,0.87,0,0,0
30,4901503,44105290,14591979,217806,176392,265449,1,경북,0.82,0,0,0
19,5629339,22396420,9399802,385641,114505,0,2,경북,0.82,0,9563993,0
24,3697096,72007830,21715693,311471,96868,0,1,전남,0.78,0,2914131,0
22,2662362,4996975,59234791,310083,142135,242785,2,세종,1.0,0,0,0
32,1127866,27885698,36154454,252075,158955,0,1,경기,1.15,0,5993891,2
33,2328363,46553921,6084621,623199,99356,447287,1,서울,1.35,1,10624203,2
28,3806380,63753156,23329151,518380,144002,0,1,부산,1.02,0,0,0
21,3256930,55693740,10837595,524690,102749,0,1,울산,0.94,0,4995607,0
26,2268864,9834841,24113271,336509,73260,44001,1,전북,0.8,0,0,0
36,4618902,47651026,31985234,392225,85922,132477,2,울산,0.94,0,0,0
23,2730623,29612745,23424690,519086,78681,0,2,서울,1.35,0,0,0
22,3005188,4065973,13355855,587371,115489,0,2,부산,1.02,0,0,0
21,2977448,7879088,24863477,286005,116056,0,1,제주,1.04,0,7185358,0
36,3700907,11427519,10730295,400219,152858,160767,1,제주,1.04,0,0,0
21,1861216,4044926,31650980,265101,140415,425091,1,광주,0.91,0,11206276,1
31,3884673,12170203,21979807,314154,93025,84400,1,전남,0.78,0,0,0
39,2237053,29283280,10092082,536068,100844,0,2,전북,0.8,0,4093713,1
32,2271058,28896371,5749571,234084,86206,0,2,경남,0.86,0,5156929,0
27,4462882,38327938,18889104,409788,112760,0,1,경남,0.86,0,0,0
23,1988299,14363170,34125811,386894,101192,0,2,충북,0.86,0,5673880,1
19,4459434,63214347,30014542,246527,111757,272228,2,광주,0.91,0,0,0
22,3185882,53186744,4873268,369916,160096,0,1,충북,0.86,0,0,0
39,1501377,48739100,25475855,296229,164543,0,2,대전,0.98,0,0,2
22,2351801,83448916,27614777,427250,89705,0,1,대전,0.98,1,11239622,0
19,3485288,31992423,13024172,366096,136109,0,1,충북,0.86,0,0,0
36,3613279,12548096,15770726,571139,131349,0,1,강원,0.84,0,0,0
27,4703260,44845833,26624615,246222,89256,0,1,강원,0.84,0,2313297,0
26,5811313,30134146,18620544,372830,159441,0,1,광주,0.91,0,0,0
34,3325377,22886590,7792503,364014,58269,104630,3,광주,0.91,0,2531427,0
29,3977188,24931566,16761402,789163,157345,0,1,서울,1.35,0,7882588,0
38,3577812,44961261,7569648,324866,104828,356136,1,충북,0.86,0,9511910,0
28,2631906,35302218,29061382,225088,70983,493298,1,강원,0.84,0,0,0
33,1543826,101267801,21698765,262558,102478,71539,1,경남,0.86,0,0,1
37,3345306,42391608,4851136,354767,177729,376894,2,세종,1.0,0,9573241,0
28,5518383,35634913,23318235,323692,198560,0,1,울산,0.94,0,2301561,0
24,3919542,27857720,42094941,353410,88047,0,3,경기,1.15,0,0,0
39,1927357,40831787,15540264,455071,111076,0,1,부산,1.02,0,23382827,1
23,2210796,9249152,23076851,246056,105051,0,1,대전,0.98,1,0,0
19,2669976,16052956,17972297,474988,109353,260109,1,광주,0.91,0,0,0
31,1240569,43651557,5713514,423547,166894,0,1,광주,0.91,0,4360897,2
39,4724871,11728799,22640491,608150,96339,0,3,광주,0.91,0,0,0
20,2031202,21275725,8792225,414681,79793,0,1,전남,0.78,0,0,0
36,6559109,77795882,54440274,464447,98200,0,1,인천,1.08,0,0,0
36,4996233,30941818,5742630,722128,105004,0,1,대전,0.98,0,7097767,0
38,2765407,90914592,19442359,533197,140711,239442,2,인천,1.08,0,0,0
27,3716069,23504763,37393661,368037,115960,0,1,대전,0.98,0,0,0
24,8648852,55820648,10962166,272921,132427,0,1,충남,0.87,0,0,0
29,4688650,32633140,33088512,774390,156752,643804,2,서울,1.35,0,0,0
21,2110811,9440586,124222830,180000,101715,143629,1,대전,0.98,1,3926529,1
36,9000000,103759064,48796671,397707,117252,0,1,서울,1.35,0,15220325,0
32,3208172,15330498,26542291,290443,130066,0,1,제주,1.04,0,26558673,0
29,3916984,19831767,26242940,229805,86031,0,1,전북,0.8,0,0,0
29,2039225,104339804,24709892,400956,112012,0,3,대구,0.93,0,0,1
33,1484403,38977787,8365569,429796,149489,0,1,부산,1.02,0,0,1
29,2694969,18463695,27514881,564650,119576,205267,2,경기,1.15,0,25759254,0
36,3100790,37891291,76379056,193001,156638,0,1,세종,1.0,0,0,0
38,3513894,51487384,35390686,198145,75715,0,1,전북,0.8,0,4011545,0
38,1656389,34877280,11998571,395131,120315,252878,1,강원,0.84,0,9646663,1
32,4052085,79195201,12953780,233215,128271,529887,1,경북,0.82,0,0,0
34,2134166,23154600,78451288,180000,122643,0,1,대전,0.98,0,0,0
25,3962588,3604029,16725620,202137,100382,0,1,대구,0.93,0,0,0
19,4559258,51592406,12816886,441661,60939,0,1,세종,1.0,0,1782568,0
27,2573000,25509079,8618690,455457,151580,220711,2,부산,1.02,0,1283824,0
37,2015162,68233887,21857892,435987,63499,254976,1,제주,1.04,0,26442987,0
21,5923401,19337031,12347005,622699,65684,45243,2,부산,1.02,0,0,0
30,4439287,42088751,20316537,476260,132344,0,1,세종,1.0,0,0,0
23,3255974,18492553,24978255,427583,99078,0,1,세종,1.0,0,0,0
28,5734873,24997319,65179586,705677,124728,0,1,서울,1.35,0,0,0
22,3161176,6344654,14602777,548602,65777,0,2,울산,0.94,0,0,0
34,2335728,12786831,1508035,340697,120883,0,1,울산,0.94,0,0,0
36,1982601,44145555,13813623,526281,139727,0,1,대구,0.93,0,670013,1
34,2911848,56771475,16230980,719356,59118,18304,1,인천,1.08,0,0,0
33,4250265,39900485,18879734,842253,128526,284265,1,서울,1.35,0,3903932,0
23,5544121,11053388,23410539,726561,151281,0,2,서울,1.35,0,0,0
30,3080990,44001936,2575824,517999,65312,0,1,세종,1.0,0,2734066,0
21,5138624,33463691,7051863,567693,120367,134016,3,경기,1.15,0,0,0
26,1010552,15212006,13974945,661764,114681,166075,1,제주,1.04,1,0,2
29,2179411,27159634,33574813,199436,122946,0,1,대구,0.93,0,3527929,0
33,1739203,21546754,15947173,552919,99602,236901,1,충남,0.87,0,0,1
21,2453360,40522957,24548176,384774,58160,0,1,충남,0.87,0,0,0
36,1767593,29997538,5259929,336494,98096,75549,1,세종,1.0,0,5187094,0
28,7237180,43153374,8152254,230771,89472,0,1,경남,0.86,0,13467893,0
37,1431782,11405838,229370,309852,112926,142860,1,경기,1.15,1,27798283,1
30,2927144,56475605,2155367,551942,154619,0,1,부산,1.02,0,0,0
30,6395549,13880815,4545197,688905,58436,0,1,대구,0.93,0,7230539,0
33,1742231,83249350,7975517,426651,147383,0,3,인천,1.08,0,0,2
36,2875338,29323764,8961121,330079,173446,0,1,대전,0.98,0,0,0
22,3389137,65875469,55635852,529162,171305,0,1,대전,0.98,1,16040802,0
29,1611889,9119766,3974553,375166,169832,134150,1,전남,0.78,1,0,1
19,8734420,59133719,15969801,602790,118302,0,1,대전,0.98,0,0,0
28,4275716,14812192,8082570,239921,110567,0,1,경북,0.82,0,618377,0
36,5347824,68701834,9367806,438773,43872,0,4,전남,0.78,0,0,0
37,5414856,36868318,3307099,643627,101311,358681,1,경남,0.86,0,6234828,0
24,3052102,20838373,11672507,378917,154942,0,2,경기,1.15,0,0,0
27,2472453,69053973,30987713,392818,63142,0,1,제주,1.04,0,0,0
30,2902296,22822345,13887480,331777,78819,0,2,충북,0.86,0,5212692,0
27,1995233,82028964,25228381,547098,116715,0,1,제주,1.04,0,10408056,1
22,2964705,21650437,5246030,588969,52125,276703,3,광주,0.91,0,0,0
25,3044227,28749756,33933250,339075,176700,0,1,제주,1.04,0,0,0
27,6306070,33467904,14720242,716413,129350,585516,1,충북,0.86,0,0,0
29,3936335,11900569,14101945,524151,127313,328725,1,경기,1.15,0,20699851,0
38,8423851,40152983,12641884,329576,138340,0,1,광주,0.91,0,0,0
30,1205070,17142132,20594635,665325,101903,10609,1,인천,1.08,0,0,2
27,1807262,12670189,19170838,475118,122679,0,1,제주,1.04,0,44791742,1
32,2617823,13732614,47311104,329381,77367,1244576,1,대전,0.98,0,0,1
35,5794529,28391881,20104735,372004,31359,0,2,부산,1.02,0,0,0
28,2909623,72957729,16035987,651337,107344,0,1,강원,0.84,0,0,0
29,1622513,19337437,14609106,282790,166053,0,2,울산,0.94,0,10473222,1
23,2744882,34502547,25837972,648562,173912,431366,1,경기,1.15,0,14597042,1
37,1822436,73467396,27401624,210447,100555,0,1,전남,0.78,0,0,0
37,1675116,34659598,1695882,298448,98360,191985,1,경북,0.82,0,12998315,0
22,7204008,30213318,1385087,362583,53158,111095,1,전북,0.8,0,0,0
26,2622032,73611720,12909319,445087,146098,428123,1,충북,0.86,0,0,0
24,3285758,39856696,7797000,192406,124829,0,1,광주,0.91,0,10202767,0
38,2930492,41690342,15317940,295261,101862,489938,1,강원,0.84,0,0,0
20,2737372,26260721,18603977,577300,42967,0,1,세종,1.0,0,2829691,0
23,2124757,78314410,16005882,618705,50665,0,1,인천,1.08,0,0,1
25,2668639,19603309,48813569,418323,119831,0,1,경기,1.15,0,2065022,0
30,3525960,22175135,7196688,266200,56471,395568,2,대구,0.93,0,0,0
24,5613390,20069343,8877868,455804,129516,0,1,울산,0.94,0,31819261,0
30,4583848,44674029,55840069,525199,134302,360352,1,인천,1.08,0,0,0
34,1805690,40767642,5585283,555515,69287,0,1,경기,1.15,0,0,1
36,4665572,21003999,11450117,555661,109732,101106,2,경북,0.82,0,16028750,0
21,1540538,46287093,11540131,371664,77157,117215,1,광주,0.91,1,0,1
21,2331499,39357072,21560712,180221,141428,0,1,강원,0.84,0,0,0
20,3298419,14417213,16420131,361789,227177,0,2,세종,1.0,0,1416964,0
38,3900969,49484917,3274512,370641,103438,0,2,전북,0.8,0,789528,0
32,3112338,62286792,8768785,266128,159321,0,1,전북,0.8,0,0,0
30,3749589,25488443,9572452,374181,147534,830678,1,대전,0.98,0,7133394,0
35,2104489,15844115,24260393,473989,105325,66302,1,경북,0.82,0,13773956,1
31,7185459,29846483,46890296,238321,128642,574066,1,광주,0.91,0,6655144,0
23,1330492,19930165,34841426,180000,63744,417158,2,경북,0.82,0,0,2
29,3910314,6323117,14529300,512346,114841,163283,1,광주,0.91,0,3400626,0
33,3571015,26482525,42197971,555891,104800,0,1,경기,1.15,0,0,0
19,4021308,9191349,29751261,185403,155184,127094,1,전북,0.8,0,9635443,0
31,2249127,73630638,80588791,593003,97772,64435,1,서울,1.35,0,0,1
29,3164422,70458083,9437045,197926,70261,0,1,전남,0.78,1,1832134,0
20,2911621,37294483,38416709,471515,84149,58471,1,서울,1.35,0,0,0
24,1831379,23105859,9131312,314781,142388,80768,1,부산,1.02,0,29761202,0
28,1904793,22917264,3679862,336060,102482,253948,1,충북,0.86,0,0,0
26,3218015,53544805,5782239,555118,53943,385905,1,제주,1.04,0,0,0
25,1535164,22284270,21131261,428208,145531,0,1,광주,0.91,0,0,1
32,6615128,31926628,10536668,379835,60892,0,1,인천,1.08,0,0,0
27,4788311,33512917,5797529,495120,93243,0,1,부산,1.02,0,14332083,0
29,6690473,82604100,45168366,378997,101545,0,2,경남,0.86,0,0,0
35,6393959,13481103,18278521,473912,69248,352514,3,전북,0.8,0,0,0
20,2621697,14856434,53526676,498006,55911,0,3,경기,1.15,0,0,1
26,2098725,8348471,11270746,508129,138489,0,1,광주,0.91,0,0,1
20,964350,36489720,31000493,393148,133275,0,1,대구,0.93,0,0,2
38,2561162,14690443,7012506,357472,114324,0,1,부산,1.02,0,0,0
22,6516727,12698208,7985528,393670,120827,361824,1,경북,0.82,0,0,0
36,2136493,42534440,10283151,550826,49381,72705,1,충북,0.86,0,6664077,0
23,2786749,46022001,10111229,633368,130708,0,1,부산,1.02,0,0,0
25,922819,25216288,4585339,180000,123616,0,1,충남,0.87,1,3621148,2
31,3583677,16276050,9953634,509785,126162,0,1,울산,0.94,0,0,0
36,5302392,27386480,3761446,467386,130658,144372,1,경기,1.15,0,3329142,0
22,1573466,18913221,17064265,466874,145478,0,1,울산,0.94,0,1522725,1
23,1077363,50717296,40635940,225922,108380,0,1,부산,1.02,1,0,2
37,5779911,19459887,8096179,365266,112664,0,2,대구,0.93,0,0,0
25,4180205,49451808,12091197,180000,61320,635806,1,경북,0.82,0,0,0
23,2728107,23702845,29728435,267055,131599,0,1,전북,0.8,0,0,0
34,6354652,62904354,57748271,491451,90357,433938,1,인천,1.08,0,0,0
20,1695842,27965715,28696202,396698,87155,0,1,경북,0.82,0,0,1
37,4551985,27291396,15604029,657972,94166,37817,1,강원,0.84,0,9255738,0
37,2961806,67690747,21540266,279252,70510,591942,1,경북,0.82,0,0,0
36,3958857,108345296,22561222,219074,103872,0,3,전북,0.8,0,0,0
25,1092716,30040697,26074164,603373,140407,480785,1,대전,0.98,0,1674052,2
21,2726556,51147696,8131324,180000,69567,0,1,강원,0.84,0,0,0
27,4186915,30444429,26792367,375334,107900,0,1,강원,0.84,0,0,0
26,2968063,14548740,31473648,390383,130924,782510,3,전북,0.8,0,0,1
39,5232659,72065868,834221,180000,25000,436420,1,대구,0.93,0,0,0
32,5157839,16374285,11817271,293321,176461,326980,3,대전,0.98,0,0,0
38,807227,22340790,22792735,214043,94290,0,1,대구,0.93,1,9231631,2
34,4346880,69218785,20108881,538893,78836,125536,1,대전,0.98,0,4044755,0
34,1990322,25445083,26907150,375124,116614,0,2,인천,1.08,0,14937135,1
21,3121670,9346429,8269407,585292,96078,0,1,서울,1.35,0,0,0
20,4044172,80221883,697906,185184,106447,0,1,경남,0.86,0,0,0
19,2129676,44161795,22166711,393483,89084,0,4,경기,1.15,0,0,1
31,4278146,27792494,13666010,274303,148361,0,1,경남,0.86,0,0,0
23,2454293,33959649,52298485,516144,213634,0,1,서울,1.35,0,0,1
39,2376055,43014548,19301172,292489,132464,0,2,전남,0.78,0,0,0
21,2182988,43632217,904610,657539,118545,0,2,대전,0.98,1,19466524,1
38,2129044,33335943,25241027,520468,92678,0,4,세종,1.0,0,6995954,2
33,2082986,53421897,44137058,180000,147604,640079,2,대구,0.93,0,0,2
21,4772349,29275321,37694751,543286,85112,0,1,세종,1.0,0,0,0
20,3195748,3039635,23317947,520969,121831,0,3,울산,0.94,0,0,0
27,800000,18331151,9063576,388589,90277,0,1,강원,0.84,1,3303177,2
26,4406441,42016721,13119416,538472,66044,0,1,광주,0.91,0,0,0
25,2560757,7902130,11830780,537033,101024,0,1,강원,0.84,0,0,0
30,1668368,35616389,23241659,280306,73554,0,2,경북,0.82,0,0,1
21,800000,20469893,25343180,234049,162326,387462,1,울산,0.94,1,4752473,2
21,4497896,81324321,16449799,475989,83626,0,2,광주,0.91,0,5028717,0
33,2107235,57030819,38429510,332177,109203,631069,1,인천,1.08,0,0,1
39,1786553,22870218,7793998,450133,87287,0,1,광주,0.91,0,0,1
24,4015191,41906910,36060650,306165,70524,0,1,인천,1.08,0,10956675,0
38,4312992,25871189,55284243,516912,136395,0,1,부산,1.02,0,16710785,0
26,2174258,28277612,45552073,308839,109569,0,1,제주,1.04,0,0,0
26,4515776,21991057,38670925,446281,197313,455433,1,경기,1.15,0,0,0
20,7379793,83095303,10517933,414970,148661,0,1,세종,1.0,0,0,0
27,5442327,80039501,18188594,180000,110492,261199,1,경북,0.82,0,0,0
29,5090093,18898802,29114057,585041,125724,0,1,제주,1.04,0,5710571,0
32,3491101,61682265,22965835,642049,110608,0,1,인천,1.08,0,3594709,0
22,2520211,16241035,30041316,437165,77805,0,1,인천,1.08,0,0,0
22,2977579,13380359,59719115,223639,59726,0,1,광주,0.91,0,0,0
28,3686437,31986384,35882250,302210,71537,0,1,강원,0.84,0,0,0
20,1776085,26102475,60372014,317855,159689,0,1,제주,1.04,0,0,1
22,2190889,11337535,41941419,405030,121439,0,1,부산,1.02,0,3234812,1
32,1650716,8710927,15766616,438716,132561,0,1,인천,1.08,0,5772662,1
39,3374583,37381883,6235349,304028,138010,0,1,대구,0.93,0,0,0
31,3160894,16874132,11687511,518271,101037,7375,1,경북,0.82,0,0,0
22,2303609,21524799,27640946,558608,98505,0,1,서울,1.35,0,16156266,1
39,4340355,77523342,35734397,627724,180710,0,1,광주,0.91,0,0,0
29,1946365,28294881,37103837,458597,132339,279829,1,인천,1.08,0,0,1
34,2267125,8711694,9182365,437342,55508,275964,3,인천,1.08,0,0,1
23,4266390,56563413,18679062,334358,47489,0,1,경남,0.86,0,9816019,0
31,2082558,43168453,64278579,475647,145951,0,1,서울,1.35,1,0,1
20,2166210,50044854,8636384,431589,80640,0,2,대전,0.98,0,0,0
32,3370024,30179475,14197316,410303,104362,0,1,경남,0.86,0,0,0
23,2182027,25565661,11853715,232584,32346,0,1,충북,0.86,0,9888607,0
38,2801866,115924186,41935490,331327,99090,160634,2,경기,1.15,0,16114104,0
20,3244599,38038066,56151309,451666,142608,108486,1,울산,0.94,0,0,0
32,2361191,59612152,13490634,535076,94145,0,2,제주,1.04,1,0,0
21,3496253,171437976,9523381,198877,69063,1230811,1,광주,0.91,0,12687028,0
33,3430141,109637814,5097547,531882,103449,0,1,세종,1.0,0,0,0
29,1918200,12720950,16444140,480297,109697,0,1,강원,0.84,0,0,1
39,3604203,20557757,33159793,386607,96807,151755,1,충남,0.87,0,0,0
32,3865533,13216365,3101025,250828,57197,0,3,부산,1.02,0,0,0
26,1783578,26088210,14281825,180613,121808,0,1,경북,0.82,1,0,0
20,2238370,123205407,25798086,438598,92796,0,1,제주,1.04,0,0,0
31,4521498,3310114,37061536,698713,119861,0,1,인천,1.08,0,0,0
28,1731054,20034597,18532469,262413,72986,5789,1,전남,0.78,0,492154,0
20,2534230,25653241,4892344,440022,150766,0,1,전남,0.78,0,0,0
31,1474045,13026634,8738528,274208,132538,0,2,전북,0.8,1,1006173,1
23,1772349,20843147,46652123,577884,97432,13003,1,광주,0.91,0,0,2
23,2691600,22070289,28831065,398387,121328,0,2,울산,0.94,0,0,0
19,3354754,6295835,10480486,203876,165291,216213,1,경북,0.82,0,30838786,0
26,1391051,50874638,18548573,365968,154887,0,1,인천,1.08,0,4330610,1
23,2573909,21061510,6188205,253882,160864,0,1,경북,0.82,0,0,0
20,1438109,9102846,2195615,416173,130098,54921,1,경남,0.86,0,0,1
28,7337537,29317201,15962331,287761,90171,82010,1,충남,0.87,0,0,0
23,3341811,47654859,9895104,376927,132154,0,1,대전,0.98,0,4535791,0
21,3219571,24097917,21418550,621139,167953,0,2,강원,0.84,0,0,0
28,3370069,11533071,93943862,395633,140898,0,2,서울,1.35,0,0,0
20,3955415,30085315,20851394,392574,79972,0,2,경남,0.86,0,1862405,0
39,2069282,111463738,23753725,383368,113879,0,3,대전,0.98,1,0,1
28,907146,17180602,50890036,541346,146314,0,2,서울,1.35,1,0,2
39,5357610,21275646,3909233,449979,113179,0,1,전남,0.78,0,0,0
37,5211389,31844771,24346536,180000,135856,364287,1,충남,0.87,0,0,0
39,2964216,20025156,6323760,413742,87240,0,2,충북,0.86,0,0,0
30,2898195,18249343,50072593,498594,112177,0,3,서울,1.35,0,0,0
27,803285,9705167,19333154,366829,119542,459132,3,전북,0.8,0,0,2
34,800000,59484731,4837715,368519,122520,0,2,충북,0.86,1,0,2
20,3812354,44488916,19114751,307861,85009,0,1,전남,0.78,0,7595133,0
36,5111061,24915576,3456360,419424,25000,269090,3,경북,0.82,0,18608317,0
25,2017971,15530960,5527747,395727,25000,0,3,부산,1.02,1,528196,1
19,2952299,35410746,3836526,738435,110803,0,1,부산,1.02,0,0,0
23,6981521,29640625,33499256,217371,115327,690167,2,경남,0.86,0,0,0
24,4699082,28783646,22033514,551628,101234,370068,1,강원,0.84,0,2775703,0
19,2574863,68512703,19360917,241318,111910,0,3,울산,0.94,0,0,0
33,7794740,48409342,7708992,388411,166497,609472,1,대구,0.93,0,0,0
20,1903682,218785403,24313523,404820,91543,895878,2,충북,0.86,0,0,2
36,1619715,22936142,16855804,221418,120377,0,1,전북,0.8,0,0,0
28,2544836,108096849,15674448,472614,178636,362667,1,서울,1.35,0,0,0
34,2201032,44913312,19056209,324487,72210,0,1,강원,0.84,0,4479089,0
26,2607054,10638269,27461879,563045,174842,148768,1,제주,1.04,0,0,1
21,4298734,13624086,5674614,438518,144449,0,1,대구,0.93,0,0,0
22,3005760,42553273,43471172,618990,99602,0,3,대구,0.93,0,11561524,0
32,3039138,13626794,13354709,438928,25000,0,1,경북,0.82,0,0,0
34,3128119,28269658,31463008,425275,163971,0,2,경기,1.15,0,24954769,0
24,1128446,131321091,13823798,180000,171979,0,1,광주,0.91,0,0,1
26,1589754,2351355,22975225,193378,86367,1276415,1,울산,0.94,0,9007202,2
38,2584308,28848169,10317700,313236,171319,0,2,전남,0.78,0,2585682,0
36,2122686,22860292,15392368,270168,54590,0,1,인천,1.08,0,23205710,0
27,2760669,108863664,12213333,395034,120889,0,1,울산,0.94,0,0,0
24,2634329,22427165,22017176,500319,107544,0,2,인천,1.08,1,32343735,0
25,1677437,12084550,24691355,285119,60360,0,2,전남,0.78,1,0,1
30,1727386,11061506,27663730,320545,100173,0,1,충북,0.86,0,0,0
30,2168658,14128156,30794210,681931,110920,169788,3,세종,1.0,0,0,2
22,6364204,95971636,20112541,402385,68381,0,1,광주,0.91,0,28756992,0
20,5895056,1645782,12726390,467367,137391,0,1,인천,1.08,0,0,0
29,1896214,42961626,26818161,224379,85063,68913,1,경남,0.86,1,13078986,0
35,1557799,83039973,17583865,378569,96567,0,1,충남,0.87,0,14789388,1
22,3480123,23647267,10171501,378708,162202,903501,1,대전,0.98,0,0,0
27,3597112,10855268,15123837,659321,87774,0,2,울산,0.94,0,0,0
22,3083681,38209984,27186930,406647,28441,226843,1,전북,0.8,0,0,0
24,2386999,10911402,5210222,558896,98796,0,1,전북,0.8,0,0,0
31,2609635,20589016,45710778,392236,114494,491354,1,울산,0.94,0,0,0
25,2316516,13124522,73529119,503792,103110,323754,1,대전,0.98,0,0,1
24,1864065,12895399,10300939,256293,139252,0,1,충남,0.87,0,0,0
39,5487739,61876689,11556658,422951,123147,0,3,충남,0.87,0,0,0
22,4457270,21342531,13178191,264452,87938,0,1,충북,0.86,0,0,0
22,2698300,40136707,13109156,458865,139677,401009,1,경기,1.15,0,0,0
38,3548689,49208734,60577794,372638,128225,299581,1,세종,1.0,0,0,0
30,3606411,29586596,13164782,252601,124087,614741,1,충북,0.86,0,0,0
19,8352672,76440917,6067972,281094,107290,0,2,제주,1.04,0,0,0
27,4438632,12434679,21276092,566628,121989,0,3,세종,1.0,0,2596952,0
30,4367071,27945129,8323450,219569,115378,0,1,대전,0.98,0,0,0
24,3100221,3146754,3661180,616737,97970,0,1,강원,0.84,0,12935703,0
30,2530304,29274253,9739041,352729,129212,0,1,부산,1.02,0,0,0
32,5527342,58943005,12107677,596396,134784,0,1,경기,1.15,0,11509984,0
24,4037471,6245162,13389684,470522,128639,0,1,충남,0.87,0,0,0
36,2134940,26121275,3001878,334436,134476,0,1,제주,1.04,0,18222928,0
28,3707301,15717245,46800414,367954,29300,0,2,경북,0.82,0,0,0
39,1918976,10481063,19735742,384422,140131,69175,1,강원,0.84,1,0,1
20,1238541,8644277,39454258,652649,85957,1135037,1,서울,1.35,0,12663484,2
25,2051385,43193241,20417226,617384,152084,0,1,제주,1.04,0,0,1
34,3564880,28079566,39452499,484578,63063,297970,2,울산,0.94,0,0,0
37,1333255,42534035,12163556,299192,165828,0,1,대구,0.93,0,3175010,1
23,1427187,50896345,16790404,357293,32491,151389,1,경남,0.86,0,0,1
39,2715139,103719102,6193372,254228,118914,482304,2,전북,0.8,0,0,0
23,3767854,8581270,13102159,275990,94802,0,1,전북,0.8,0,0,0
27,3843520,40053976,16900603,474243,126679,0,3,대구,0.93,0,0,0
25,6022927,15269531,8824816,555485,173271,0,1,제주,1.04,0,44775908,0
27,1213943,11857170,21847110,483235,118962,84907,1,울산,0.94,1,0,2
37,1605692,29380685,20869290,398176,141365,0,3,강원,0.84,1,13255293,2
34,1738421,50108942,23724038,395154,161311,354285,1,전북,0.8,0,0,1
35,2585068,32445277,21276847,311342,87474,0,1,충남,0.87,0,0,0
24,4134553,17357321,18278326,658931,126430,220563,1,인천,1.08,0,0,0
38,4215685,58718648,33206136,494336,159442,278718,2,대전,0.98,0,6569363,0
28,2070710,43376842,17652910,394852,122366,343480,2,광주,0.91,1,0,1
32,3858973,21804568,2061800,637340,92353,515125,1,제주,1.04,0,0,0
33,5280319,48424745,3707249,300149,125627,67226,3,전북,0.8,0,3895237,0
32,3150334,29419921,6904835,432104,114041,0,1,광주,0.91,0,6053031,0
31,5490881,18092686,7643027,483817,125425,0,1,전북,0.8,0,3328002,0
29,2231521,43991508,18654861,180000,89105,0,1,전북,0.8,0,0,0
32,2955378,44960601,39325397,660909,118497,0,1,광주,0.91,0,19997593,2
38,2480309,20735038,24249958,306979,105137,0,2,광주,0.91,0,16992269,0
27,4288791,39843182,19243979,310395,91603,1132633,1,경남,0.86,0,0,0
29,1971734,61055038,2309048,393589,154322,0,1,강원,0.84,0,0,0
22,2655897,8793210,1202635,605460,95781,279860,1,인천,1.08,0,0,0
26,1370918,30680048,38150089,423951,81165,43123,2,전북,0.8,0,0,2
35,3938198,14873540,10721069,588360,67393,79660,3,충북,0.86,0,32768175,0
32,5213552,17744254,23691679,421104,109736,0,1,세종,1.0,0,0,0
23,2523291,4415456,20710302,385352,102270,257069,1,전북,0.8,1,0,0
30,4325689,64742838,62468168,180000,134195,0,1,경남,0.86,0,0,0
36,4375775,62800616,56782047,219517,68463,0,1,대전,0.98,0,0,0
21,4120646,58798354,76857404,298814,51724,247953,4,울산,0.94,0,11262509,0
20,3972246,17940860,30021180,476675,47522,0,1,부산,1.02,0,18786762,0
27,4083990,53950315,44706837,326667,125102,691688,1,충남,0.87,0,0,0
32,2300665,12470584,5611446,488935,146231,221411,1,광주,0.91,0,0,0
25,2798430,8185923,72160804,330263,144918,0,1,대전,0.98,0,29621986,0
36,3143529,26312605,28909525,328169,91587,0,4,충남,0.87,0,0,0
36,2640025,59877744,12999818,729633,114573,74751,1,광주,0.91,0,6277502,1
30,1555238,36131991,33729275,348929,32041,31281,1,울산,0.94,0,474306,1
26,1793354,18376485,40988682,508799,167306,0,1,울산,0.94,0,0,2
19,3367031,15529567,25554200,217386,150949,0,3,대구,0.93,0,0,0
36,4502466,73454882,49165864,440660,145399,0,4,인천,1.08,0,0,0
37,3062277,56983520,14132579,270313,76622,831809,1,경북,0.82,0,0,0
28,9000000,65842558,31522323,754214,102576,691911,1,경기,1.15,0,0,0
29,2053701,62811412,7180115,373118,104905,0,1,대전,0.98,0,0,0
34,3693102,11638834,12544660,383402,168650,0,1,충남,0.87,0,0,0
33,5314074,65273311,13115802,374132,148760,197292,1,인천,1.08,0,0,0
21,4822935,45270408,5209950,280751,102596,0,2,충남,0.87,0,0,0
33,4042326,17727366,1582552,363025,128061,0,3,전북,0.8,0,17766469,0
38,4832437,24224437,12918382,435884,77231,477765,1,충남,0.87,0,0,0
34,3123522,31156706,7623842,590418,63091,103260,1,대전,0.98,0,5478253,0
29,6235013,92914463,29261873,506581,117292,0,1,서울,1.35,0,0,0
29,5295726,31860813,20875648,288280,69113,44423,1,경남,0.86,0,230210,0
24,2114215,43791322,57532338,536286,52346,0,1,대전,0.98,0,3465906,1
32,1728253,58296267,8982795,566506,108324,0,1,전남,0.78,1,0,1
24,1568005,17110385,44714942,392024,103174,0,4,부산,1.02,0,0,2
26,5867982,61719886,25361992,527354,78457,0,1,인천,1.08,0,3339024,0
24,3358724,24208841,20745399,556726,93150,674569,2,전남,0.78,0,0,0
26,5447266,134285045,17924054,731321,122175,0,1,경남,0.86,0,0,0
26,2909898,12291713,31753682,387965,100139,0,1,경북,0.82,0,0,0
20,800000,22238279,16590860,449493,112501,0,1,전북,0.8,1,0,2
34,9000000,60466554,18843620,423005,104512,0,3,대구,0.93,0,0,0
28,3226860,14958214,6495912,193338,169472,0,1,경남,0.86,0,0,0
38,1983875,56174156,7709908,442573,155662,0,1,충남,0.87,0,10412581,1
22,4991914,19101627,25557571,649262,117828,0,2,인천,1.08,0,0,0
33,4623144,16103707,14373123,381490,85081,0,2,인천,1.08,1,3657550,0
22,2795730,6991600,3366339,180000,88426,0,1,경북,0.82,0,0,0
30,2922582,33646435,11309333,497638,65262,0,1,대구,0.93,0,38760195,0
29,3378735,41398477,26590609,180000,79248,0,1,전남,0.78,0,1537669,0
28,1891602,11392500,23621533,255212,137139,0,2,인천,1.08,0,0,1
32,2266314,45624134,9888478,199624,89683,0,1,대구,0.93,0,1960912,0
36,6562487,17840392,16626776,180000,104337,0,1,대구,0.93,0,0,0
25,1853557,17911311,34250721,521619,151810,93156,1,대구,0.93,1,459390,1
36,2127595,29730486,6422217,416653,128496,197534,1,충남,0.87,0,576052,0
22,2511207,22110650,5783575,672020,111329,0,3,경남,0.86,0,0,1
25,4837779,28918545,18299842,472272,104923,0,2,경남,0.86,0,1217350,0
25,1304091,23638192,9858013,637535,100668,205417,1,전북,0.8,0,13627667,2
39,3402944,35923350,21691597,355586,145030,449677,3,부산,1.02,0,8434314,0
21,8792470,20213881,19549166,504493,123307,295344,1,제주,1.04,0,0,0
27,7304558,17392287,17825086,192487,99501,0,1,강원,0.84,0,0,0
27,3902506,41360396,50635326,271282,63897,0,1,강원,0.84,0,0,0
35,5372062,28284321,4680668,594612,126035,434392,2,충남,0.87,0,0,0
29,5349895,15066416,23731932,320785,119147,0,1,전남,0.78,0,0,0
39,2889332,51186675,26581623,411909,57501,0,1,제주,1.04,0,5673103,0
34,4539437,44643086,24637825,349924,103071,0,1,강원,0.84,0,0,0
33,6581300,14456031,2155282,419916,120644,0,1,충북,0.86,0,2529439,0
34,1771318,79187608,26227685,350965,98453,0,3,전북,0.8,0,4452264,2
22,2457046,17522872,13909353,593417,173954,0,1,대구,0.93,1,0,1
28,3562904,22523765,20131247,329036,165007,0,1,대전,0.98,0,0,0
31,3188346,30368974,14263320,352046,64749,0,1,충북,0.86,0,6263911,0
23,3069252,32816316,9636066,537340,106612,158942,1,경기,1.15,0,3398597,0
21,3369484,25369873,15071769,313007,145469,0,1,대전,0.98,0,5819018,0
21,3493268,11743230,14999151,290195,104680,0,1,전북,0.8,0,0,0
35,2472899,14645478,28455163,543893,138670,0,2,제주,1.04,1,0,1
32,3743582,72305359,24027710,317899,89322,0,2,세종,1.0,0,2005508,0
24,2825413,10302399,15564973,775698,55074,0,2,광주,0.91,0,0,1
34,2125433,44161331,18243013,631730,134943,403059,1,울산,0.94,0,0,1
33,2489275,30051076,16719719,404360,97511,381952,1,충남,0.87,0,0,0
36,3412493,10783934,22507483,434247,198718,0,1,강원,0.84,0,0,0
38,1149332,27928484,43981792,663753,152606,727379,1,서울,1.35,1,1827744,2
37,4580777,90341109,29389637,420441,71379,68454,2,강원,0.84,0,0,0
22,3669536,4179371,12588897,419182,133592,0,1,광주,0.91,0,0,0
35,4987119,25636256,12980808,758334,106668,0,1,충남,0.87,0,28852438,0
27,2317408,34482136,10463799,270635,126439,0,1,경북,0.82,0,6003795,0
27,2133540,11886191,19636304,403173,87560,0,1,제주,1.04,0,0,0
32,4971125,36153330,61980884,308641,119843,0,1,충북,0.86,0,16860662,0
31,3225287,43103416,12500697,493528,147094,0,1,광주,0.91,0,0,0
27,2795635,37831200,27593807,666482,139464,0,1,울산,0.94,0,7689580,1
39,4118815,36564955,32185383,452662,152067,0,1,인천,1.08,0,0,0
22,1914870,21591061,21268785,446145,217970,1894,1,경남,0.86,1,0,1
21,1777421,10777464,1897877,434229,91702,472315,2,경북,0.82,0,0,2
19,5531942,37496751,14343168,349856,171230,0,1,경북,0.82,0,0,0
36,2556570,33712180,26055752,583941,121907,0,1,대전,0.98,0,12126969,1
27,6335377,89251707,9435087,502397,98010,0,1,대전,0.98,0,22494165,0
28,1718954,47791332,2388245,514806,107784,0,1,경북,0.82,0,0,1
32,3496013,24008300,22708403,316626,140079,764646,2,강원,0.84,0,0,0
28,2816020,31883378,29248196,286186,96251,0,1,충남,0.87,0,0,0
31,1304462,10504695,16496806,395626,43402,0,3,세종,1.0,0,0,2
20,4047790,3583806,11133820,463232,140071,289573,2,울산,0.94,0,0,0
22,1333555,15724543,41790741,484044,116882,0,1,충북,0.86,0,2968056,2
38,2690494,19736201,26888083,603945,88994,0,1,전남,0.78,0,0,0
28,3050688,44950667,6849362,472579,67427,0,1,대전,0.98,1,877517,0
22,2428384,81706079,16238879,590538,121398,0,1,전남,0.78,0,0,1
26,2067905,57198351,7307165,509217,155644,0,1,대구,0.93,0,0,1
26,4302924,19600555,12851929,315617,78638,0,1,광주,0.91,0,0,0
24,2739701,42920775,37447602,356591,118790,0,1,경남,0.86,0,3488022,0
25,2562455,16006331,45538448,515236,190351,0,1,제주,1.04,0,1966253,0
34,5277161,64490747,9894147,501674,142128,117760,1,경남,0.86,0,0,0
21,1846352,38412871,28062201,348146,111727,0,1,대전,0.98,0,21309239,0
25,2503051,25138666,5872210,327347,104686,342258,3,경북,0.82,0,0,1
28,4426963,27413938,60301414,256440,92550,0,1,경남,0.86,0,0,0
30,1795717,41295953,2998522,457024,115768,0,1,제주,1.04,0,0,1
37,6543949,28146506,18508710,644261,105542,520628,3,서울,1.35,0,4927534,0
38,2778461,64907411,22854621,592037,98591,157308,1,전북,0.8,0,0,1
25,4442372,18624194,8785306,417008,109197,0,1,제주,1.04,0,0,0
30,4438377,24782176,5646848,180000,51827,128709,1,전북,0.8,0,0,0
19,2856673,22307733,18322507,218220,107967,0,1,부산,1.02,0,0,0
31,2482252,25522125,8409594,471974,203260,66415,2,전북,0.8,0,5226011,0
22,2994169,11496807,2729893,462266,68044,0,1,경기,1.15,0,0,0
20,4143728,16656154,17932356,475913,167157,0,1,세종,1.0,0,0,0
33,1995668,28232339,23847920,268138,147340,366579,1,충북,0.86,0,10583612,0
22,1818006,22663779,14598132,396972,135089,0,1,울산,0.94,0,8538217,1
29,5773906,77271071,15251651,339090,92497,0,1,충남,0.87,0,0,0
21,2223659,32930870,23015747,305253,144844,0,2,대구,0.93,0,13738099,0
34,3551598,69749470,48955336,487885,175602,0,1,충북,0.86,0,0,0
35,2796011,10570431,11254388,561902,149589,184490,1,충북,0.86,0,0,0
31,1420775,54541701,20142302,456331,120662,0,1,충북,0.86,1,0,2
36,5641834,40898999,16408648,685126,114249,220452,3,대구,0.93,0,8825587,0
28,2940321,24334028,6486230,271972,92373,0,1,대전,0.98,0,0,0
22,2616157,10600054,29126927,359104,117441,0,1,대구,0.93,0,18505456,0
22,2716010,40934330,44267969,319408,133100,345514,1,울산,0.94,0,941208,0
23,2456296,36688253,23317011,450928,113393,0,2,강원,0.84,0,8562718,0
23,2286455,42092009,1372551,255185,110823,0,1,광주,0.91,0,0,0
25,2460537,17098919,12527015,496507,111303,243703,2,광주,0.91,0,0,1
23,6235894,53192427,25745195,198534,178232,0,1,대구,0.93,0,16369445,0
31,4141598,42720989,38898513,514234,122213,0,3,부산,1.02,0,1644558,0
22,2629272,17537563,3313715,559178,120218,360034,2,충남,0.87,0,0,0
32,4651797,76093996,5017864,205260,26847,330481,1,전남,0.78,0,0,0
26,1541334,30762596,22341668,349552,147900,0,1,대구,0.93,0,0,1
33,5510654,13332928,16118965,518679,132216,158404,1,경북,0.82,0,6632785,0
29,2601610,20721066,15103666,557028,131000,277693,1,강원,0.84,1,13839807,1
38,7978618,61600988,59130555,214344,138645,531643,1,인천,1.08,0,7214175,0
28,4711982,20660782,53211766,388083,80422,0,1,광주,0.91,0,0,0
25,1544605,26406142,10715808,704522,113155,0,4,서울,1.35,1,0,2
31,5313931,56485151,3658383,627032,184986,66628,1,서울,1.35,0,11476915,0
32,2330408,23099393,16660187,626148,66140,469332,1,대전,0.98,0,0,1
28,2573103,47900469,28990559,318680,67388,0,1,울산,0.94,0,0,0
30,2966896,12672891,31793159,256541,59349,0,1,전남,0.78,0,0,0
28,5494572,34415219,14333639,394245,110915,36383,1,인천,1.08,0,0,0
25,800000,31488200,7995672,404958,167466,0,1,경북,0.82,1,1632803,2
25,2016685,35284466,25597592,399621,125777,0,1,부산,1.02,0,7052095,1
38,3376545,47681720,16272845,597696,155416,0,3,인천,1.08,0,0,0
33,4152372,34544506,16414599,334080,42788,36537,1,충남,0.87,0,11435937,0
21,2254249,23972971,21743661,307255,81312,0,3,전남,0.78,0,639443,1
39,4069098,36003862,13671734,415093,88655,197430,1,충북,0.86,0,0,0
33,5493433,72133816,5269407,426584,174956,127882,1,경기,1.15,0,704353,0
20,5110719,28502066,11500002,665334,123917,0,1,경기,1.15,0,0,0
34,3550390,108597462,9534159,511252,111898,240178,1,광주,0.91,0,0,0
31,2933466,44778433,9940836,520260,121128,0,2,울산,0.94,0,0,0
38,6433121,37703981,2246323,354426,108184,0,1,제주,1.04,0,0,0
29,3070269,12444196,60169815,550704,183699,285281,1,대구,0.93,0,0,1
29,4569913,50203620,6504597,225614,184285,0,2,부산,1.02,0,0,0
25,7079495,21226034,33446941,539159,155716,0,1,제주,1.04,0,2296053,0
25,4368007,52283688,9341084,517925,152647,0,2,인천,1.08,0,0,0
31,1986536,18132638,17768747,701762,105450,84864,1,서울,1.35,0,0,1
36,906206,36235972,17358823,390631,130715,0,3,울산,0.94,1,0,2
37,2683605,31383645,10095285,429393,43534,206367,1,광주,0.91,0,0,0
35,2588654,56017142,43988008,431359,97511,0,1,충북,0.86,1,0,0
31,3692854,73745214,106935308,210973,57310,0,1,경북,0.82,0,7033985,0
29,7878889,29492624,2149383,437155,130076,0,1,경남,0.86,0,0,0
26,3677436,19662947,36183119,416588,110551,52999,3,대구,0.93,0,0,0
35,2649423,17376305,21763597,755569,143375,0,1,제주,1.04,0,0,1
25,907077,17432997,11848398,180000,135484,0,1,충북,0.86,1,0,2
24,5066902,71468571,39423341,656071,158310,0,1,경기,1.15,0,3443089,0
37,3042061,34684022,35693558,412223,85759,93027,3,경남,0.86,0,0,0
31,1596002,40933279,18323440,528393,54501,0,1,인천,1.08,0,27345128,1
26,3079335,7711500,40234654,180000,180536,0,2,충북,0.86,0,927232,0
37,1987692,15193001,1406659,527404,91785,0,1,전남,0.78,0,4185184,1
39,967108,11962833,28545638,243138,112527,179110,3,대구,0.93,1,0,2
25,3058132,60098889,17587465,613588,151632,0,1,대구,0.93,0,0,0
29,2066621,29869001,21951189,366851,105414,431023,1,세종,1.0,0,3440249,0
29,2473077,15374705,32926014,554607,72551,0,1,경남,0.86,0,0,0
33,2214818,51346953,28889876,342070,190183,55066,1,부산,1.02,0,8959045,0
38,2240518,27782634,57303971,192983,93602,201574,3,충남,0.87,0,8150067,1
30,1977222,55842703,69410032,318071,179050,0,4,울산,0.94,0,0,2
35,2478250,30535106,18173278,416683,131960,0,1,경기,1.15,0,0,0
31,2075955,55283941,4395650,343877,146664,538037,3,전북,0.8,0,0,2
37,3925025,17328881,14874177,595010,146429,0,1,경북,0.82,0,13779299,0
27,3325053,36794337,6644862,315999,97960,0,1,강원,0.84,0,4036953,0
27,5098106,44182062,13577838,515225,138696,0,1,인천,1.08,0,32871960,0
27,6864918,8401857,22005617,692268,186789,0,1,인천,1.08,0,0,0
39,4081201,34436760,3488707,475243,160869,84159,1,울산,0.94,0,2870427,0
31,3700485,13827892,27152522,583013,156478,38270,1,세종,1.0,0,12434766,0
22,4193294,6484930,14301711,452783,136595,0,1,강원,0.84,0,0,0
19,3727638,21052343,8757228,564256,111014,438498,2,대구,0.93,0,0,0
29,3116552,41606040,901744,466557,86130,0,2,세종,1.0,0,0,0
35,3011781,23294126,36629998,484020,171471,441004,1,대전,0.98,0,0,0
29,800000,25819930,36292056,598438,93340,0,1,충남,0.87,1,0,2
30,4374871,19924793,30083497,277925,94209,317204,2,전남,0.78,0,12528062,0
35,3009232,56969867,6834328,460877,113889,87791,1,충남,0.87,0,0,0
29,5688433,65058231,34099186,492021,72579,0,2,서울,1.35,0,0,0
38,4520624,123028282,44593261,560053,103986,0,1,제주,1.04,0,1566410,0
32,2330266,64234932,31675399,362221,97427,0,1,서울,1.35,0,0,0
34,5213330,48927394,22740744,417184,66756,0,1,제주,1.04,0,4823605,0
35,1014121,60915457,81000853,639673,79894,417954,2,서울,1.35,0,0,2
32,6994602,20966808,12577575,435028,114915,286937,3,세종,1.0,0,0,0
20,1715338,20691322,12328581,284753,154971,0,1,경기,1.15,0,10254829,0
27,3773639,33697162,10089965,426273,115932,0,3,경기,1.15,0,0,0
21,3665375,5585550,2016575,320021,74652,0,3,충남,0.87,0,0,0
29,4944816,19848349,40833445,525911,88337,263664,1,전북,0.8,0,0,0
22,2647993,105860302,25042343,578596,129532,0,2,인천,1.08,0,1248093,1
29,1212360,24587151,13320514,593506,156812,109594,1,제주,1.04,0,0,2
26,1502920,6455685,19413511,268140,148925,0,1,대전,0.98,1,0,1
19,2775697,17231487,53260676,377314,123785,0,1,대전,0.98,0,0,0
21,1263631,29435440,3926130,670693,168418,0,3,대전,0.98,0,1549470,2
29,1974818,40370812,46797411,489875,95967,0,2,울산,0.94,1,0,1
20,1920385,24897166,18715849,385674,75114,0,1,부산,1.02,0,0,0
36,4031942,47408114,25004763,512019,104500,0,1,울산,0.94,0,4916854,0
34,2743755,18500488,28360520,264445,160414,91138,1,부산,1.02,0,0,0
33,7088065,67529713,76405534,395513,148028,0,2,서울,1.35,0,0,0
22,2731866,53977239,7594703,180000,152029,0,3,광주,0.91,0,4078727,0
35,3670067,10897649,72661416,276838,109889,550660,1,충남,0.87,0,0,0
32,2782976,14710388,4099522,461159,116579,0,1,전북,0.8,0,1585746,0
27,1517609,48928608,9065354,288793,106540,0,1,광주,0.91,0,0,0
19,2792996,32569705,30734440,402556,85424,0,1,대전,0.98,0,13618590,0
30,4216938,35668494,40418888,191168,112451,0,1,전남,0.78,0,967799,0
35,3951113,39971509,7614696,322724,105430,0,1,충남,0.87,0,45563885,0
19,2688643,56569936,3604503,244613,95242,0,1,경북,0.82,0,22826493,0
20,1630255,31768511,46307704,499628,134246,0,1,경남,0.86,0,0,2
27,4023929,39309335,10228082,262489,115793,0,2,전남,0.78,0,0,0
29,3652898,31469786,12014610,356699,160367,0,1,경남,0.86,0,0,0
28,4383328,15663216,19533396,344263,84508,294893,1,울산,0.94,0,0,0
27,2710880,52475271,15986578,449655,99941,0,2,광주,0.91,0,4303904,0
24,1478252,19407521,31498314,749847,53747,0,3,대전,0.98,0,29266845,2
20,3836876,19237777,5529237,852720,81886,0,1,부산,1.02,0,0,0
19,3038033,22655742,3025221,347911,133766,0,1,전북,0.8,0,0,0
21,5548711,8050861,21052190,403242,140225,0,1,전북,0.8,0,0,0
33,3087917,103572548,21450927,466722,135566,0,1,전남,0.78,0,0,0
35,2990949,55114517,34612014,625073,163347,605655,1,인천,1.08,0,0,1
28,3649394,14789855,30709047,510484,135213,0,1,세종,1.0,0,0,0
20,2359527,75189916,3945693,628895,118899,0,1,부산,1.02,0,7253187,1
27,2311122,18553421,26084689,422450,136606,0,1,경남,0.86,0,9103860,0
39,1436426,26192988,27282386,312663,88248,0,1,대구,0.93,1,244713,1
24,2053133,16438683,5056232,654368,60660,0,1,인천,1.08,0,0,1
29,2763866,70429683,34935211,361087,99159,0,1,강원,0.84,0,4863054,0
30,7022737,61254471,6942156,425767,102883,464485,1,경북,0.82,0,0,0
25,1834582,23850137,6419073,217405,117296,0,2,경남,0.86,1,0,1
28,3481969,26374264,37563948,379870,91860,0,1,경기,1.15,0,0,0
28,5943884,49166198,5853933,405834,95012,0,1,대전,0.98,0,0,0
28,919674,48339978,16749535,557420,145881,0,1,인천,1.08,1,0,2
34,8899817,35882999,13215308,687671,73468,104847,1,대전,0.98,0,8692903,0
31,2502088,29230706,9588945,490787,109676,0,3,강원,0.84,0,0,1
20,7219445,48107300,8501619,405102,93410,442544,2,대구,0.93,0,30064984,0
19,7205790,5043235,86889620,266484,60865,340873,1,경기,1.15,0,0,0
27,1435126,38705702,31217285,592418,102430,0,1,세종,1.0,0,3167600,2
38,5731580,44127047,13800028,661147,93016,162641,1,서울,1.35,0,0,0
19,1452321,66114503,10703459,180000,102472,540842,1,부산,1.02,1,0,2
20,2389096,37962502,32863030,726395,127244,0,1,서울,1.35,0,2996966,1
33,3821855,44873539,15434759,571755,43918,260386,2,경기,1.15,0,16887273,0
28,1977311,18456381,24056398,180000,151542,0,2,울산,0.94,0,0,1
23,3784828,15841986,5343331,467319,218002,0,1,경북,0.82,0,0,0
23,2035212,34914381,16157751,357557,78879,0,1,전남,0.78,0,2889002,0
32,3291310,7156741,39383278,302882,99431,935770,1,경기,1.15,0,0,0
29,5415946,23722630,26713539,871300,95711,0,1,서울,1.35,0,4286749,0
32,3601478,15206797,14026574,502928,78407,0,1,대전,0.98,0,0,0
24,2612823,16561223,24091337,309455,183611,0,3,충남,0.87,0,0,0
30,3849520,7073552,1299175,274902,101439,304528,2,전북,0.8,0,2626615,0
37,1665883,15623239,26649954,302252,136218,436085,1,전남,0.78,0,0,1
25,2126402,62003084,2008701,442545,157478,0,1,대전,0.98,0,0,0
27,2534827,11365320,41642593,521364,155096,517682,1,인천,1.08,0,0,2
22,1964124,12397634,18661574,577193,163673,0,2,서울,1.35,1,6776458,1
32,3631461,23966464,39232357,391791,72425,911764,1,인천,1.08,0,0,0
19,3839197,41307398,49010245,485241,151984,0,1,경기,1.15,0,0,0
24,3014298,22693508,12015794,312712,99245,0,1,경북,0.82,0,8868333,0
33,2173326,13545697,37436975,364462,172708,0,1,대구,0.93,0,0,1
19,5783632,3126067,17975576,529204,80988,0,1,전남,0.78,0,0,0
39,2259380,35454300,23119764,296812,71383,117670,1,강원,0.84,0,0,0
27,3652195,24257938,39930209,309865,111337,0,1,강원,0.84,0,0,0
27,2906462,52438224,23619368,298562,136003,100956,2,울산,0.94,0,5559471,0
30,3885411,14501781,28384633,467546,47199,0,1,전남,0.78,0,3428710,0
32,2350862,79160399,96274849,242744,108160,0,1,서울,1.35,0,2914269,0
28,4796051,7262372,41582990,357688,79560,296736,2,경기,1.15,0,3853036,0
37,5516817,12571602,12684812,516598,145648,0,1,울산,0.94,0,3784925,0
39,4671174,35511108,21530311,370796,92855,0,1,광주,0.91,0,0,0
23,3263892,49162015,8758821,499089,150531,0,1,강원,0.84,0,0,0
33,2529541,39766969,19632667,316550,85154,0,1,전북,0.8,0,0,0
25,9000000,10110287,12748698,282390,121742,0,2,강원,0.84,0,1284465,0
39,1991211,110045792,24652472,378678,64753,681831,1,대구,0.93,0,0,1
24,4455193,30067844,36008927,225009,110361,0,1,대전,0.98,0,7214894,0
25,3519219,32758943,8067501,250808,71875,0,1,전북,0.8,0,0,0
33,1626179,49389781,20620519,567540,168540,619022,1,부산,1.02,1,0,2
35,3302770,44136434,7768760,421859,152194,1232785,1,세종,1.0,0,796741,0
21,2449170,17024140,8895450,375596,118665,107844,2,강원,0.84,0,0,0
30,3664806,82216651,18313084,361691,146047,0,2,전북,0.8,0,0,0
26,3495149,67695544,11369611,180000,92709,733887,2,전북,0.8,0,0,0
31,9000000,93858946,50568040,180000,134695,0,1,울산,0.94,0,18062151,0
30,1837854,24231507,3031926,506960,111386,0,1,대전,0.98,1,10788696,1
39,3807494,84985912,56276971,276625,130670,0,2,광주,0.91,0,0,0
38,3906461,22253534,32954464,341957,116944,774343,1,광주,0.91,0,0,0
32,3095806,30277037,31572998,508790,113095,0,1,부산,1.02,1,0,0
33,2009444,50248139,29649126,227619,48187,328756,2,충북,0.86,0,0,1
37,2819520,13994820,34617517,344038,92462,0,1,부산,1.02,0,0,0
22,1343223,84081821,11548934,341664,175277,0,1,충남,0.87,0,0,1
34,3878368,27959924,30106123,370259,106194,418642,2,전북,0.8,0,0,0
35,2535653,78784450,25394139,397103,90551,0,1,제주,1.04,1,3648471,0
21,1987810,7889520,4090651,415212,118139,971741,1,인천,1.08,0,14329509,2
37,5653224,39905382,8599354,590012,56983,0,1,전북,0.8,0,0,0
33,2238986,21990516,9029639,530542,101456,0,4,경기,1.15,0,0,1
26,2632359,15721297,16434924,521052,120836,0,1,대전,0.98,0,0,0
29,1395781,14094317,2255601,259507,133790,1032939,2,인천,1.08,1,0,2
29,2565352,12852043,35888389,272692,128641,0,1,인천,1.08,1,370576,0
38,2108795,22597331,40743300,517406,169496,55926,1,인천,1.08,0,0,1
39,3456919,17226353,17435680,572334,98901,0,1,서울,1.35,0,605929,0
35,4255966,63519556,20969840,278798,57334,0,1,전남,0.78,0,0,0
32,1686412,72843899,63560644,304138,105480,777735,1,경기,1.15,1,0,2
21,3956912,6702896,12763178,537530,92993,0,1,광주,0.91,0,1548496,0
38,4231628,34715878,12208377,476490,118385,424703,1,충남,0.87,0,0,0
21,2402743,57716962,16561580,451843,105503,104252,1,제주,1.04,0,0,0
22,6302125,40862150,25610401,375049,115770,0,2,경북,0.82,0,15703766,0
20,2907656,19907119,14894559,441109,120068,0,2,인천,1.08,0,0,0
38,2746389,23333579,16823337,367879,146559,398576,1,제주,1.04,0,0,0
29,5444580,9480469,26423476,293943,111348,0,1,충남,0.87,0,5330312,0
23,2325646,80942450,29616909,532248,122281,0,1,부산,1.02,0,0,1
20,3500344,32771166,11572187,368856,175697,0,1,울산,0.94,0,3555808,0
27,2235182,30614066,6475488,400941,54274,340116,1,경남,0.86,0,0,0
34,9000000,15892672,13278872,347139,119069,0,1,광주,0.91,0,0,0
39,8230634,36264465,17951953,575738,111037,291945,1,부산,1.02,0,0,0
30,2908792,62101189,19026414,265284,112353,0,1,경북,0.82,0,0,0
31,3814006,10891463,20754175,659675,135818,127732,3,제주,1.04,0,3010433,0
36,3056827,20119804,6074134,401059,86324,0,1,제주,1.04,0,12543030,0
37,2625428,15099771,14049440,387657,95537,623114,1,제주,1.04,0,0,0
24,3211002,69399461,1866549,652687,136359,0,1,경북,0.82,0,0,0
39,2997213,16759037,21720407,260893,107851,0,1,울산,0.94,0,17929053,0
29,1586063,34928826,7305971,461935,81469,0,1,부산,1.02,0,18461129,1
38,3415219,16814393,3687041,534508,139064,283691,1,충북,0.86,0,0,0
21,2995034,28997042,15479554,244718,137199,32986,1,부산,1.02,0,0,0
21,3488207,7348401,25993575,460667,120082,0,1,세종,1.0,0,0,0
37,2950011,29890333,16988717,180000,126007,37740,1,충남,0.87,0,0,0
33,2612208,81316130,61904367,388508,135091,103511,1,제주,1.04,0,0,0
22,4443103,36434469,2890760,707034,109681,0,2,대구,0.93,0,0,0
37,3835844,40588300,2699539,180000,123657,0,4,대구,0.93,0,0,0
21,5559132,34528977,9182400,350193,68234,0,2,전북,0.8,0,0,0
33,3773019,87051489,49349515,489207,114800,0,1,서울,1.35,0,2621364,0
23,2801544,29275412,10416566,241107,144575,0,1,강원,0.84,0,7379873,0
20,3976301,55607013,6780542,180000,186854,466326,1,전북,0.8,0,5576854,0
35,1301449,62514365,22958903,504135,115125,330179,2,강원,0.84,0,10033417,2
36,4295879,61864903,12356064,433391,80715,325257,3,광주,0.91,1,0,0
21,3431938,121758187,38240462,180000,97960,0,2,경북,0.82,0,0,0
20,7802605,41746368,14190887,276473,61548,0,1,광주,0.91,0,0,0
31,2098711,60399232,29595890,251597,133424,213266,1,전북,0.8,0,2175509,0
19,1886181,16183782,15702434,202981,114618,0,2,울산,0.94,0,0,1
34,3569587,35085454,35245759,586418,88585,0,1,서울,1.35,0,1529572,0
38,3564528,35361925,34529232,370536,104124,0,1,강원,0.84,0,9287893,0
34,3527491,19308880,3886904,660408,146729,0,1,서울,1.35,0,0,0
23,3303713,12494028,1604528,674272,113029,741103,1,경남,0.86,0,0,0
22,2328097,24721249,2881647,272292,87166,0,1,충북,0.86,0,0,0
33,1610329,35582731,6864464,352178,148160,0,1,광주,0.91,0,0,1
20,3444905,79709639,42430729,326714,126358,0,2,세종,1.0,0,0,0
30,1757034,15022760,56214144,424011,84480,140110,3,충북,0.86,0,0,2
28,1687130,14281147,16478258,509684,113688,0,2,대구,0.93,0,0,2
34,2589513,16387864,12166024,263772,38792,259385,1,대구,0.93,0,0,0
23,3670489,46485739,23594997,596786,122119,0,1,울산,0.94,0,0,0
35,4459184,101626853,9300003,298709,210627,600404,1,대구,0.93,1,0,0
33,4647006,30697653,19198712,458638,148132,0,2,전북,0.8,0,5299587,0
24,5648698,31600165,47414358,567028,111632,0,1,경기,1.15,0,34773192,0
26,1701597,25700153,20725108,403896,118966,338858,3,경북,0.82,1,0,2
20,3571154,43139392,6496396,405089,132815,0,1,대전,0.98,0,598363,0
28,8958756,10759614,14453255,328252,132005,408470,1,강원,0.84,0,14663684,0
24,1726875,36526310,76442648,442618,111856,0,2,인천,1.08,0,0,2
21,2553468,23935168,25033031,456200,35890,0,1,광주,0.91,0,0,0
30,2640621,54121954,9667908,455354,97506,116290,3,전북,0.8,0,0,1
30,4478871,51414660,9059358,517540,91661,332965,1,대구,0.93,0,0,0
20,2002242,33396454,12697130,532243,112377,413146,1,인천,1.08,0,7336535,1
22,4235140,20813374,33895017,603181,87854,170021,1,세종,1.0,0,800401,0
20,3913339,11667949,24319037,385229,137084,0,2,인천,1.08,0,0,0
33,4327028,50808612,7157657,454164,184615,0,1,대전,0.98,0,0,0
26,4293437,27490339,37147654,303287,146899,135882,2,울산,0.94,0,0,0
20,5909842,26311605,58182865,625777,108127,57608,2,강원,0.84,0,0,0
23,2986140,18090216,20162359,473105,163988,279084,1,충북,0.86,0,2180512,0
39,3830937,84596909,39204152,479057,144211,0,2,충남,0.87,0,0,0
24,2222039,73258406,5173067,436864,135604,231557,3,경북,0.82,0,0,1
33,2014316,28221909,18688900,501108,97287,0,1,경기,1.15,0,0,1
28,6514419,16511021,5069775,779633,106962,0,2,광주,0.91,0,0,0
22,2150995,20908053,47212944,718330,142184,536859,1,서울,1.35,0,0,2
25,4018488,15242944,25593190,547691,197196,0,1,서울,1.35,0,0,0
19,3832395,35901294,1907628,439434,164768,0,1,부산,1.02,0,0,0
34,5055028,30966982,5523044,424780,131663,0,2,충북,0.86,0,3325055,0
26,1494984,45642538,14722581,306160,116559,0,1,경남,0.86,0,19767615,1
29,4474348,21692245,2661314,315146,135869,0,1,전남,0.78,0,0,0
22,2974833,128109709,5891124,189023,129643,0,1,충북,0.86,0,14686090,0
36,2356508,18302088,33131579,180000,162806,214486,1,전남,0.78,0,0,0
23,2738171,25311546,10126920,757269,77477,0,2,인천,1.08,0,0,1
30,4763359,114594397,19029288,284700,111266,343751,3,경북,0.82,0,4814393,0
37,2687085,51115705,32670859,307619,137512,0,1,경남,0.86,1,0,0
33,2886759,31985577,37981885,485251,167231,0,1,경기,1.15,0,0,0
31,1868854,41641546,53394639,444988,181083,0,3,울산,0.94,0,11653532,2
37,1926428,15804134,32948118,434135,59100,267383,1,경북,0.82,0,0,1
22,4216243,26625806,22556126,570586,88972,354122,1,세종,1.0,0,6167573,0
39,1760702,23185822,3276000,457440,107724,108050,3,경북,0.82,0,0,2
30,2898911,7781307,15326017,341969,67662,608446,2,경남,0.86,0,0,0
27,9000000,69557964,33242732,584209,172444,355299,1,세종,1.0,0,0,0
24,3716390,15009972,9294198,500594,121784,0,1,경기,1.15,0,0,0
34,4196743,16500265,42074264,528344,154785,0,2,대전,0.98,0,0,0
39,1932658,32093933,19372874,238589,108405,163324,1,부산,1.02,0,10022835,0
33,1799308,52046207,33106155,589406,128454,0,1,세종,1.0,0,0,2
19,4294543,8069389,27667455,227407,62909,344003,2,강원,0.84,0,0,0
28,2701292,18478087,32092982,191489,75780,0,1,울산,0.94,0,4204679,0
34,5052074,53732789,12577428,282644,78200,0,1,부산,1.02,0,14656284,0
27,3243616,30753686,56214641,392421,53784,0,1,대전,0.98,0,0,0
35,9000000,73784190,42620800,645046,147221,0,1,충남,0.87,0,9241026,0
33,2489406,50681437,28310090,559903,121348,0,1,서울,1.35,0,0,1
20,2158858,38952775,6116782,453839,151607,0,1,부산,1.02,1,0,0
30,2167683,51425193,11022796,489198,107012,132036,1,경남,0.86,0,0,0
22,4962631,6372419,14138463,438732,156876,0,2,경기,1.15,0,0,0
29,3848032,27461457,3462527,415715,146197,0,1,울산,0.94,0,4941671,0
27,2106083,103105313,10284596,414864,110314,0,1,부산,1.02,0,10729173,0
35,2777938,23885274,32911693,750132,124388,311001,1,경기,1.15,0,25001649,1
37,5743280,31362462,15339256,425933,125157,0,1,울산,0.94,0,0,0
28,5454148,19392019,34553218,512327,153187,0,2,세종,1.0,0,0,0
30,1733169,20874579,15558914,385002,114762,0,1,인천,1.08,0,4133796,1
32,2605891,56063810,3929675,380060,129935,349481,1,경기,1.15,0,7238145,0
32,6968097,103731937,6178587,586722,64237,0,2,인천,1.08,0,5820732,0
32,2963157,80945297,15897912,416006,80423,272864,1,충남,0.87,0,0,0
35,3445308,9724692,14872914,499177,84477,0,1,경북,0.82,0,0,0
39,4951657,40387208,10223144,342307,132646,219584,2,부산,1.02,0,0,0
36,1795551,27760815,9433312,432085,89037,0,1,대전,0.98,0,0,1
21,2125637,8952687,35186545,226861,117653,268865,2,대전,0.98,0,0,1
29,2770287,55724540,2032570,357496,106381,0,2,광주,0.91,0,12249268,0
28,5344830,22769048,22871846,203094,112668,233422,3,대구,0.93,0,0,0
29,4936422,12944207,19943428,562207,152173,0,1,서울,1.35,0,0,0
30,4338988,38642609,35817422,585669,119836,0,2,세종,1.0,0,6283540,0
34,2999072,16215908,66884911,198144,103350,0,1,광주,0.91,0,5891198,0
27,5175089,64187794,4797655,334895,127754,0,1,대전,0.98,0,0,0
24,2981731,64771450,29133935,365031,169085,0,3,대구,0.93,0,22372840,0
28,4082330,46574938,25922160,335279,112834,0,1,경남,0.86,0,0,0
36,4712970,46730208,7356691,495653,66087,0,2,충북,0.86,0,0,0
25,6604652,24470734,11250259,247308,64645,0,1,울산,0.94,0,0,0
19,3107822,32850794,16088538,180000,102627,0,1,부산,1.02,0,4854009,0
39,1093255,38520634,22751547,336497,67245,270757,1,전남,0.78,1,17867551,2
23,5556809,6034017,17389506,602878,25193,0,2,경남,0.86,0,20533772,0
31,5743324,47683879,68521739,491839,109458,90046,1,서울,1.35,0,16743892,0
35,972398,81391000,6659058,446338,122242,0,1,경남,0.86,1,0,2
24,1979763,15315708,15499124,371813,157576,1128158,1,충남,0.87,0,0,2
26,3482780,50122308,27440444,594499,114684,271692,2,경기,1.15,1,21807407,0
24,1571764,26013316,11200117,317218,118443,0,1,전북,0.8,0,16032352,2
22,1537622,16438525,7571724,517681,133347,0,1,경기,1.15,0,0,1
22,2837078,2621072,58938638,755456,122599,0,1,서울,1.35,0,0,1
22,3187353,44583131,26531429,649846,91938,107030,1,경기,1.15,0,0,0
28,1933559,41270859,2100996,344842,186669,254271,1,울산,0.94,0,0,0
30,3355307,12560360,9054076,298947,74330,0,1,충북,0.86,0,1663793,0
19,3420284,20821535,7466567,334541,124594,0,3,광주,0.91,0,0,0
36,960248,32502695,64506948,246218,86462,0,2,인천,1.08,1,5162219,2
33,2949574,39792583,15329155,378777,116391,0,1,부산,1.02,1,6040115,0
20,1568920,56837310,42897491,296072,122372,0,1,경북,0.82,1,8562938,1
36,4954974,28033717,28241325,336378,105808,63655,1,제주,1.04,0,11312880,0
19,1630636,5007993,20760609,409752,65127,69738,3,전북,0.8,0,0,1
30,1624597,32409989,11675606,294720,103142,0,1,경기,1.15,0,11171587,0
28,3717192,20552086,11580812,187624,146503,0,1,전남,0.78,0,0,0
29,6771553,17569638,4056315,490986,56565,0,3,충남,0.87,0,0,0
39,1975594,58411318,39361209,659710,169081,268102,1,세종,1.0,0,0,2
38,3243956,24500826,42818475,468946,117080,0,1,인천,1.08,0,0,0
24,1793287,7223606,26997285,330286,137897,0,1,제주,1.04,0,15126035,1
31,2239234,24560106,18914186,259376,73790,0,1,울산,0.94,0,0,0
39,3314078,32370427,22601750,545418,114484,0,1,서울,1.35,0,0,0
34,2467780,39259365,45091026,573733,89130,498286,3,부산,1.02,0,15164524,2
37,1739793,68765697,21086012,461274,120357,0,1,광주,0.91,0,0,1
28,951807,17909724,14003327,349695,77085,0,1,경기,1.15,1,0,2
24,1355483,44913676,10871059,491036,89841,0,2,대전,0.98,0,9714612,2
29,1436817,19210150,52719306,545864,183041,0,2,울산,0.94,1,0,2
36,3943629,7633840,9315569,632375,135521,0,1,제주,1.04,0,0,0
38,3935113,64194116,20452887,685355,128593,259979,2,경기,1.15,0,0,0
33,2063072,11878342,25185729,460021,121208,65180,1,강원,0.84,0,26205360,1
33,4700649,38544504,31868880,180000,159972,33715,1,경남,0.86,0,466328,0
29,4133219,10347961,19320769,224759,102731,105819,1,전남,0.78,0,0,0
25,3059582,37318380,17809757,608763,141696,0,1,경남,0.86,0,1217006,0
27,2851101,9907640,21210419,425629,31158,0,3,인천,1.08,0,9175737,0
29,1045612,9001070,12443701,180000,102963,658671,2,전남,0.78,1,0,2
36,3312725,32450788,6917648,558900,102064,0,1,제주,1.04,0,0,0
30,6113859,5099515,33023519,547839,93208,0,1,대전,0.98,0,1104803,0
35,2015443,33237276,12441146,437996,137878,0,3,세종,1.0,1,5234454,1
19,1635886,44747793,4535559,461307,103772,0,1,강원,0.84,1,9143880,1
34,3844905,106300046,7364891,345675,106373,0,1,세종,1.0,0,1373967,0
29,1899378,34235759,21357172,338111,83015,0,1,대구,0.93,0,5945356,0
39,2690913,37215257,33678478,187346,99104,113268,1,제주,1.04,1,0,0
28,2133733,62300100,23206390,304420,42639,42054,1,제주,1.04,0,2759438,0
29,4103956,11019411,15725408,594922,98977,0,3,광주,0.91,0,0,0
21,9000000,11840004,14499875,180000,57631,233073,1,전남,0.78,0,0,0
35,2386997,52055481,8409444,361112,164083,370145,1,광주,0.91,0,0,0
33,9000000,26428493,31339385,241266,132839,0,2,전남,0.78,0,0,0
37,3766382,32315112,6306171,464334,140435,406623,1,강원,0.84,0,13351468,0
20,2209580,26714026,23797272,180000,64451,1131425,2,울산,0.94,0,0,2
23,2166462,8961013,41221328,334458,143093,0,1,인천,1.08,0,6103790,0
37,8432325,15153593,20538173,294546,85788,0,1,충남,0.87,0,0,0
19,3770195,11147008,29977642,464347,121248,0,1,대전,0.98,0,14468032,0
29,2390962,20687761,10286817,460609,105906,145493,2,부산,1.02,0,9920321,0
27,2794501,39440409,25152696,213077,64188,0,1,부산,1.02,0,16358027,0
38,3670674,36610327,37928512,378588,76566,181384,2,제주,1.04,0,312391,0
36,3038584,47576739,38965839,369305,138376,0,1,경기,1.15,0,0,0
37,3539120,29896945,28689302,380401,129122,141652,1,전남,0.78,0,0,0
25,6539066,48563336,12364770,331150,60006,0,2,경북,0.82,0,0,0
31,1877825,26309641,56432493,774623,159484,0,1,서울,1.35,0,0,2
33,4024226,7550819,18514196,283095,95563,0,2,충북,0.86,0,0,0
39,2955878,21180806,12080977,297600,63607,0,1,강원,0.84,0,3330596,0
19,1410128,27317004,51646144,268072,90799,0,1,광주,0.91,1,15088767,1
39,1915582,49368662,2034015,379386,61700,0,2,충남,0.87,1,0,1
26,1626985,17130141,18410716,510043,84631,135638,1,광주,0.91,0,0,1
21,1102494,29748283,10020554,365067,93941,0,1,울산,0.94,0,0,2
31,3359159,24060944,31707917,334509,128736,0,1,울산,0.94,0,23597379,0
35,2874056,17903695,7700966,401708,135604,0,2,전남,0.78,0,0,0
21,1704748,39719908,3261727,270898,146126,0,1,충북,0.86,0,0,0
19,1461706,34008365,12319736,491903,137536,387675,1,광주,0.91,0,5043552,2
37,3353401,128647960,12754185,331497,42304,89565,2,경남,0.86,1,0,0
38,2024833,30045334,9131116,229198,56589,0,1,전남,0.78,1,643074,0
22,3075875,63713323,4759268,180000,147346,0,3,경남,0.86,0,0,0
37,7838887,19179271,13712559,203908,91286,26644,2,전북,0.8,0,0,0
38,4733328,72290478,2660061,395284,105169,208484,1,광주,0.91,0,0,0
39,6526890,40200761,13351796,331430,129300,0,3,전남,0.78,0,17199233,0
23,1836316,18291908,17371227,392703,156725,254528,1,대전,0.98,0,0,1
31,1806991,37579468,48970321,180000,126912,0,1,대구,0.93,0,0,0
39,3976826,52617889,21487692,376676,80584,0,1,울산,0.94,0,1034735,0
37,3645072,71948284,3247431,273619,70168,96282,1,제주,1.04,0,10625150,0
31,5219994,13497460,23193773,183934,71014,0,1,강원,0.84,0,3174644,0
23,1512709,5897693,53286915,483602,152879,0,1,광주,0.91,0,0,2
20,4127568,34302225,9375200,407617,140798,0,1,울산,0.94,0,13151054,0
24,4667050,32666563,16539793,465950,112071,0,1,대구,0.93,0,2149150,0
20,4561701,57433288,13036169,575771,59257,0,1,충남,0.87,0,0,0
23,2560655,16640492,18258523,417490,142777,0,2,대전,0.98,0,0,0
20,3811970,13805695,15223522,494288,115105,0,1,강원,0.84,0,0,0
35,2184985,41486853,15956782,448517,83188,51142,1,광주,0.91,0,0,0
31,2689015,32605508,10761928,340836,109662,0,1,대전,0.98,0,0,0
29,1947758,42488007,16602157,436697,130625,23219,1,제주,1.04,0,0,1
36,2201008,22937489,19858662,321012,95966,294912,1,대전,0.98,0,0,0
27,1341777,64602616,25305799,575601,79033,397029,1,경기,1.15,1,0,2
27,1259215,34622620,22715423,519266,116630,0,1,광주,0.91,1,5999910,2
23,2200889,56406586,38209123,180000,117300,0,2,강원,0.84,0,4312750,0
28,1001047,25394479,35003402,357838,49021,0,1,경기,1.15,1,24861211,2
22,7088068,12391624,21628342,371073,109040,0,1,대전,0.98,0,22799865,0
31,2459356,41622338,15741793,366296,84272,0,2,인천,1.08,0,6521374,0
39,3514955,49778639,76936968,303072,128683,24526,1,세종,1.0,0,0,0
30,1431587,10858079,2388329,416444,47978,0,1,전북,0.8,0,635636,1
25,5468097,93718046,25720477,614198,68299,509194,1,제주,1.04,0,5254924,0
33,3277302,17281249,31609191,301209,28005,0,1,광주,0.91,0,0,0
36,2520042,40284178,16736035,277896,122563,0,1,경북,0.82,0,10125096,0
28,2529523,43074467,10609536,507069,59981,0,1,부산,1.02,0,0,0
24,4432607,26210505,21325849,318826,60742,203921,1,전남,0.78,0,0,0
33,800000,37024543,6146339,180000,105289,0,4,강원,0.84,1,0,2
22,2139856,28121346,27916555,207480,102023,1600000,1,전북,0.8,0,8826118,2
39,2897753,17039187,5285193,315032,129892,616306,1,전북,0.8,0,53911923,0
25,2883425,30360155,41065183,425103,134297,0,1,강원,0.84,0,575868,0
26,8956914,17687736,25494161,538675,150018,0,2,대구,0.93,0,26275759,0
34,2637882,62482003,21196404,285716,168512,0,1,세종,1.0,0,0,0
19,2138098,48412203,13710183,253043,144533,101216,1,경북,0.82,1,8705792,0
23,6646924,6297935,19084115,567709,124520,636739,1,제주,1.04,0,23971234,0
21,4069441,5946012,7019630,324726,116528,0,2,경남,0.86,0,0,0
27,2282795,97955792,20459319,487621,134022,196360,1,부산,1.02,0,0,1
30,1755602,6420948,11645139,353352,38190,318501,1,충북,0.86,0,0,1
22,4202469,14278022,14391992,514992,109886,0,1,경기,1.15,0,0,0
26,6187322,10047840,63984788,238815,45182,0,1,충남,0.87,0,14220101,0
35,3857062,66254269,14329597,609771,87158,0,1,제주,1.04,0,0,0
38,5183727,31307753,20971591,383970,68044,0,1,서울,1.35,0,2272107,0
19,9000000,13620317,35024641,290369,122751,0,1,충남,0.87,0,0,0
32,4371965,33123450,8438648,607221,133919,34289,2,제주,1.04,0,5017061,0
19,1900030,90361783,39358723,284211,150603,0,3,경북,0.82,0,0,0
29,3117707,41586798,13721006,383181,76161,528615,1,광주,0.91,0,1432539,0
37,3565161,51328899,10798464,645209,92278,318019,1,경기,1.15,1,0,0
35,2740571,8922291,2493834,455940,146817,0,1,경남,0.86,0,0,0
23,2908782,57712558,37663392,447614,90999,224471,1,경남,0.86,1,0,0
24,2963464,10227924,9945494,532691,83327,60329,1,강원,0.84,0,13328698,0
35,3521584,44031821,15319983,261038,137820,0,1,제주,1.04,0,25117732,0
36,2623011,18763563,20170205,531491,137851,0,2,서울,1.35,0,8546055,0
24,3266576,26526170,10154002,268641,142419,0,1,충북,0.86,0,244957,0
19,3341748,25373718,36769485,608418,136582,154692,2,서울,1.35,0,0,0
28,1527250,146973711,65832606,425161,95125,318117,1,경남,0.86,0,0,2
32,2522515,20477444,44258855,180000,157239,0,1,충남,0.87,0,5093474,0
28,1794743,36296651,17905953,180000,139834,0,1,경남,0.86,0,0,0
38,2560199,30275366,29518357,180000,107880,0,1,강원,0.84,0,0,0
36,2166734,13750812,70294007,296273,146318,248619,1,경기,1.15,0,20148113,1
35,4712529,46478728,52822731,540233,119233,0,1,서울,1.35,0,0,0
19,4736051,50518389,21314119,632190,79103,0,1,대전,0.98,0,22285345,0
36,3880904,18425034,22077119,180000,111474,261651,1,전북,0.8,0,1884357,0
34,1768360,29496907,52301043,730373,181181,0,1,인천,1.08,0,0,2
27,2923974,29129370,1639966,441654,144491,0,1,경북,0.82,0,0,0
31,1708898,49520968,15447091,474813,125018,0,1,대구,0.93,0,0,1
36,2862815,60459756,1328937,552219,80618,0,4,세종,1.0,0,0,1
38,4029058,16038627,6327758,265630,71042,283500,1,부산,1.02,0,1639763,0
30,4672744,101488430,623581,348634,102126,503187,1,울산,0.94,0,8700795,0
19,3737679,38004353,14523787,266641,89418,0,1,울산,0.94,0,18982517,0
31,3281102,32408638,77485042,577189,120321,0,1,서울,1.35,1,0,0
33,3410425,53388499,37244560,196197,113761,379993,1,강원,0.84,0,962682,0
20,2758565,69087185,7324330,311988,57371,0,1,전남,0.78,0,0,0
36,4440716,34484506,23584989,260786,79591,96589,1,경남,0.86,0,1774909,0
23,4503822,20151812,7505530,627246,99150,63468,1,대전,0.98,0,7574198,0
37,2434515,19525425,17142222,260528,123309,199437,1,경북,0.82,0,0,0
30,3589827,26436667,42984396,180000,124618,773014,3,경북,0.82,0,2588969,0
25,2687434,40555391,5593263,530639,76711,151892,3,제주,1.04,0,0,1
20,1285883,20410854,22131754,367992,67154,120113,1,광주,0.91,0,0,2
19,3685431,19722086,28092132,513521,74911,1149658,1,경북,0.82,0,0,0
34,1748043,90113042,9497899,406511,136358,0,1,강원,0.84,0,0,1
26,1498240,33375411,32596813,602435,103117,0,1,서울,1.35,1,8323966,2
36,1576110,37199546,8430600,527803,114184,117070,1,대구,0.93,0,9520982,1
23,2238229,40534151,18989173,425194,123737,0,1,충남,0.87,0,5726117,0
38,2531202,61120101,23573948,560941,156725,18620,1,인천,1.08,0,0,1
38,5113496,37745172,4226497,516717,67961,196120,1,울산,0.94,0,0,0
21,2424754,11689875,2790085,304089,149610,0,1,전남,0.78,0,0,0
32,1921112,41422766,3118580,326683,133988,0,4,인천,1.08,0,13628633,2
38,3567303,67467458,28806068,383651,170367,0,3,세종,1.0,0,0,0
25,2778310,37717204,25720668,180000,161622,0,1,부산,1.02,0,0,0
20,4284838,45963651,16878575,253136,112318,340476,1,강원,0.84,0,0,0
37,1973943,28003895,14739603,345270,84269,0,1,대구,0.93,0,0,0
28,3339459,17874080,37794957,586319,136013,0,1,제주,1.04,0,6484610,0
19,8820295,30380607,16390644,478760,76120,0,1,경기,1.15,0,0,0
36,2751790,23524668,10291884,694679,120448,0,2,제주,1.04,0,0,1
33,3304997,79021363,4702296,408859,81127,0,1,전남,0.78,0,0,0
20,1493159,38588711,15622483,180000,99597,0,1,경북,0.82,0,0,0
24,2113532,17826019,18573446,495358,31679,0,4,경북,0.82,0,0,2
19,3716645,9551221,18592026,575300,109497,511042,1,부산,1.02,0,2071104,0
39,1414780,61768643,28291952,180000,113123,199667,1,경남,0.86,1,0,1
19,3972310,11107581,12624622,467484,90277,0,2,충북,0.86,0,0,0
35,3661472,34182182,93242878,512053,109929,77352,2,제주,1.04,0,0,0
29,1730463,36930713,15686252,180000,70102,0,1,경북,0.82,0,0,0
31,4719596,18537311,10445336,218429,135764,0,2,강원,0.84,0,1235554,0
36,1787445,35436150,12287812,521982,110892,0,1,광주,0.91,0,0,1
37,2195095,69780905,29467254,453511,193647,179653,1,경기,1.15,0,17895942,1
21,3366320,6382968,87138934,579665,125529,0,1,경기,1.15,0,0,0
19,2320082,56209856,9124377,527909,123406,0,2,광주,0.91,1,6309531,0
21,1980748,30616183,23880980,426607,90733,0,2,전남,0.78,0,0,1
33,3249970,23524535,24322075,575006,153726,0,1,세종,1.0,0,0,0
30,1454944,9615080,53540165,257172,97007,0,1,세종,1.0,1,7279405,1
20,4046314,23918394,8859678,368981,170965,0,2,대구,0.93,0,8572233,0
23,5074737,15874549,23199280,606870,167972,311787,1,강원,0.84,0,0,0
30,2563540,26986405,34365967,287273,90991,346800,1,충북,0.86,0,0,0
34,4712586,49173691,31440640,571875,103187,0,2,제주,1.04,0,0,0
26,2631754,6346100,29455329,288017,82205,107230,1,전북,0.8,1,0,0
38,6568228,40675236,12145391,268923,62132,0,1,충북,0.86,0,0,0
39,3784708,91776341,19915834,225902,119201,0,1,경남,0.86,0,0,0
35,3263628,28132763,43389874,431522,110839,0,1,울산,0.94,0,0,0
28,2486983,38789783,3204563,563646,132065,0,2,경남,0.86,0,0,0
37,1628692,16229540,13081014,460371,108265,0,1,광주,0.91,0,0,1
34,2706406,21967427,9576090,514533,144289,332959,1,인천,1.08,0,0,0
29,3200947,68657430,7964758,262123,109006,0,1,울산,0.94,0,11536674,0
28,2909729,19645456,26827728,451041,106936,0,1,인천,1.08,0,0,0
36,3943862,49524420,26441807,475937,116816,250872,1,인천,1.08,0,24078539,0
30,800000,18779595,12242876,234739,134635,259587,1,경북,0.82,1,0,2
22,2820439,8020120,17083834,385116,94224,0,1,전남,0.78,0,0,0
39,7191448,31274649,18497361,343908,144230,895438,1,부산,1.02,0,7445546,0
20,4679770,40317887,2464712,317202,82241,0,1,경북,0.82,0,12402010,0
33,3975312,65632935,6814330,622353,104306,0,1,경기,1.15,0,14986745,0
32,3607933,30681007,28546666,593475,45176,0,1,대구,0.93,0,0,0
31,2606494,40909345,5949293,559029,95655,0,1,전북,0.8,0,0,0
20,1434608,27442951,14419245,406116,72295,485242,1,대전,0.98,0,28484356,2
29,3712505,33347474,21116712,403408,126997,72604,1,전북,0.8,0,0,0
37,1064300,17246555,19878588,426595,125855,0,1,경북,0.82,0,0,2
24,2651572,12639615,12232321,593900,157885,0,1,경기,1.15,0,5018049,0
33,3045205,16842172,25954298,597021,177855,0,1,서울,1.35,0,0,0
37,971384,29146762,12231432,547910,103221,0,2,경남,0.86,1,0,2
38,7758867,56889642,17205325,347582,86175,0,1,세종,1.0,0,0,0
29,6683281,81257413,52215147,216829,128420,0,1,세종,1.0,0,0,0
25,4755256,51286302,25807759,435386,97098,0,1,울산,0.94,0,0,0
33,2048793,40824432,16159498,362003,89511,0,1,울산,0.94,0,0,0
29,6968153,30543032,17084139,628395,108541,0,1,충남,0.87,0,3715748,0
32,3980066,56792581,1087313,319895,87879,0,1,강원,0.84,0,11116769,0
34,2034175,172974932,111413837,447569,185843,0,1,인천,1.08,0,0,2
33,3093211,40636333,39334621,391067,99689,141385,2,충북,0.86,0,31043141,0
24,4605857,39952989,11660392,190027,108066,0,1,충남,0.87,0,979705,0
34,2357552,38582523,3277066,604922,143631,493098,2,경기,1.15,0,17644490,1
30,3239991,95204117,12744506,307943,186669,333273,2,광주,0.91,0,0,0
38,3494626,28715360,31417180,627458,99268,0,1,전남,0.78,0,0,0
32,1899849,17349761,31771611,233561,43399,0,3,충북,0.86,0,16001428,1
37,2715569,55478818,20489246,338161,111080,822810,4,인천,1.08,0,0,2
39,1962448,23693254,88715966,180000,59992,0,1,서울,1.35,0,5192018,0
39,2110656,43567606,13502898,258432,90411,174813,1,강원,0.84,1,0,0
34,2064066,34036839,13881425,506242,163093,0,1,울산,0.94,0,5777326,1
31,3457747,41160260,27334968,293069,84830,0,1,제주,1.04,0,1415406,0
21,1677617,27959629,9679223,513045,75389,0,1,세종,1.0,0,3881573,1
27,1873416,6427003,10291847,411544,138956,0,1,경남,0.86,0,4628095,1
28,1834795,44862843,31765251,283700,104807,0,1,부산,1.02,0,13438918,0
35,2692915,44835435,8178189,401843,153027,344300,2,울산,0.94,0,1483662,0
31,3295987,63421338,28377038,322261,103987,260667,1,인천,1.08,0,0,0
28,3567933,16476974,32115996,446171,131062,407622,1,강원,0.84,0,0,0
22,1423446,3373201,13800108,199993,58453,0,1,부산,1.02,0,4476768,0
34,2836658,53133628,15829512,532615,79280,0,2,세종,1.0,0,0,0
28,2208681,44227519,20491054,318319,105093,0,1,대전,0.98,0,7341992,0
19,3837566,40326247,8851528,470099,98305,395668,1,부산,1.02,0,0,0
24,2718439,102710880,15068513,567784,202735,224886,1,경기,1.15,0,0,1
37,2945811,6726397,4185662,471945,147557,231217,1,세종,1.0,0,0,0
21,2214028,3311190,7311473,744718,147508,0,2,제주,1.04,0,0,1
27,4007772,10094581,17985159,382439,106463,0,1,부산,1.02,1,2096444,0
29,1756288,50888407,22632949,194475,61265,0,1,광주,0.91,0,0,0
20,2568330,63167566,25524307,719352,171004,0,1,부산,1.02,0,12181446,1
22,3194431,28036011,8308261,392628,50432,0,2,전남,0.78,0,0,0
38,1376239,48032019,10182153,435321,91423,0,2,울산,0.94,1,71213,2
31,2196025,17510737,12659757,760166,132949,0,1,제주,1.04,0,10731719,1
23,1399504,10016619,17626979,221036,201755,189572,2,대구,0.93,0,3319585,2
22,2265494,4917885,8026548,506303,176216,0,1,경기,1.15,0,0,1
27,2019008,43893696,2915458,234137,130283,0,2,강원,0.84,0,0,0
34,6278984,65012810,18623772,353459,184358,0,2,충남,0.87,0,0,0
34,3206420,14811613,11684391,266765,95598,302145,1,제주,1.04,1,0,0
23,2984109,12223203,20621639,353759,123819,113421,1,경북,0.82,0,0,0
34,1667118,24027000,58424607,298568,159988,266279,1,경남,0.86,0,0,1
37,4189161,18993999,9983111,374065,59833,0,1,충북,0.86,0,1072603,0
23,2000263,34134144,24300117,180000,123186,0,1,광주,0.91,0,0,0
19,2408485,19229551,1745974,534194,126162,0,1,울산,0.94,0,0,0
39,2327364,75046043,14699101,443288,128138,0,1,인천,1.08,0,4121608,0
29,2459417,17112977,19184447,755915,74161,190301,1,울산,0.94,0,1841014,1
35,2618527,61503553,1285838,354086,125284,28542,1,광주,0.91,0,0,0
25,1733835,6317283,65154818,430070,130007,0,1,서울,1.35,0,6047233,2
25,2255284,15236676,9176680,477875,93204,176873,1,부산,1.02,0,0,0
23,4729018,29065297,28831664,180000,135784,0,1,강원,0.84,0,11436686,0
23,3006306,34376512,25844625,541679,157292,0,2,광주,0.91,0,0,0
28,3218858,78747136,58476819,255870,88269,0,4,제주,1.04,0,0,0
21,1167979,33363004,1894484,347845,129331,349658,1,세종,1.0,0,0,2
36,4584534,38965752,23959696,554645,161208,271527,1,제주,1.04,0,13784116,0
29,2271336,13439052,14888453,412189,158116,715728,1,충남,0.87,0,0,1
38,4945352,26674841,1655451,657704,114279,1005506,3,서울,1.35,0,0,0
29,3259193,18736581,16256413,268198,149965,549554,1,부산,1.02,0,572371,0
25,2395181,26283190,12559311,518677,100639,0,2,충남,0.87,0,4394477,0
29,1482444,26583738,4503736,247922,137096,0,1,강원,0.84,0,0,0
22,7770429,34603701,14748831,202646,85693,0,1,대전,0.98,0,0,0
36,4308276,73763954,13851036,496360,58741,95394,1,세종,1.0,0,0,0
34,4420548,29919493,10042715,358119,127567,576108,2,경남,0.86,0,0,0
22,4169737,46038767,21506212,358850,140809,0,2,광주,0.91,1,0,0
31,3358515,18562947,42906526,651893,144419,560781,1,서울,1.35,0,0,0
30,5455769,81437212,8929870,402259,82954,323176,1,대전,0.98,0,0,0
23,2482719,25590240,14116466,180000,25000,74920,1,경남,0.86,0,0,0
21,4188323,75422907,44138748,255104,138174,0,3,전북,0.8,0,0,0
34,2326116,26670353,13330524,401600,159095,0,1,경북,0.82,0,0,0
24,2455873,17787888,7596178,415350,42605,986695,2,경남,0.86,0,0,2
29,3179907,16671655,7212344,504062,104609,629814,1,경기,1.15,0,0,0
24,1768550,8661422,25463409,719303,77685,0,1,대구,0.93,0,3174650,2
32,3514137,59432561,10970915,745903,123914,0,1,경기,1.15,0,0,0
20,2667121,12219104,10600581,454371,166485,0,1,서울,1.35,0,0,0
26,1297566,35488176,21329213,180000,99886,420732,2,경북,0.82,0,0,2
30,2505146,10286375,3894482,576593,91202,0,2,경남,0.86,0,8601839,0
28,2629433,95779276,26837606,605802,127445,0,2,인천,1.08,0,0,1
31,4401130,61171847,5289584,566744,33259,0,1,전북,0.8,0,0,0
22,3447939,52025057,6656406,323522,137802,0,2,강원,0.84,0,0,0
28,5683429,32443862,5038378,510286,152321,264002,1,경기,1.15,0,0,0
34,3814420,29644727,7155836,180000,109084,225349,1,경남,0.86,0,0,0
26,2403530,16420741,33293184,348232,92648,0,1,경북,0.82,0,3679149,0
22,2974414,74486509,81397367,180000,98625,0,1,강원,0.84,0,0,0
36,2626050,10570337,12175896,249914,97892,514016,1,전북,0.8,0,0,0
35,3762072,50576356,11810779,532327,108008,162151,1,광주,0.91,0,3753575,0
33,3129475,19554402,24955864,303126,52544,0,1,전남,0.78,0,0,0
35,2327654,16408383,23670344,512909,125167,565744,1,울산,0.94,0,0,1
35,3061300,29583171,38562860,408675,100026,557965,1,제주,1.04,0,101899,0
34,3718979,25764234,26834058,568885,116022,0,1,경기,1.15,0,6120993,0
29,1978582,38571567,44168441,255324,93530,97331,2,인천,1.08,0,0,1
19,3495426,58896163,23224815,316075,126209,0,1,제주,1.04,0,0,0
31,1546985,26486681,51373290,410969,156988,0,1,대구,0.93,0,0,2
24,4906384,3571837,30680895,636927,118863,629212,2,대전,0.98,0,14685931,0
35,3826036,16874286,40350296,360959,49872,162296,2,전남,0.78,0,0,0
28,6145581,24942142,13278439,458909,112591,0,2,부산,1.02,0,0,0
38,992326,26392269,14650031,647906,119343,396330,2,세종,1.0,1,4629112,2
31,4965559,49263527,19668616,374222,108546,208501,4,대구,0.93,0,0,0
30,4560932,36702082,22571367,333493,85631,445602,1,부산,1.02,0,0,0
38,2820127,54085259,17728610,459591,111279,151921,3,제주,1.04,0,0,0
28,2593958,5352993,18879688,497627,141895,298331,3,부산,1.02,0,0,1
26,1912725,56007395,16411595,341658,104943,450189,1,경기,1.15,0,0,1
26,1709915,5700578,18290351,395234,157436,0,2,충남,0.87,0,0,1
37,850126,51295011,9787950,180000,85279,0,2,경북,0.82,1,0,2
34,1777411,74022533,42951423,394014,77671,129004,2,인천,1.08,0,0,1
22,6057531,1358426,24009305,314040,99488,4034,2,전북,0.8,0,0,0
29,1598809,25520187,17849433,360104,37327,0,1,강원,0.84,0,0,0
26,3251663,19518187,2804833,180000,107739,298854,1,경북,0.82,0,3728415,0
32,3678462,14695719,3109486,515882,102142,0,1,인천,1.08,0,0,0
20,3556818,1371635,19312950,573947,136927,0,2,제주,1.04,0,0,0
33,3693652,60528176,6307793,583566,49095,0,2,충북,0.86,0,0,0
34,4581808,13948522,22297782,543641,134825,672889,2,경북,0.82,0,10755358,0
23,2517824,143485621,1239852,429019,115424,462548,2,광주,0.91,0,0,1
22,3167011,7901510,64307679,714081,168365,0,3,제주,1.04,0,0,1
32,2688303,17152393,4431763,294055,102972,0,1,충북,0.86,0,0,0
24,5340010,541401,40261619,340825,125702,0,3,인천,1.08,0,0,0
38,7523895,13669004,11821921,386544,131127,42642,1,경남,0.86,0,0,0
35,1825310,15801804,2504737,474012,35978,0,1,전남,0.78,0,0,0
39,1273499,33523727,14399254,522963,150440,0,1,대전,0.98,0,0,2
30,3895680,43626707,40279497,180000,103964,114648,1,강원,0.84,0,10269176,0
38,4832684,24174438,12335053,276553,65534,0,1,광주,0.91,0,8051369,0
19,7075526,39122242,37786539,434133,105843,0,1,강원,0.84,0,0,0
25,4188884,83184153,18212968,337872,153869,271373,1,제주,1.04,0,0,0
19,5558495,19706970,25401203,343639,96936,0,2,경남,0.86,0,601312,0
33,6227455,20360347,10385726,510223,116083,0,1,부산,1.02,0,11964243,0
29,5725879,11908315,8570188,539524,42838,214366,1,제주,1.04,0,0,0
25,4455060,25465875,5225689,549108,80735,0,1,울산,0.94,0,0,0
25,1757323,74767503,18589899,548898,133913,0,1,충남,0.87,0,0,0
32,3039053,27066218,20715023,426182,144651,0,1,전북,0.8,0,0,0
22,3470013,40297012,14390764,279829,119384,0,1,세종,1.0,0,0,0
29,2921869,27815745,8760545,506076,131113,323494,2,울산,0.94,0,11368900,0
31,3000431,29382998,50984120,501163,96666,487726,1,울산,0.94,0,0,0
24,5983763,126752399,14423023,422102,108755,0,2,경북,0.82,0,3074466,0
23,2202744,33405680,21869205,564636,72898,76406,1,광주,0.91,0,0,0
26,4300512,52141593,10967783,450524,93284,56986,2,대구,0.93,0,0,0
31,3494574,43751164,3088356,405306,109029,0,3,광주,0.91,0,6429663,0
24,2109398,24199068,8142705,351209,57720,0,1,부산,1.02,0,6681037,0
26,1919765,15363125,15070660,676716,193821,0,1,광주,0.91,0,0,2
30,1467523,76912124,4865205,391113,90643,0,1,경기,1.15,0,0,1
22,3758198,3228321,31445590,486396,122659,0,1,경기,1.15,0,0,0
30,2968172,14734004,13575662,304822,63834,0,1,전북,0.8,0,0,0
21,2138399,12523568,17673571,330338,25000,0,1,경기,1.15,0,12541427,0
21,1361268,53449716,1372008,512371,168415,0,2,강원,0.84,0,0,2
23,3673729,74869792,12824819,412157,109132,0,3,전남,0.78,0,2661395,0
25,2830459,6157878,15763871,382138,31509,0,1,전북,0.8,0,4416638,0
19,2243985,21206115,6566112,345942,74763,0,1,울산,0.94,0,0,0
39,2014970,64185150,11200370,536416,184838,0,1,부산,1.02,0,0,1
25,2752623,14344399,16672412,340607,125800,0,1,경남,0.86,0,0,0
35,3733104,49780098,6230863,439746,25000,94548,2,경북,0.82,0,0,0
37,2646529,32560776,9264916,582328,90999,0,1,충북,0.86,0,865663,0
35,1829560,23304576,10024373,193575,108898,0,1,경기,1.15,0,0,0
36,2974714,52820232,35525190,709394,138083,0,1,서울,1.35,0,12400367,1
21,4781369,16743718,37479864,717302,111242,746091,1,대전,0.98,0,11895350,0
26,3103271,29180473,21384658,703560,53055,0,1,인천,1.08,0,0,0
34,3141071,16044536,10733637,471506,85857,134161,1,경북,0.82,0,0,0
31,2651443,43988198,30175386,593266,80688,87484,1,부산,1.02,0,466071,0
19,2080454,59749436,3031388,317250,136658,0,1,대구,0.93,0,29115939,0
30,1195852,11738147,16773493,492730,93875,0,2,제주,1.04,1,0,2
35,1492637,22387035,31039705,293585,87737,53185,1,전남,0.78,0,0,2
36,5068621,67054122,9719285,399811,103312,0,2,부산,1.02,0,537018,0
27,3721017,20893905,21772214,524108,79848,0,1,광주,0.91,0,0,0
23,3160123,22482347,31165129,390358,164801,0,1,세종,1.0,0,0,0
25,1896879,8477244,16698050,180000,148429,0,2,충남,0.87,1,0,1
25,3529440,61448732,6667569,452058,149846,670488,1,경남,0.86,0,3342036,0
26,2223954,7622530,8875197,366568,64869,0,1,경북,0.82,0,0,0
25,2651906,23177422,27682286,535313,125204,0,1,제주,1.04,0,9500935,1
28,2487385,15957931,35337230,519115,147288,0,2,서울,1.35,0,6382996,1
19,8980485,46540954,16853507,180000,74544,243491,3,대구,0.93,0,0,0
24,4729542,128425337,1827438,260154,67412,0,1,강원,0.84,0,15161518,0
25,3278320,4085145,6404608,500043,84978,0,1,서울,1.35,0,0,0
22,5487731,13254753,14288293,264679,58857,0,1,광주,0.91,0,0,0
37,5197655,29589045,9873237,414856,150421,0,1,인천,1.08,0,0,0
33,1684580,15139135,5088221,493728,142321,0,1,경남,0.86,0,0,1
38,2771295,33044543,6897582,342307,103969,0,1,경기,1.15,0,3233395,0
30,3028666,54773736,78744745,492944,111526,0,2,인천,1.08,0,1180560,0
21,3967351,30782385,21229072,271896,88596,0,1,부산,1.02,0,18309416,0
37,1189196,53886118,28488987,407717,194759,302321,2,인천,1.08,1,9077690,2
28,2923476,16422485,11566276,370327,93233,0,1,강원,0.84,0,0,0
33,2501177,45095399,31704835,333345,91504,0,2,광주,0.91,0,14390157,0
27,4788340,31618980,21145522,452206,104438,0,1,경남,0.86,0,0,0
29,1639687,9557293,17982127,391896,64441,0,1,대구,0.93,0,0,1
29,2538007,29130108,16522055,345532,117845,0,1,강원,0.84,0,0,0
24,1380383,14236542,7252822,180000,159051,581071,1,충남,0.87,0,6769510,2
30,1958927,177760134,6750166,446826,102824,0,1,충북,0.86,0,0,0
34,3495680,59119635,15973903,593063,135201,37572,1,전남,0.78,0,9066232,0
19,3524321,28465205,32612189,357549,43826,0,1,부산,1.02,0,0,0
21,2665707,68355928,41342953,488883,78654,0,1,세종,1.0,0,0,0
36,4945387,52820314,22032490,217930,110548,0,2,전남,0.78,0,2156853,0
30,5459625,11072774,36765065,455928,43359,0,2,경북,0.82,0,10444963,0
39,2960546,97738406,34219507,416085,120408,109503,1,충북,0.86,0,9133776,0
31,3396779,11447996,12949377,337397,98358,116270,3,충남,0.87,0,4852206,0
32,2510665,80362011,43157624,253650,118409,242418,1,경북,0.82,0,0,0
37,3993641,35402042,14925084,465949,100780,0,1,충북,0.86,0,0,0
32,1825211,31956991,17058148,465325,107133,196562,2,제주,1.04,0,0,2
25,6601854,12553128,28635974,292684,25000,0,1,인천,1.08,0,0,0
30,4979529,34530983,40449172,185549,73344,0,1,대전,0.98,0,21183689,0
23,1821396,40200474,11180766,600906,133063,0,1,경기,1.15,0,20086950,1
26,2172468,39685297,19874078,403697,65736,149240,1,경기,1.15,0,0,0
33,3655667,38214643,14766744,449659,77652,341188,1,세종,1.0,0,3240557,0
22,2637136,21780853,7188386,546572,97148,0,1,부산,1.02,0,7536077,0
33,3854801,49071178,8822676,250369,97952,460945,1,광주,0.91,0,0,0
31,2613267,24423787,6941048,293081,135744,86551,1,울산,0.94,0,3420280,0
25,5875614,24344977,21952878,585936,116954,11596,1,충북,0.86,0,6283068,0
19,3060914,35485882,14747356,408071,89736,0,1,제주,1.04,0,0,0
33,8636352,32626096,10064482,505856,48043,561124,2,경북,0.82,0,0,0
36,3952277,15394702,21224597,730099,217018,0,2,광주,0.91,0,0,0
34,1707274,40857201,23329467,453231,112883,0,1,대전,0.98,0,31100,1
27,7480765,33811691,31053361,197435,139140,140192,2,전남,0.78,0,14706978,0
32,4891865,31384133,2196139,521016,30331,0,1,인천,1.08,0,0,0
27,3591626,23655185,28715342,320498,95476,326369,1,강원,0.84,0,0,0
26,4027694,20573875,6246702,440244,96346,290184,1,울산,0.94,0,24914027,0
25,1829150,26507711,22476787,537997,96184,497026,1,부산,1.02,0,0,2
23,1403908,12300558,5280324,507491,136159,0,2,충북,0.86,0,1363630,2
39,2995734,79290587,27421249,180000,102289,253709,3,대전,0.98,0,0,0
32,5517985,42079615,10605907,622013,97409,451623,1,부산,1.02,0,0,0
22,3615739,33088393,21643863,409047,108671,166537,1,충남,0.87,0,0,0
37,6360362,65224459,9652744,413760,114645,0,1,인천,1.08,0,12793419,0
22,5383111,10697971,2582609,503620,66767,122585,1,충남,0.87,0,0,0
31,3077148,20841361,9944753,348881,148411,0,1,인천,1.08,0,0,0
22,5074140,15051720,22395052,268206,90441,0,3,울산,0.94,0,0,0
26,5870017,35182076,10834132,491144,103548,922436,2,전남,0.78,0,251613,0
32,2946634,18130551,31084787,435604,164829,0,3,부산,1.02,0,0,0
39,2782134,63493298,12170029,557549,208871,0,1,전남,0.78,0,0,0
39,3239877,44916498,16945718,254563,123984,753136,1,전북,0.8,0,0,0
37,1081146,25376487,3194815,438099,47964,44721,1,경남,0.86,0,12392469,2
23,3440880,6586304,25811913,516020,103725,109049,3,인천,1.08,0,0,0
20,4157566,32819847,26442638,385842,167646,0,1,전북,0.8,0,26953633,0
38,1168154,10876694,1724194,485071,100853,51711,1,경남,0.86,1,0,2
38,3537257,24059383,3960561,431315,136753,0,1,전북,0.8,0,0,0
24,2993510,23120110,59625848,380625,141088,0,2,부산,1.02,0,0,0
19,1292298,21683804,15994602,180000,82525,0,2,전남,0.78,0,20823298,2
32,6234244,20351439,16245338,629546,181545,0,1,경기,1.15,0,5619325,0
20,2603809,44864496,10826139,180000,123934,637224,1,충북,0.86,0,9966661,0
19,2338478,11438781,27644097,256455,111071,0,2,세종,1.0,0,0,0
38,5468882,24956515,11252677,280538,102752,411364,1,강원,0.84,0,0,0
29,4645889,31478076,18087712,561182,70978,0,1,세종,1.0,0,0,0
21,3429999,28096075,44998861,528002,92069,0,1,서울,1.35,0,0,0
32,4245971,11080341,15485868,696793,76197,259106,1,세종,1.0,0,0,0
26,1856135,28459412,32718710,180000,188509,0,1,경남,0.86,0,0,0
30,2945731,20399211,2883288,288446,146975,0,3,울산,0.94,0,0,0
37,5322264,21393499,21173457,180000,75127,0,1,대구,0.93,0,272459,0
23,2279533,32085988,11135668,315055,177395,0,1,제주,1.04,0,0,0
32,1985475,15718262,27035487,409135,163074,372721,1,경기,1.15,0,18907062,1
36,3154851,30157085,13931454,644083,89506,0,1,세종,1.0,0,0,0
27,3186828,26534650,39988456,543200,130589,0,1,세종,1.0,0,0,0
39,4029320,42279307,29032991,452835,88142,0,1,세종,1.0,0,8851835,0
28,1686299,17354080,9511223,346013,144799,362981,1,경남,0.86,0,0,1
28,1019089,40443402,9635219,528658,127907,477204,1,울산,0.94,0,0,2
37,4532489,55293056,23426415,620797,98057,0,1,제주,1.04,0,4700211,0
32,852842,50698832,16985802,424314,71984,0,1,경기,1.15,1,0,2
37,2346314,16663700,16053816,274833,105333,0,1,전북,0.8,0,6818309,0
35,1192856,54867753,22326559,307997,126123,326992,1,충북,0.86,0,0,2
33,4735058,53791051,31588604,180000,155972,0,1,대구,0.93,0,5631384,0
24,3545882,82412104,13255893,620341,134457,0,1,부산,1.02,0,12346827,0
27,3485199,10610462,6186282,286723,140023,357501,2,전북,0.8,0,1301270,0
37,1891206,71527978,34692931,306160,82610,428228,1,충북,0.86,1,440850,1
31,1257684,10226580,28629317,552088,39685,0,2,충북,0.86,0,0,2
24,1996749,47040029,32163657,506976,60472,0,1,서울,1.35,0,7827986,1
25,2511547,54765272,23459062,535239,98714,0,2,충북,0.86,0,0,0
35,2210419,52546379,16958975,223965,85824,0,1,제주,1.04,0,0,0
22,2713913,5534721,35952091,649176,115392,162062,1,서울,1.35,0,16880300,1
21,3390602,62760462,42603383,309236,136365,0,1,울산,0.94,0,6242253,0
35,4701634,128791678,6804980,245213,133965,52481,1,세종,1.0,0,0,0
25,1613900,10661517,7353949,238405,26835,0,2,경남,0.86,0,0,1
35,3038434,27567339,27106346,409973,200755,299720,1,대구,0.93,0,2986104,0
30,4141696,19821722,1454843,337932,125697,0,1,세종,1.0,0,4570001,0
39,2049889,49514796,37818274,363415,117730,0,1,전북,0.8,0,0,0
30,2807301,19189260,62250371,334054,110106,0,1,경기,1.15,0,0,0
37,2347825,52610577,6081104,180000,97366,0,1,전남,0.78,1,6297240,0
36,3064736,28221714,6169650,487036,145670,0,2,전남,0.78,0,1391570,0
23,4075717,28259947,417291,415034,73525,0,1,전북,0.8,0,0,0
39,3176760,30605620,6723201,180000,119875,0,2,충남,0.87,0,0,0
34,2667231,11592748,13707032,440859,160660,0,1,전북,0.8,0,5865493,0
21,1842045,27128815,2149751,379442,113806,0,3,전남,0.78,0,1909281,1
19,3392015,5732865,30857526,293479,126884,275900,1,경남,0.86,0,0,0
24,3183973,6801979,31956740,334563,61516,0,1,울산,0.94,0,0,0
19,1045750,63668249,19519796,589573,139610,0,2,울산,0.94,1,0,2
26,3917390,40706757,9099166,431812,121848,0,1,충북,0.86,0,757253,0
39,5261145,43148359,9492892,650799,108931,0,1,부산,1.02,0,425048,0
29,2296306,31742876,22959762,410599,133305,0,1,경북,0.82,0,0,0
19,2230576,105922166,32555136,342960,67139,0,1,전남,0.78,0,1146836,0
29,2195825,30332795,9036012,286604,171963,538601,3,충북,0.86,0,0,2
23,1481888,23281480,41786909,410864,212791,0,2,대전,0.98,0,0,2
36,7221544,31845739,23720047,558111,90522,538924,1,대전,0.98,0,1014102,0
20,2514618,56326414,40872202,383282,151832,0,3,울산,0.94,0,5702292,1
35,2108562,34117746,11300441,651102,104106,442992,1,충남,0.87,0,0,1
28,1878791,35701815,3938595,497538,64092,233292,2,전남,0.78,0,14039068,1
19,2581358,59488410,37857398,182780,154542,297773,1,충남,0.87,0,0,0
33,2261892,42555009,8347478,324547,98984,487778,1,경남,0.86,0,0,0
28,5660505,51987728,37972371,515147,134293,188263,1,제주,1.04,0,0,0
35,1782799,22843469,1286069,200576,176005,0,1,충남,0.87,0,0,0
31,1573924,11609905,16329368,384219,128493,0,1,광주,0.91,0,0,1
35,3866728,84246874,20989864,242610,116228,705296,1,충북,0.86,0,0,0
28,1310615,50273229,19314861,414460,77081,0,1,울산,0.94,1,0,1
19,2771186,40840638,17958366,248845,75437,0,1,충북,0.86,0,0,0
21,3879806,33870950,12418215,487700,102391,0,1,전남,0.78,0,0,0
28,3234672,27760933,13502197,336006,96754,620679,1,광주,0.91,0,0,0
27,2989213,15641059,22646870,521227,135805,68420,1,세종,1.0,0,0,0
35,1666480,17603321,55114364,339177,81587,271692,2,서울,1.35,0,0,2
27,1488637,10472099,7726741,321733,80466,0,1,전북,0.8,0,16474844,0
37,2256821,13357363,28971072,248009,106693,195191,3,세종,1.0,0,0,1
22,1913367,11233399,4911461,594556,114052,0,2,울산,0.94,0,0,1
27,3424310,20502721,21707658,253354,110524,262588,1,강원,0.84,0,0,0
34,1407330,81965647,11730564,447678,105600,0,1,부산,1.02,0,0,1
21,2516484,5568423,7111322,439619,81464,0,1,충북,0.86,0,11757029,0
25,2831253,28916420,17818294,244937,127881,1151842,2,전북,0.8,0,0,1
34,2998433,88557744,44749052,222484,152952,0,1,대전,0.98,0,425463,0
31,3620804,59115892,7711304,519546,124619,0,4,인천,1.08,0,2025326,0
35,2650450,36903559,5260141,180000,89717,0,2,광주,0.91,0,19111475,0
29,2289011,19511693,18125220,629729,45393,0,1,부산,1.02,0,15691252,1
37,5208376,12998555,7830856,395936,168124,36588,2,광주,0.91,0,2477499,0
37,2657877,34120924,15707795,180000,102803,909148,1,충북,0.86,0,0,0
39,5614585,59169516,14776829,479653,161570,499973,2,경기,1.15,0,0,0
21,2652060,14402075,4690037,446030,165066,236504,2,전북,0.8,0,25391256,0
31,3028737,62221739,9983315,352125,140569,0,1,부산,1.02,0,0,0
21,2873355,23546457,31693533,180000,142335,0,1,경남,0.86,0,0,0
23,3368830,32837510,11359161,340035,138231,0,1,전북,0.8,0,0,0
25,2546212,26760991,15970248,512710,102720,0,2,대구,0.93,0,0,0
32,3178723,64526115,6954106,414439,68288,33706,1,강원,0.84,0,13984244,0
28,5890799,63767763,25476383,551566,143230,197157,2,경기,1.15,0,5333081,0
37,4788168,48328429,34432700,611122,61763,0,1,경기,1.15,0,0,0
25,4802368,21293524,20231369,668104,99133,0,1,제주,1.04,0,9315172,0
31,1712769,28568251,10639589,180000,84774,0,2,전남,0.78,0,0,1
35,1836185,118148101,36668404,266424,133817,0,1,인천,1.08,0,0,0
39,3349377,92135149,16436590,431822,118608,399375,1,대구,0.93,0,0,0
24,4248470,27148251,40920864,447237,89983,350072,1,부산,1.02,0,0,0
34,2439793,14018837,24599936,180000,95268,135352,1,광주,0.91,0,0,0
20,2259583,51511672,12420381,310391,179000,0,1,대구,0.93,0,6220866,0
30,5553865,20485343,3797670,686623,84099,0,1,대전,0.98,0,0,0
27,4096236,72817241,27587908,375302,105584,84156,1,세종,1.0,0,0,0
39,4807013,22630045,41100134,437924,132705,636836,1,부산,1.02,0,0,0
35,2522671,27253478,5932412,635877,111384,119306,1,경남,0.86,0,15768747,1
38,2438865,22050320,13040815,366545,128917,0,1,전북,0.8,0,0,0
36,4586717,101857583,21881804,445097,146053,0,1,전북,0.8,0,10624267,0
27,2724185,13635952,14526652,559995,164135,0,4,인천,1.08,0,4814054,1
34,888698,56313113,14307994,306325,109179,32741,1,전북,0.8,1,0,2
19,2059508,22395378,42444389,260178,122225,302358,1,경북,0.82,0,0,0
30,2448033,23164486,23651853,626909,121115,0,1,인천,1.08,0,17059916,1
19,4443434,16740746,6886005,363206,76266,177192,2,전북,0.8,0,0,0
34,1593584,78124404,16061813,264201,116846,235066,2,광주,0.91,0,36444828,2
39,3997360,165461003,13957999,488984,49502,144128,2,전남,0.78,0,1134773,0
33,2249274,72076394,7013086,180000,125123,14620,3,세종,1.0,0,0,1
36,2786294,10971965,51556260,492024,32538,0,1,전남,0.78,0,6903537,0
23,2864105,48692459,1110897,480527,79131,0,4,인천,1.08,0,0,1
39,2773809,37695856,3582199,422688,139958,0,1,광주,0.91,0,0,0
30,2695751,30210774,6360397,437496,126741,0,2,대구,0.93,0,0,0
33,2519520,36388614,3701132,610451,109859,100071,2,대구,0.93,0,0,0
35,954514,34123487,2464943,479923,95793,0,2,대전,0.98,1,0,2
32,5379762,43741912,47172319,344444,79764,0,1,광주,0.91,0,0,0
25,3083030,22559189,30960967,326402,93767,0,2,인천,1.08,0,7277420,0
31,2889212,55102439,28065518,231948,131582,299104,1,전북,0.8,0,0,0
32,2311602,36403636,10658319,463360,99590,0,1,강원,0.84,0,0,0
37,2559279,38262540,34161727,357387,35072,0,1,경북,0.82,0,14943896,0
29,2315065,28626721,24010546,595843,66038,0,1,충남,0.87,0,0,1
29,4238628,50454219,13183860,375185,85342,0,1,인천,1.08,0,22414558,0
29,2205808,22520523,29186541,335110,106049,0,1,경기,1.15,0,19576156,0
21,1160970,39055931,4248681,475048,100407,0,1,울산,0.94,0,0,2
20,3127438,29038219,22464625,420279,75044,0,1,세종,1.0,0,0,0
19,2704734,69975518,14050640,251414,131981,0,1,대구,0.93,0,0,0
32,2370860,25628646,40093295,228374,37865,339114,1,전남,0.78,0,0,0
27,4513671,54994998,31125419,437030,82365,0,2,강원,0.84,0,12407068,0
37,941509,40334909,3540910,191748,135062,1146681,1,전북,0.8,0,0,2
33,6007007,71058423,8740325,372071,134199,0,2,경기,1.15,0,0,0
21,4800178,28261707,53138982,180000,97710,0,1,전남,0.78,0,10682938,0
21,2328161,18109005,12890483,361945,145296,66070,1,부산,1.02,0,0,0
26,2512566,18834147,4046593,541982,119798,0,1,울산,0.94,0,0,0
38,3788719,43051747,27948550,319334,113150,0,1,울산,0.94,0,0,0
20,3832681,26403691,35995700,525646,128187,0,1,전남,0.78,0,0,0
22,2322333,19112411,13562817,273235,124680,0,1,대구,0.93,0,4353123,0
19,1521851,31943389,22977932,447292,157069,220733,1,대구,0.93,0,0,2
27,7568762,3089347,16094621,427822,101909,509620,1,대전,0.98,0,0,0
39,4601006,30158287,27329665,381673,101520,0,1,광주,0.91,0,264381,0
33,3262809,36241942,8744749,180000,119329,157801,1,부산,1.02,0,9725834,0
29,3289465,7890738,22818329,320656,114506,0,2,인천,1.08,0,2689349,0
22,3984086,10116401,37069992,393779,177431,0,1,부산,1.02,0,0,0
26,4194603,12977971,11503838,180000,129034,0,1,울산,0.94,0,3027565,0
30,1243592,28473164,33691728,180000,86249,329487,1,대전,0.98,0,0,2
24,2622863,21385794,26315740,216279,57833,174876,1,광주,0.91,0,4602424,0
33,2508198,29828946,4576511,413758,162587,0,1,전북,0.8,0,7602285,0
39,2845460,13388561,8246847,487506,97333,181055,1,대구,0.93,0,6093338,0
23,4248572,56782874,27248346,192695,120492,0,1,경남,0.86,0,8275864,0
24,800000,67853186,7016500,336889,106950,0,1,전북,0.8,1,9480533,2
21,1707466,6828632,1171057,562808,141987,0,1,인천,1.08,0,0,1
34,2275025,26318533,19422363,606468,92205,0,1,대전,0.98,0,27028948,1
28,3259292,23872547,19021120,620698,116600,20724,1,부산,1.02,0,0,0
24,4362109,36032591,28300865,512012,91365,0,3,대구,0.93,0,0,0
23,6150975,17913210,39744186,287332,207375,167965,1,광주,0.91,0,2084265,0
20,2696647,52890473,20245222,466530,87416,0,1,인천,1.08,0,53244215,0
28,4359025,13418345,30954887,591499,139306,522827,1,서울,1.35,0,2262008,0
33,4139237,48154533,3811946,406081,210269,0,1,울산,0.94,0,0,0
23,3849947,35187468,11242965,203952,147591,127851,2,충남,0.87,0,2270014,0
19,3018321,7767156,79310168,520320,110816,0,2,대전,0.98,0,0,0
28,2568553,22813448,22012125,406406,113884,0,1,경북,0.82,0,0,0
33,1929035,16751119,40885688,475646,81574,0,1,광주,0.91,0,0,1
26,1874903,97504416,11029928,474616,167716,154851,2,경남,0.86,0,0,1
24,3540921,22972762,10371813,360955,102557,0,1,대구,0.93,0,0,0
22,2979454,17448598,9133429,180000,105908,0,4,강원,0.84,0,6298819,0
34,2550969,11988162,28424320,429032,76861,97172,1,전북,0.8,0,3607616,0
37,1632173,38249755,17291507,603771,104368,276493,1,경기,1.15,1,0,2
35,1184596,23225358,3357963,437597,111207,0,1,경남,0.86,1,0,2
29,2059523,46894036,14731540,693235,148152,0,1,광주,0.91,0,0,1
34,2719770,83929871,11398256,374177,121319,169656,2,세종,1.0,0,0,0
27,4340599,50625184,31954785,307398,147243,257976,1,충북,0.86,0,9638058,0
19,988753,10222267,56184696,336587,28955,74513,1,충북,0.86,1,18009404,2
26,3337195,19209741,5464279,558085,168724,0,1,서울,1.35,0,0,0
33,2978169,12082425,22576284,315328,61090,0,2,경북,0.82,0,0,0
32,2198979,20568175,35344480,483508,135841,174472,1,충북,0.86,0,3798110,1
39,2688545,63147867,32972696,345336,25000,556038,3,제주,1.04,0,11311867,1
39,1551648,29487923,11269235,372630,114299,645991,2,세종,1.0,0,31450600,2
24,3197237,43728096,11835142,462052,142087,0,1,충북,0.86,0,0,0
19,1696057,16704926,17111996,234541,81233,0,2,울산,0.94,0,0,1
24,4836975,47272350,8260228,379098,110176,0,3,경남,0.86,0,0,0
37,2931732,21414904,17478603,337549,140462,0,1,경북,0.82,0,0,0
36,2385149,16246943,40534984,419889,134621,104530,1,경남,0.86,0,0,0
21,5023777,95075163,27245850,532127,57413,63194,1,세종,1.0,0,0,0
22,1957066,10958301,2268056,341164,142122,0,1,전남,0.78,0,0,0
30,2211427,59039146,14995794,390608,169823,341404,1,광주,0.91,0,0,0
32,1388974,42968268,57034809,340091,153207,0,2,울산,0.94,0,0,2
39,5356064,23940710,6811324,322847,64536,0,1,전북,0.8,0,0,0
34,6824191,19953849,36385082,653063,77306,0,1,경기,1.15,0,9773546,0
23,1485121,20269445,4606419,435908,110264,0,1,전북,0.8,0,0,1
19,2147618,56850101,36527286,743344,140193,0,1,서울,1.35,0,23296177,2
32,3142949,20209483,11569362,256767,138962,0,1,강원,0.84,0,6019961,0
30,2443406,47270093,51499517,551363,84284,0,1,세종,1.0,0,4538490,1
38,3009206,43926832,48190682,376011,108077,0,1,울산,0.94,0,0,0
31,2899605,41313722,4221815,555188,83362,0,1,세종,1.0,0,9518175,0
29,3634200,100915530,16078122,184950,76764,0,1,세종,1.0,0,0,0
25,933740,41382103,11452163,627790,124243,306946,3,광주,0.91,1,0,2
20,3313434,35348877,29127298,451749,108110,0,1,울산,0.94,0,0,0
37,1887412,9005512,12838666,624581,124420,0,1,강원,0.84,0,0,1
36,2554976,74949236,38016929,461467,87591,183103,1,전북,0.8,0,0,0
22,1445331,48132352,12058504,180000,131919,0,1,강원,0.84,0,0,0
33,1289115,41669600,17490468,579880,69456,0,1,충북,0.86,1,0,2
26,989782,21108472,12725437,388997,92100,269044,1,경북,0.82,1,0,2
28,4576254,6812235,32392305,520392,74145,0,1,제주,1.04,0,17607878,0
36,1399741,48497455,61952482,508340,125258,0,1,경기,1.15,1,5544280,2
36,3214970,34615241,28926554,313498,171037,0,1,전북,0.8,0,19684449,0
23,1076358,92250405,13729314,401458,125343,243131,1,부산,1.02,1,3598349,2
25,1220945,44610020,5777398,564840,108880,0,1,부산,1.02,0,17510218,2
36,1292340,34192272,7459174,241571,100249,0,3,전남,0.78,0,0,2
38,2659426,125256047,51317069,457075,94999,94302,1,경기,1.15,0,0,0
20,3438112,26605100,17157329,545482,146721,0,2,경북,0.82,0,0,0
36,2757018,99169012,17661110,180000,121577,81678,1,전남,0.78,0,0,0
29,2103487,5214186,36000049,400747,54307,0,1,제주,1.04,0,2975973,0
31,2750567,135114494,16139821,539156,147230,0,1,충남,0.87,0,0,0
20,2649828,56606077,31215070,221891,77570,0,1,경북,0.82,0,0,0
33,4263596,17572130,16906783,221263,90802,0,1,인천,1.08,0,0,0
33,4162185,109989406,11092623,180000,123000,0,2,경남,0.86,0,10173816,0
32,2404095,6765161,6954102,432305,92822,0,1,인천,1.08,0,6444126,0
35,2985222,14723122,1490267,685432,190059,0,1,대전,0.98,0,10505841,0
38,3434623,45841061,23011697,365510,105412,55738,1,인천,1.08,0,12899363,0
36,3661009,78219183,29987944,337845,132180,0,1,광주,0.91,0,44643842,0
34,6207503,42526962,26221393,338590,53543,520666,1,전북,0.8,0,0,0
39,3013307,16947780,42683753,513863,88890,247413,1,대구,0.93,0,9315850,0
33,5041491,20055988,13620666,459142,102578,638414,1,전남,0.78,0,0,0
33,1852074,21633107,39046434,317111,143809,421942,1,충북,0.86,0,19600941,0
30,2318550,42533172,16627758,456861,71253,0,1,충북,0.86,0,0,0
35,1217424,33411777,5443603,538176,150900,233452,1,경남,0.86,0,0,2
20,3255036,64213383,24967506,180000,115136,37113,1,울산,0.94,0,0,0
29,4029236,9830940,6629467,398462,123021,225760,1,대전,0.98,0,0,0
27,1016460,46261398,18144480,295863,86793,0,2,제주,1.04,0,16632631,2
38,3307209,20123507,33681410,239450,74699,399978,4,강원,0.84,0,7162789,0
20,3954887,77168695,644854,490866,32712,0,1,충북,0.86,0,0,0
32,3859176,51258423,19754455,264980,122049,0,1,대전,0.98,0,0,0
22,1823798,24191626,10035504,774113,134394,0,2,부산,1.02,0,1048293,2
37,4252824,31810782,43479750,522653,101094,164090,1,인천,1.08,0,0,0
36,3062227,42099534,58554537,300935,57017,0,1,부산,1.02,0,0,0
23,3932549,62776310,14947683,436236,92976,0,1,부산,1.02,0,8554957,0
37,2889324,41738390,23940196,180000,120659,228532,1,전북,0.8,0,6657059,0
29,3593001,29422816,5792276,425590,126141,0,4,서울,1.35,0,0,0
39,2390787,20230429,20193224,317839,132439,350916,2,충북,0.86,1,0,1
34,2793826,29019478,7713189,652339,56271,81504,4,제주,1.04,0,2265833,1
19,3446319,63100404,6543776,180000,92985,1000580,2,전남,0.78,0,3654782,0
23,5220233,49608866,14959805,568727,106514,0,1,광주,0.91,0,5428144,0
27,2880180,72509375,9771291,498820,137460,0,2,경기,1.15,0,0,0
23,1879905,10366729,19899075,383790,86922,0,1,경북,0.82,0,4328143,0
21,4078952,4718206,25128273,601642,138422,13010,1,서울,1.35,0,13633270,0
39,5652732,60966052,9131341,497928,75912,0,1,충남,0.87,0,0,0
37,5308549,20098084,8476147,542676,116735,152933,1,충남,0.87,0,19939269,0
28,4147834,72905759,28025761,402791,102177,0,1,부산,1.02,0,0,0
23,1113105,47413026,26069384,400511,95297,0,1,전북,0.8,0,0,2
22,2320386,34216963,21730698,646260,198220,343621,1,인천,1.08,0,19617519,1
38,1429709,21564423,31278245,536128,100789,0,1,부산,1.02,1,65446,2
25,3109416,27805157,5141737,302081,92362,0,1,전남,0.78,0,545835,0
19,6303440,23174598,7974424,448907,63018,0,1,제주,1.04,0,0,0
27,1916515,37661809,10117914,286720,145113,127298,1,대구,0.93,0,0,0
28,7998776,86978540,5185108,640781,89894,155960,1,경남,0.86,0,45080,0
32,2587625,15608471,775968,444255,107799,0,3,경남,0.86,0,2863277,0
26,2193227,20959422,11711846,180000,77610,486436,1,전남,0.78,0,6647795,0
38,4386710,37187551,9926719,377349,128311,74672,1,인천,1.08,0,3925766,0
32,4538481,81251219,12641686,418377,144191,42198,1,대전,0.98,0,0,0
39,4033437,35530283,7228672,577791,154942,0,2,충남,0.87,0,19203236,0
26,2190820,45414324,12815744,441228,108799,0,1,제주,1.04,0,4295438,1
32,3784878,83748826,14416581,423625,86389,0,1,전남,0.78,0,0,0
26,1955629,34868323,27816534,298039,87630,0,1,울산,0.94,0,0,0
33,2164795,26486401,44065198,491477,113058,859926,2,부산,1.02,0,0,2
34,2928081,75410201,14991193,638978,121757,728532,3,제주,1.04,0,0,1
25,2143751,83460797,8395738,529437,129510,0,1,대구,0.93,0,0,1
38,4796197,53297689,2830312,180000,81921,0,1,대전,0.98,0,6631702,0
37,2378642,25207253,74921608,340836,117584,244790,1,제주,1.04,0,0,0
37,2774153,30000765,26946002,206200,72806,346972,1,강원,0.84,0,8168881,0
23,2088939,82295711,19347098,494829,105928,0,2,대구,0.93,0,0,1
34,4765078,52069723,6268573,633327,168547,565930,4,서울,1.35,0,0,0
21,2290355,21513084,1109157,670989,102699,0,4,울산,0.94,0,13479426,2
21,4983868,3906700,2852736,439082,81922,0,2,제주,1.04,0,0,0
39,4828884,55431010,10576119,433653,122948,26266,1,울산,0.94,0,0,0
22,2517804,41664598,8224087,378289,140446,608326,3,충남,0.87,0,3882576,1
37,3089159,57306928,8162148,520251,83552,0,1,대구,0.93,0,10284313,0
28,2487919,16617852,7856169,222079,59735,0,1,전남,0.78,0,0,0
25,3856662,21409007,28108191,183801,78741,0,1,전남,0.78,0,28951026,0
20,2805324,59871818,3956014,321430,93531,0,1,충북,0.86,0,9601077,0
33,2548806,6322853,4906737,437202,160295,0,2,전남,0.78,0,0,0
34,3111169,24365563,5487470,525751,59339,307931,4,강원,0.84,0,0,1
28,1544637,9394279,9979704,398176,50724,0,2,광주,0.91,0,0,1
36,2952130,19887517,2272515,451996,117117,102402,2,전북,0.8,0,0,0
25,4032856,54048260,21326844,417719,83127,518201,1,경북,0.82,0,0,0
30,3236540,29045974,7323042,365185,73340,0,1,경북,0.82,0,0,0
25,4592176,9738595,15551752,441988,135180,0,2,부산,1.02,0,0,0
31,2593228,44053090,15413902,485638,112332,0,1,충남,0.87,0,5611343,0
21,2503392,15917594,17239878,863801,154887,168246,2,서울,1.35,0,4921268,1
28,1886446,25184023,27300885,481771,134188,0,1,강원,0.84,0,0,1
30,1012426,36848070,35543256,496764,66193,0,1,강원,0.84,1,10479988,2
30,7102703,74997600,4669540,695041,51246,0,1,광주,0.91,0,0,0
28,3433655,34150033,8862460,379494,152049,284489,1,제주,1.04,0,5510689,0
32,2371117,25993409,5977756,488733,104570,305379,2,경남,0.86,0,0,1
29,1978820,39509210,5240748,822188,225217,0,3,서울,1.35,0,0,2
24,1533838,39379868,29298280,556385,146285,0,1,부산,1.02,0,0,2
23,2134158,17487587,24706147,356526,160433,21419,1,부산,1.02,0,0,0
32,4227432,28932621,7557883,283783,75869,110575,1,경남,0.86,0,0,0
38,989527,38468494,8458374,676083,109067,0,1,세종,1.0,1,0,2
34,2020061,68853115,16266075,404466,135904,0,1,전북,0.8,0,2829686,0
32,944823,6452439,10578580,389869,104214,0,1,전남,0.78,1,0,2
38,4032628,45089349,16111356,341842,109120,252791,1,전남,0.78,0,0,0
37,2945264,62081730,11712187,724450,123821,56553,1,경기,1.15,0,0,1
29,2329011,62063479,20539964,604188,88422,0,1,인천,1.08,0,0,1
21,2671218,5209022,30678744,350430,79099,0,2,광주,0.91,0,20938778,0
32,7874828,8147002,15017362,558112,105145,0,1,대전,0.98,0,12121035,0
32,5153002,18807457,16814642,371472,93091,0,1,전북,0.8,0,0,0
24,5735360,44750396,15378615,599155,83047,0,1,인천,1.08,0,0,0
36,1435821,62472385,24679092,568833,105583,0,2,광주,0.91,0,0,2
37,2858130,13175415,21358468,567701,64753,0,2,대구,0.93,0,0,0
25,2311467,32461365,27288143,200035,139124,0,1,부산,1.02,0,0,0
29,3853543,54808544,19988044,542965,134397,180450,1,인천,1.08,0,0,0
23,4810777,18261089,49550123,594708,136369,270361,2,부산,1.02,0,0,0
22,3509610,33905709,24763245,255662,79128,0,1,강원,0.84,0,13812542,0
24,2095892,7720715,15741776,669488,76233,0,1,광주,0.91,0,0,1
26,2295397,43200890,19809901,491917,156925,0,4,울산,0.94,0,0,1
24,2094937,22621869,67602763,484470,105151,236133,1,세종,1.0,1,0,1
22,4156914,20625248,11121468,486366,127554,0,1,전북,0.8,0,7105382,0
28,3240576,36244055,17608839,180000,67703,0,2,경북,0.82,0,0,0
32,3225060,11619592,48251322,522354,101996,227700,1,세종,1.0,0,1054492,0
25,3116449,16676595,5388499,461618,150633,241675,1,충북,0.86,0,0,0
30,3424149,58640430,9203793,299878,112278,0,1,전북,0.8,0,0,0
24,4149570,4086373,30786789,575736,100397,228548,2,충남,0.87,0,0,0
33,3999274,13599666,8823623,236799,133583,98313,2,인천,1.08,0,775490,0
32,3081090,24917392,14322925,381759,123941,254169,2,제주,1.04,0,0,0
39,2986345,33317192,22141422,666172,186718,362976,1,인천,1.08,0,21053756,1
20,2937631,31235895,29804027,527352,112111,0,2,울산,0.94,0,0,0
36,2180599,101626220,3953244,329600,131804,0,3,충남,0.87,0,0,1
26,2168725,34305703,30394955,279893,105301,0,1,광주,0.91,0,799001,0
20,3853735,35604068,17666467,385213,75855,0,1,대구,0.93,0,5922794,0
33,2244781,65148129,17263004,427735,123683,0,1,경남,0.86,0,0,0
22,4328120,11949020,3449302,488260,63979,0,2,경기,1.15,0,5178834,0
22,2983402,36645134,15202055,413138,144990,404010,1,대구,0.93,0,0,0
39,4338669,55004799,5546997,505383,66796,0,1,제주,1.04,0,0,0
23,1500729,39763116,41331401,275737,76609,0,3,전북,0.8,1,773095,2
30,4382422,34359292,14763539,471162,81388,33806,3,경기,1.15,0,0,0
23,2485079,29505180,34961064,180000,129332,0,4,전북,0.8,0,10055283,1
21,1901554,9212962,20451894,467641,73693,0,1,제주,1.04,1,9099924,1
19,4188880,19150884,50853495,464978,133129,0,1,경기,1.15,0,5141748,0
19,1565290,76697367,1696528,329608,87101,0,1,울산,0.94,0,0,0
28,6339943,16995416,7221217,484780,106584,0,1,울산,0.94,0,0,0
28,4503928,30293786,45237684,606803,94975,0,2,인천,1.08,1,0,0
19,4583558,25786014,60534181,402207,193886,0,1,부산,1.02,0,4928205,0
26,4313158,38388407,15625408,556145,55524,0,1,인천,1.08,0,0,0
24,3928697,25604601,10581394,611815,129576,0,1,부산,1.02,0,9683412,0
30,2653993,25022018,3805498,433643,109684,680825,1,광주,0.91,0,0,0
39,2908881,66213824,2334177,575385,83390,0,2,울산,0.94,0,0,0
33,4617418,39849005,2050434,180000,124278,485379,1,대구,0.93,0,0,0
38,2007034,35481893,16328436,330794,76845,316989,1,대구,0.93,0,5630571,0
23,1932923,16364264,16988021,318793,74860,0,1,부산,1.02,0,0,0
23,2570987,19629372,4132363,566952,67030,378752,1,전남,0.78,0,0,0
34,4044389,38204218,9137751,566144,115324,0,1,부산,1.02,0,0,0
25,2101789,55837572,11255876,238813,87936,0,3,경남,0.86,0,0,1
36,2768243,81574954,1388467,277619,78141,0,1,강원,0.84,0,0,0
28,1788944,37407527,15986743,180000,119165,345591,1,전남,0.78,1,0,0
23,1973952,103364156,19492266,432146,146660,273079,2,충북,0.86,0,0,1
36,1068271,30271357,25402498,436968,60801,220539,1,대구,0.93,0,0,2
30,1961562,25427804,21834483,326903,120502,0,1,충북,0.86,0,0,0
35,3412082,72687733,14259616,311370,128792,0,1,대구,0.93,0,16396018,0
28,3759114,34441120,55357040,426133,158340,0,1,인천,1.08,0,2646957,0
21,3772424,16849528,10063950,784715,100329,282789,1,대구,0.93,0,0,0
33,3964016,29734158,23239530,362622,164527,0,2,대구,0.93,0,0,0
21,2329822,10526335,5356463,669719,134191,0,3,인천,1.08,0,7701591,1
32,2124804,27201336,6867844,599199,53932,477882,1,서울,1.35,0,629573,0
27,3583774,10717591,24422186,594835,123390,82025,1,제주,1.04,0,0,0
35,2784558,15572790,6694889,556695,111388,0,1,세종,1.0,0,8047696,0
37,4504989,44347915,21169932,403889,144462,0,1,광주,0.91,0,0,0
27,3593520,3286861,20900010,471529,150213,0,1,경남,0.86,0,0,0
37,5297232,22150664,56264313,562109,78434,0,1,부산,1.02,0,0,0
21,2496678,13472623,4173374,446270,141739,0,1,광주,0.91,0,0,0
21,4826788,18961522,3093002,372230,103519,0,3,경북,0.82,0,5165748,0
39,7315916,51651609,15778543,483702,84100,0,2,충북,0.86,0,4499764,0
31,3121304,24388246,37290905,600986,160732,0,1,광주,0.91,0,0,0
28,3780452,76186966,16371390,238067,93799,0,2,대구,0.93,0,0,0
22,2044216,15186694,134913331,259922,120826,319887,1,서울,1.35,0,3862577,1
25,4479834,2894451,26298853,703274,112686,0,2,경기,1.15,0,9082720,0
33,4956187,14426449,23268132,411455,131776,227014,1,인천,1.08,0,0,0
36,2465826,41659488,10140645,533880,153347,120219,1,전남,0.78,0,0,0
38,3924309,17955085,22183577,292034,165251,599448,1,충북,0.86,0,7818186,0
27,1810711,16703815,37589677,331137,142349,0,1,울산,0.94,1,0,1
28,3608093,66459456,15394037,497320,48021,0,1,전남,0.78,0,0,0
22,4324559,76985091,40103746,554982,164768,0,1,인천,1.08,0,0,0
20,3812436,6458094,19943047,308870,133466,0,1,부산,1.02,0,16048762,0
28,2873058,23531365,3808126,518276,148427,231804,1,광주,0.91,0,11170993,0
31,4364305,34488228,2756909,325805,98374,0,1,경남,0.86,0,7673904,0
21,4919661,53197645,25762667,435728,108485,0,1,충북,0.86,0,0,0
27,2403288,20193887,16559097,381997,141285,38534,1,경북,0.82,0,17228617,0
32,3047641,39271469,36222903,368947,180864,0,1,대구,0.93,0,0,0
36,1425616,65128797,25263185,275707,114816,0,1,경북,0.82,0,0,1
38,3919989,41066826,3657580,325292,71618,0,1,경기,1.15,0,3605572,0
26,5160751,1929075,11441797,391359,133326,378035,2,부산,1.02,0,11035645,0
27,2730554,23634376,6939860,568571,105474,371427,1,세종,1.0,0,14599941,0
37,3230120,25438482,22902175,673770,82748,316952,1,서울,1.35,0,10622301,0
33,2774464,22166326,12824362,267804,103422,298582,1,경북,0.82,0,2520010,0
24,2585881,14403661,2279121,547582,124738,686032,1,경북,0.82,0,18518899,0
33,3370211,5741674,8579524,446646,145327,619979,1,강원,0.84,0,0,0
22,1311309,73303725,10050318,544564,94655,0,1,대전,0.98,1,0,2
28,2756530,59394815,28099874,370644,99896,0,2,경기,1.15,0,0,0
25,2067179,81857326,14002040,642364,105362,25904,1,충북,0.86,0,0,1
39,3929234,116184190,7416553,465714,169941,102801,1,강원,0.84,0,0,0
19,1292438,30794688,5995048,592288,154577,0,1,전북,0.8,1,0,2
36,2533772,27573824,2317417,334418,128679,0,1,충북,0.86,0,4939739,0
24,3099019,37978109,32265094,225190,132201,151605,2,인천,1.08,0,4574422,0
19,2773832,39262915,32941027,343555,102738,0,1,인천,1.08,0,0,0
32,4987908,24585422,32523891,471486,134187,164063,1,전남,0.78,0,0,0
33,2523145,25183191,10438457,356983,78979,0,2,인천,1.08,0,12779385,0
21,4007674,24651712,44026944,550497,125691,0,1,경남,0.86,0,0,0
19,2252189,15071471,34817523,403299,44182,0,1,경기,1.15,0,5068061,0
21,4328686,39579314,26636563,402893,50184,0,2,전북,0.8,0,638983,0
27,4764454,10393297,12738592,518637,45183,0,1,제주,1.04,0,2803851,0
21,4862143,46450507,10799744,401383,176545,21432,1,울산,0.94,0,0,0
33,5741261,74239970,37045106,550282,114161,0,4,서울,1.35,0,4091210,0
20,3458701,77927790,35081748,212523,60700,0,1,경북,0.82,0,0,0
35,5193764,131677825,52366693,674634,197748,0,1,부산,1.02,0,0,0
37,6132110,48333896,46209430,481028,84871,0,1,세종,1.0,0,0,0
34,1882610,16877586,24954810,246738,131288,10701,1,제주,1.04,0,0,0
38,2353137,39492293,3962000,205735,80184,73879,1,전북,0.8,0,0,0
38,1603182,114141887,43404117,651998,147483,76366,1,서울,1.35,0,9222366,2
19,4813544,76219222,5810306,374820,106638,0,1,전남,0.78,0,0,0
26,1594361,21864789,69324314,180000,87621,32166,2,인천,1.08,0,0,1
34,1418797,13716854,36004759,677061,60851,374246,1,전북,0.8,0,13860235,2
26,1902679,40267808,15067086,180000,84093,230602,1,충북,0.86,0,0,0
34,1444362,13123100,17808916,363779,75284,0,2,대구,0.93,0,0,2
35,3428660,45809616,26199020,419177,49027,586079,2,울산,0.94,0,0,0
39,1913221,47460639,20130089,400669,139463,0,2,인천,1.08,0,0,1
25,1474501,74524101,30471882,571540,151948,555175,2,제주,1.04,0,0,2
26,2995575,4172546,16021887,498442,86634,0,1,대구,0.93,0,0,0
19,1216039,53593997,11169996,480104,38669,0,1,대전,0.98,1,2689957,2
24,1364973,24847064,7496563,466909,124707,0,3,세종,1.0,0,10480000,2
24,2243978,87669164,10447755,483010,114573,0,1,충남,0.87,0,0,0
28,2953665,53630900,20607999,426025,76986,0,1,세종,1.0,0,0,0
27,1232990,34201936,6864862,273653,109927,0,4,세종,1.0,1,0,2
36,2647098,23488081,29960868,493834,25000,584963,1,강원,0.84,0,0,0
35,5064397,38761496,16997891,612122,108329,325828,1,경북,0.82,0,0,0
34,7676440,70806108,12900714,436537,104665,0,1,광주,0.91,0,0,0
19,2665584,27145448,5367123,409834,154569,0,1,경북,0.82,0,0,0
28,1727599,30748769,29841616,330452,116046,0,1,전남,0.78,0,0,1
34,2757352,31679113,51628063,242522,116060,0,1,제주,1.04,0,0,0
24,3315763,16656262,719215,349050,177665,0,3,경남,0.86,0,0,0
27,2980920,12107716,15130955,467854,79383,0,1,전남,0.78,0,0,0
34,3965924,22163490,40414528,422260,58102,176217,1,대구,0.93,0,0,0
35,7895260,39948269,21927785,580672,139113,0,2,전남,0.78,0,16442380,0
36,1460092,65632833,2592130,492153,144187,349631,2,전북,0.8,0,0,2
28,2452474,36803625,12474237,380708,147881,0,1,대구,0.93,0,0,0
27,5917021,65570699,5013576,511273,100988,166977,1,충남,0.87,0,0,0
27,2436742,79073920,6288123,419812,85571,0,1,대구,0.93,0,7441610,0
33,4282872,112881707,17944005,237358,68491,121682,2,세종,1.0,0,0,0
27,4000538,104140396,19917957,494124,76102,0,1,전남,0.78,0,0,0
27,5191382,9128025,10293497,550692,59765,398644,1,부산,1.02,0,2574285,0
22,6943998,43570736,16196381,850458,96166,0,2,대전,0.98,0,2971649,0
29,1927922,22018099,19889082,280734,165233,0,1,전남,0.78,1,0,0
23,1439700,13189999,3159466,555912,91614,253461,1,울산,0.94,0,6329541,2
30,2256842,29371668,6941127,397470,117374,605160,2,제주,1.04,0,0,1
37,3797359,96801895,10717433,519655,138851,0,2,서울,1.35,1,8888620,0
35,1660363,68682645,9779152,694587,94966,0,1,전북,0.8,0,0,2
29,3776390,34251652,10654430,180000,94254,0,1,전남,0.78,0,0,0
39,1034484,58860764,15768447,392481,153926,0,1,경남,0.86,0,0,2
39,1705936,52655229,10941609,743891,120285,324066,1,인천,1.08,0,959108,2
28,4466141,27177934,28074394,252251,152403,184779,1,제주,1.04,0,40132375,0
35,3097529,20996754,9971298,361486,193593,0,1,광주,0.91,0,0,0
26,2594183,28422649,4893293,594221,81113,0,1,대전,0.98,0,0,0
37,2148927,59275866,8202807,270723,104574,0,1,광주,0.91,0,0,0
26,1292565,91465085,4928744,459572,103074,194992,1,충북,0.86,0,0,2
24,4109520,43934284,1079625,319605,91795,0,1,충남,0.87,0,0,0
21,2700368,17717849,59335808,569079,96897,0,1,세종,1.0,0,1188606,1
36,804393,18152666,1396808,733259,164402,0,1,경기,1.15,1,11380754,2
25,3089851,38627281,12070871,422754,116354,0,1,제주,1.04,0,13568694,0
36,3916029,12919154,16613120,180000,199571,342517,1,부산,1.02,0,0,0
20,2797852,150936402,18140307,598530,101079,0,3,경기,1.15,0,0,0
29,3205982,48480980,865514,560048,161633,0,2,충북,0.86,0,10748246,0
27,3100415,75073487,16764426,503319,172243,0,1,울산,0.94,0,5994149,0
28,2250652,64133338,32809513,421289,106016,0,1,충북,0.86,0,0,0
22,3121998,42703421,2725630,435677,123693,0,2,경북,0.82,0,0,0
20,4184072,40627446,20108025,479320,146199,172484,1,경기,1.15,0,0,0
26,4759004,55535865,16578932,324659,90968,0,3,대구,0.93,0,18595030,0
28,4285148,25837905,14410611,469216,170230,0,1,세종,1.0,0,0,0
35,2281537,40717079,51080985,265684,78763,0,1,전남,0.78,0,0,0
28,4009686,57636539,12086746,493537,90697,0,1,충북,0.86,0,0,0
24,3725839,6993408,8501850,314757,92182,319638,1,광주,0.91,0,0,0
24,2247833,29508431,1954583,358939,116804,62466,1,충북,0.86,0,4364681,0
31,2497992,32686676,44141367,440496,124354,0,2,제주,1.04,0,0,0
28,4085359,6636410,5630791,372872,89726,629623,1,세종,1.0,0,0,0
37,5513569,51930417,17063696,201891,104960,142664,1,경남,0.86,0,18561717,0
28,1399511,37990927,35880131,406837,68153,286811,1,전남,0.78,0,0,2
30,6174130,33461387,23357793,258700,152319,0,2,대전,0.98,0,0,0
20,5031561,64092059,2814463,471563,134785,0,1,대구,0.93,0,0,0
23,3322650,56657562,21941368,415175,95005,213946,1,전남,0.78,0,0,0
36,1322860,66277893,8920806,669988,105712,0,1,부산,1.02,1,0,2
26,3607547,28532287,25864528,741774,88350,0,1,대전,0.98,0,3612891,0
27,2315669,22207999,54856590,535508,77935,0,2,대구,0.93,0,9163334,1
31,2825634,40554775,21133085,286563,71091,177647,1,충북,0.86,0,0,0
20,1617497,42398642,15150665,408319,79155,217995,1,대전,0.98,0,0,1
29,1442369,54347984,6697119,451889,142688,107991,2,충남,0.87,0,0,2
26,3691690,15063381,4562636,401660,145171,0,1,경남,0.86,1,2541559,0
22,3133855,40255692,19895773,385850,60109,411051,1,경북,0.82,0,0,0
27,3329186,71098219,45718648,592803,137333,90141,1,제주,1.04,0,10236909,0
28,1318098,18988245,30078922,614173,76966,991154,3,서울,1.35,1,0,2
22,2136564,2989655,16536096,550389,137438,0,1,울산,0.94,0,0,1
30,2672742,4453101,17747650,309689,115382,0,1,부산,1.02,0,0,0
34,3171970,29673068,12819531,460401,90692,58755,1,경남,0.86,0,10039294,0
24,2802711,10854363,32258558,180000,123205,0,1,전북,0.8,0,0,0
39,2207133,56754057,29067584,574920,158762,0,1,대전,0.98,0,0,1
31,3748373,45608923,41496528,311715,42865,0,1,강원,0.84,0,0,0
35,1561288,8314678,39439961,180000,148748,722643,1,충북,0.86,1,0,2
20,3611387,67267942,73064628,320472,84163,0,1,세종,1.0,0,1281360,0
35,4130138,22787639,34074210,488430,161828,0,3,세종,1.0,0,0,0
26,2834360,13860158,40837255,409975,150030,521930,1,서울,1.35,0,3627931,0
33,2836355,43081771,14747665,310205,71434,0,2,울산,0.94,0,0,0
35,5769562,31011657,17732038,389154,91188,0,1,대전,0.98,0,12747971,0
24,2032395,34864108,28868860,442180,123973,408243,1,전남,0.78,0,5892604,1
24,800000,25870891,10224501,180000,141181,0,1,경북,0.82,1,0,2
20,3872976,72924013,33314070,393389,124264,0,1,전북,0.8,0,0,0
31,2326863,39859410,20980143,576620,133352,0,1,서울,1.35,0,0,1
35,1919147,33679591,15580116,515725,85682,133435,1,경북,0.82,0,0,1
27,4462878,30225719,50897706,407468,111203,0,3,광주,0.91,0,0,0
22,2865925,62127388,28984112,588146,108112,0,2,울산,0.94,0,0,0
25,1771469,14154332,20315809,521838,60339,0,1,제주,1.04,0,0,1
27,7008813,49495983,54947656,180000,119783,0,1,경북,0.82,0,2113300,0
38,1525842,36002877,13674746,681267,106855,0,1,서울,1.35,0,0,2
21,2938414,30795737,7312841,493791,158177,0,3,광주,0.91,0,0,0
26,1353580,12125736,6059967,283448,148541,0,1,전북,0.8,0,9312323,1
32,3426450,29512257,18170719,301942,114929,441903,1,강원,0.84,0,0,0
23,2315128,17332169,17229035,180000,149107,250302,1,대구,0.93,0,5048296,0
37,4338071,41720484,24763380,537788,133534,390223,1,세종,1.0,0,0,0
38,3027283,18872008,2033718,373093,107257,438688,1,경북,0.82,0,0,0
26,5451566,4589483,2865238,407210,62889,0,1,부산,1.02,0,0,0
34,2535433,30105346,6418204,238694,102016,104650,1,전북,0.8,0,0,0
34,1529877,72588298,17344704,288717,95918,0,1,전북,0.8,0,0,1
33,3377965,48139223,10517789,454508,105049,0,1,경남,0.86,0,0,0
22,2736123,27402844,5325101,484831,103551,0,1,대전,0.98,0,0,0
20,1394952,11717237,7062673,431077,151059,0,3,부산,1.02,0,0,2
26,1937364,2671390,26669284,192711,150969,69007,1,강원,0.84,0,13857705,0
21,2221482,16033399,41555652,286247,91395,660805,2,강원,0.84,0,9301685,1
25,5953364,25283765,11995052,302630,63662,327331,1,광주,0.91,0,12213794,0
32,4134404,14937530,4393995,337108,73185,0,1,전남,0.78,0,0,0
31,2626404,47522207,17626494,427718,150619,0,3,전남,0.78,0,0,1
23,3734506,40038387,57170813,274083,143954,0,1,대구,0.93,0,0,0
19,1268930,18983685,15406435,572906,67274,566269,4,전남,0.78,0,0,2
23,2392244,25590018,21581103,372195,61101,0,1,부산,1.02,0,18000097,0
28,3623968,26814872,14523913,180000,89326,330598,2,광주,0.91,0,0,0
35,3274789,49655917,35548530,550118,182553,0,1,서울,1.35,0,11242977,0
26,2418672,14705873,20764343,349742,126233,0,1,대전,0.98,0,460256,0
25,3000170,143189375,26821966,909861,104607,0,1,제주,1.04,0,1930305,1
30,3527284,12084265,18728947,353296,106281,322568,3,울산,0.94,0,1660972,0
20,3037753,13098673,4975455,180000,41754,67736,2,전북,0.8,0,2444276,0
23,4416614,33692387,11031486,527305,105083,0,1,경기,1.15,0,17361992,0
19,3497972,91062456,3037860,377000,152326,0,3,충북,0.86,0,1854843,0
30,3799901,23518144,26421276,225420,96217,1026704,2,광주,0.91,0,0,0
28,6372362,12856551,28060831,376840,99056,185806,1,전북,0.8,0,8155187,0
31,4353453,28234891,19533209,447424,120439,0,1,경남,0.86,0,2438312,0
31,6447895,52376464,10643045,387656,69137,108240,1,강원,0.84,0,0,0
27,2284663,51786118,20814695,469097,126953,0,1,경기,1.15,0,0,0
37,1537878,50501499,22255690,382445,83028,0,1,세종,1.0,0,14772201,1
38,2871461,104658542,23647983,383245,96285,241652,3,인천,1.08,0,0,0
21,2768028,49469610,29419048,218803,97442,4018,1,울산,0.94,0,2880061,0
38,5712688,70998081,11528439,721374,102086,0,1,경기,1.15,0,0,0
23,800000,61229301,17081082,704237,112495,0,1,충북,0.86,1,0,2
24,2948285,10001181,7671241,308921,108983,0,1,대전,0.98,0,0,0
30,1752341,27195960,29624762,347684,106072,0,1,부산,1.02,1,0,1
19,3184151,13330834,11596737,468763,123966,214765,1,서울,1.35,0,0,0
26,2833135,15808939,57683134,426378,77149,378518,1,경남,0.86,0,0,0
23,1995556,20603885,15121227,222654,32519,0,1,경북,0.82,1,0,0
29,4850848,39913071,9779511,444263,106858,371751,1,전남,0.78,0,4327919,0
36,5903304,93793246,14085092,668324,95636,0,2,서울,1.35,0,0,0
38,3093332,52319407,17835148,409596,127472,196223,1,대전,0.98,0,0,0
23,2147551,39884965,58781608,572455,93562,287302,1,제주,1.04,0,0,1
30,5900230,26320132,5429126,338346,42055,0,1,강원,0.84,0,12541356,0
28,1009625,98539455,31820426,453816,109565,0,1,인천,1.08,1,2575624,2
27,6586950,8614924,8790370,328395,150564,233096,2,인천,1.08,0,0,0
32,5436415,53879840,5062438,180000,121409,0,1,대구,0.93,0,0,0
39,5786821,10712790,25864988,587939,63160,0,3,제주,1.04,0,8687790,0
27,4095381,34466321,13963648,400390,91871,0,2,인천,1.08,0,0,0
20,1229701,61690624,14737974,535267,91536,0,1,경남,0.86,0,42115690,2
38,1950956,40773967,20225953,326954,102704,58326,1,충남,0.87,0,0,0
38,3480248,81174317,48599930,306885,88375,0,1,경남,0.86,0,0,0
25,2280999,12598817,23533206,373210,46573,0,2,경북,0.82,0,4502047,0
29,2663314,5097973,12642745,366287,106747,191179,1,대전,0.98,0,1039533,0
37,3969536,14043821,25684720,180000,158172,0,1,경북,0.82,0,0,0
29,2835030,26738234,4981651,381500,90888,0,1,인천,1.08,0,12480584,0
29,1805726,41083059,13844559,285310,66934,340534,1,대구,0.93,0,9875131,0
38,4463686,22985187,11438876,455427,162301,292106,1,부산,1.02,0,0,0
36,3805890,41184777,81868140,519219,180993,90156,1,인천,1.08,0,0,0
29,2740316,46793653,9145791,426993,101029,0,1,경기,1.15,0,16673080,0
22,4141202,12485287,29037225,416593,120759,0,2,부산,1.02,0,0,0
28,3177237,15188580,11400824,520457,121486,21173,1,인천,1.08,0,10388265,0
33,2890512,14834027,6785023,308952,141128,0,1,광주,0.91,1,0,0
24,1645165,74130855,10317023,574983,76205,23005,1,경기,1.15,1,0,1
30,5389381,80573858,22539497,650748,114255,113314,3,경기,1.15,0,0,0
32,800000,35523492,17146633,512779,74730,478189,1,제주,1.04,1,0,2
20,3715844,8086746,14725733,508686,127386,0,2,경기,1.15,0,0,0
30,2570399,90943357,41571763,356299,168256,165859,1,경기,1.15,0,0,0
34,2108021,20660202,18957270,586252,131367,0,2,서울,1.35,0,724463,1
23,5019332,6052644,36728496,343526,84012,0,1,인천,1.08,0,0,0
30,4470272,16961792,17493045,361063,146849,337811,1,세종,1.0,0,17567526,0
33,800000,18165342,5124031,360205,86653,208298,1,경북,0.82,1,0,2
19,4148740,8529368,15208488,322044,124171,0,4,전북,0.8,0,0,0
32,3937812,22662632,15833418,507352,81305,0,3,강원,0.84,0,0,0
24,2234954,29612489,99935291,291238,68802,125280,1,경기,1.15,0,15731055,2
27,2129657,52896065,35684125,358405,80569,184982,1,전남,0.78,0,699090,0
32,1539094,27380375,70091617,452626,25109,0,1,서울,1.35,0,0,2
19,2637952,22949279,14146465,257168,70987,198161,1,충북,0.86,0,757006,0
19,2825886,22319315,9477409,493484,184966,0,1,광주,0.91,0,0,0
28,4296713,10438355,11710693,422043,25000,0,1,경북,0.82,0,0,0
38,3424567,63712263,13280624,357006,56585,545420,1,대전,0.98,0,0,0
19,1933595,62035705,29923257,180000,169877,0,1,충북,0.86,0,0,0
35,3379939,89236608,10392860,575414,77099,124478,2,울산,0.94,0,2946502,0
20,2734373,19886807,31663348,521093,97885,0,1,세종,1.0,0,22198180,0
29,2040442,81316843,33434585,503182,108384,0,1,경남,0.86,0,0,1
28,1539801,56358864,21038328,503290,49913,201172,1,전북,0.8,0,0,1
28,3990063,12894805,4741193,435728,147211,511188,1,울산,0.94,0,0,0
20,3695413,12915694,23467577,345689,106461,0,1,울산,0.94,0,0,0
34,3875026,34007433,3868357,180000,86917,210665,1,충남,0.87,0,1002174,0
24,2229989,22939215,18131820,448079,144600,240341,1,대전,0.98,0,0,0
35,3282830,17649508,15779315,420114,67183,226983,1,인천,1.08,0,0,0
32,800000,35045906,25767675,292311,112024,0,1,울산,0.94,1,0,2
30,1995533,35704840,13915762,333410,79779,392592,1,경기,1.15,0,0,0
25,3094562,54326662,11673372,348662,69813,679189,1,인천,1.08,0,0,0
32,3414235,20417507,11525568,240508,180768,0,1,울산,0.94,0,1071121,0
39,800000,27893386,10268028,483191,111571,369576,1,전남,0.78,1,8685813,2
38,1935561,16593769,3375572,511473,140326,0,1,전남,0.78,0,14295289,1
38,2606537,43965483,37365538,273372,92265,322495,1,대구,0.93,0,0,0
23,4605746,31427212,13074424,584899,74664,0,1,울산,0.94,0,934682,0
31,2150085,94505268,34238490,463263,25000,0,2,인천,1.08,0,0,1
27,3240051,53447111,19484577,541090,96505,448849,1,전북,0.8,0,0,0
39,3389425,28476096,13475004,494719,52419,414528,1,대구,0.93,0,21873715,0
38,2739496,35084672,9012944,436620,110466,507561,1,전남,0.78,0,534757,0
37,1569753,14038440,3232582,412981,62796,0,1,경북,0.82,1,0,0
22,1710571,19743826,8539472,296950,125516,0,1,충남,0.87,0,24471814,0
25,2300561,33226994,5115582,273661,183609,0,1,대전,0.98,0,0,0
33,5651474,96896052,7191738,504231,211790,0,1,제주,1.04,0,0,0
34,5825183,21728429,27084184,349985,120360,0,1,충남,0.87,0,1023991,0
26,1734930,73498355,10074619,738000,108523,0,1,충북,0.86,1,2965323,2
21,4895470,34302490,7106721,474256,83505,0,1,경북,0.82,0,0,0
21,1390968,49744755,9934006,254504,80686,0,1,경북,0.82,0,0,1
33,2028309,32353188,5938159,519013,83148,229737,1,경기,1.15,0,0,1
28,2668103,16904465,4876634,327382,159929,200875,1,경북,0.82,0,0,0
29,8618126,74599790,26680176,315935,93441,0,1,전남,0.78,0,622555,0
36,2665830,29399717,49595008,218041,188051,288017,1,부산,1.02,0,0,0
19,4201537,47627806,16348232,555322,79053,0,2,대전,0.98,0,2292932,0
34,3588885,17339476,1902245,319413,102670,0,2,전북,0.8,0,23694306,0
24,3554714,10248261,47241042,487423,68050,0,2,부산,1.02,0,2189249,0
38,3019295,13312338,59764642,258712,129310,0,1,울산,0.94,0,0,0
39,1820530,35902753,18827927,323228,102041,135333,1,충남,0.87,0,15356350,0
29,954699,38000648,8059565,475292,107969,222083,2,충남,0.87,0,5552076,2
25,5292728,28766494,27242962,180000,98074,0,1,경남,0.86,0,23705413,0
23,2339758,5490951,18316628,642645,134783,0,2,경기,1.15,0,0,1
22,1366541,10448402,28461933,610643,135027,0,1,대전,0.98,0,0,2
39,3682032,63938534,3395354,678827,141967,86859,2,제주,1.04,0,23455997,0
22,3651803,16739839,9357534,284265,75556,60609,1,강원,0.84,0,8277503,0
28,4243275,33206912,4599217,470016,121694,0,1,대구,0.93,0,0,0
29,4927833,20304515,6498074,365810,93051,0,1,대구,0.93,0,4807874,0
33,2054387,54425205,3018812,254834,158061,186291,1,대전,0.98,0,13799905,0
36,2093630,25436598,5911469,396728,117138,193228,1,강원,0.84,0,2736427,0
30,2659396,29012318,36882143,180000,120968,0,2,대구,0.93,0,27018962,0
34,4342485,68510787,6848754,473484,99232,0,1,충북,0.86,0,3625321,0
30,1234921,32101120,2802141,547572,82208,465350,1,울산,0.94,0,1379536,2
28,3222864,14831519,6766725,567013,111491,338278,1,충북,0.86,0,0,0
22,4553763,39535577,3562945,570721,156631,0,1,인천,1.08,0,12862990,0
23,4473673,5478659,14859659,323095,81989,0,1,충북,0.86,0,0,0
28,4136389,14239658,7035081,366735,155113,0,1,경남,0.86,0,0,0
19,4817388,6074844,14443632,499624,133688,0,3,인천,1.08,0,0,0
25,935993,46326218,9151609,642529,40501,0,1,대전,0.98,0,0,2
28,6103932,40193165,11587586,588110,77093,0,1,충남,0.87,0,0,0
28,3515619,44444700,2399154,388767,189014,0,4,충북,0.86,0,6911118,0
36,5414289,44151116,6460676,530606,104892,257006,1,충남,0.87,0,0,0
39,1840521,81045405,20950312,289521,76840,0,3,강원,0.84,0,0,1
34,1434758,37889745,23246695,428276,78616,0,1,충남,0.87,0,0,1
20,6575062,16525614,12076259,336495,104158,0,1,충북,0.86,0,0,0
27,2047741,13849941,17226283,544147,147434,0,1,경기,1.15,0,0,1
34,2668393,39398392,1556958,262398,95781,0,1,전북,0.8,0,0,0
31,3826487,71002432,19908940,216201,83537,0,1,울산,0.94,0,11047954,0
28,1950246,10870774,53081494,376016,40407,0,1,서울,1.35,1,0,1
28,4849427,42865183,3030280,501264,78175,0,1,광주,0.91,0,0,0
27,3357503,25279068,28159119,243504,86241,0,1,울산,0.94,0,0,0
31,1938256,65081839,3679551,488186,126550,328673,2,경기,1.15,0,0,2
22,4132959,4637569,17633627,579027,127073,0,1,제주,1.04,0,0,0
29,4161355,94825563,2731441,626004,162799,177552,2,부산,1.02,0,146311,0
23,1397488,22920119,3768074,321974,69897,0,3,대전,0.98,0,1715197,2
33,5613509,6891107,6430026,180000,115352,0,2,울산,0.94,0,0,0
37,1046759,16481178,4704000,268921,113659,0,2,경북,0.82,0,0,2
29,4758537,102510597,29076279,353642,72602,0,1,전북,0.8,0,0,0
27,2322105,43725225,14041093,433337,139110,160843,1,전남,0.78,0,0,0
38,4130963,26381033,5619966,268279,170108,130327,1,대구,0.93,0,9250711,0
32,3798192,123750343,20561210,180000,108875,0,3,경북,0.82,0,0,0
27,3001700,34004564,23341609,223167,91330,313295,1,경북,0.82,0,0,0
19,3702872,55035840,20735455,336461,162966,432824,2,울산,0.94,0,17081862,0
19,2938704,10294990,16541161,648509,123765,0,3,강원,0.84,0,7509495,0
23,4145985,20016912,26758968,603837,77172,0,1,서울,1.35,0,6814766,0
23,7805343,30878242,4545724,455838,100814,582970,1,전북,0.8,0,0,0
34,1713279,27737325,17466619,607626,100210,1100465,1,제주,1.04,0,0,2
29,800000,70541060,36530523,347210,82396,0,1,세종,1.0,1,12398901,2
39,2550786,45573328,45278856,331388,80508,86431,1,강원,0.84,0,0,0
30,2476907,10916506,14935059,478765,88570,437882,2,세종,1.0,0,0,1
37,2592927,30734033,10111489,605162,143675,1016762,1,경기,1.15,0,0,1
30,2047814,17446692,5725225,377108,98617,126832,1,충북,0.86,0,5694858,0
26,4438375,42074721,27559262,470085,110611,0,2,전북,0.8,0,1343187,0
34,1683997,24616966,5756842,543385,142785,0,1,경남,0.86,0,0,1
28,3702376,6939526,11073930,347111,98461,102165,2,경남,0.86,0,2958333,0
24,4013573,35830960,12657860,550958,69907,0,1,세종,1.0,0,0,0
28,3494611,18990501,28823210,492344,145927,272761,2,제주,1.04,0,0,0
32,3760730,82908337,20939549,793746,98685,0,1,세종,1.0,0,0,0
26,4587460,10877860,54401311,432704,171278,0,1,충북,0.86,0,0,0
33,3121066,19257891,17592174,426437,144225,72647,1,충북,0.86,0,0,0
39,2627803,32490937,36750258,349471,131405,347268,1,제주,1.04,0,0,0
27,3759481,38513486,8193842,222416,115522,0,1,전북,0.8,0,6170830,0
25,3948355,59774459,22228058,541058,153053,97725,2,인천,1.08,0,0,0
27,4471413,23030091,42510173,237615,124025,0,2,경기,1.15,0,0,0
36,1460549,36034658,30360078,595318,34015,0,1,광주,0.91,0,0,2
22,2818551,5074962,4095457,185022,108440,0,1,세종,1.0,0,0,0
39,1929061,20436576,5126899,261247,129147,115835,2,충남,0.87,0,0,1
27,3882023,21190126,21141677,569061,76855,335116,2,세종,1.0,0,0,0
36,4168793,30052416,13132054,442895,202730,0,1,세종,1.0,0,0,0
35,2710530,51537422,13862917,405342,103794,174596,1,경남,0.86,0,0,0
35,2229007,115049076,12341416,346809,131220,0,3,대전,0.98,0,0,1
38,3942582,25609750,31451373,399307,153029,0,1,세종,1.0,0,131040,0
22,1826674,40827922,15704224,460471,129627,0,1,강원,0.84,1,17677399,1
31,5632325,74240451,13234807,306946,106948,0,2,울산,0.94,0,17567929,0
21,6537216,65314541,81784397,314389,126906,0,1,제주,1.04,0,0,0
25,4690069,11952762,37852444,425166,106118,0,2,제주,1.04,0,9511596,0
19,3370915,62565960,42605332,361014,108699,0,1,세종,1.0,0,0,0
33,6686822,14254390,4981446,534696,70524,286293,2,울산,0.94,0,2311099,0
31,3382623,12811818,71252268,345095,99814,203273,3,충북,0.86,0,0,0
34,1351460,35852926,77167823,334091,70339,0,4,부산,1.02,1,0,2
22,2281299,18120402,29114466,180000,110511,231972,3,울산,0.94,0,0,1
25,2253841,80380741,18587474,607349,98194,0,2,부산,1.02,0,0,1
33,3041658,11381218,8983967,367622,131319,0,1,인천,1.08,0,9407606,0
36,3722029,34049830,38577311,714686,62954,791957,3,경기,1.15,0,0,1
37,1659679,68006491,54575292,187969,75990,338613,3,강원,0.84,0,4543155,2
20,2514574,3024195,25424237,625588,87492,0,1,서울,1.35,0,665595,1
27,3342328,22141790,5090971,481395,108405,0,1,충북,0.86,0,0,0
19,4022489,54648836,15515145,388882,102104,149314,1,울산,0.94,0,0,0
36,3016191,37529024,9800230,453153,148400,133073,1,광주,0.91,0,12247526,0
21,3388137,26154815,5397538,319283,108624,0,1,전남,0.78,0,0,0
36,1790647,70875685,2475309,645632,108484,0,1,강원,0.84,0,0,1
22,2060757,38477615,47628762,322329,70670,0,1,전북,0.8,0,1199374,0
19,2971215,13701295,36323659,298535,97491,0,1,전북,0.8,0,0,0
37,3798775,94621342,16376959,639629,72994,0,1,서울,1.35,0,0,0
28,3368953,26665007,1026444,630506,129719,1129301,3,부산,1.02,0,0,1
27,2117311,9716202,20308093,412983,137558,0,1,강원,0.84,0,0,0
32,2755007,36067314,50346260,427972,60113,0,1,제주,1.04,0,0,0
24,5842928,24687680,69197850,196286,115316,0,1,인천,1.08,0,2706280,0
33,1883976,42440951,27469446,649774,111643,274443,2,경기,1.15,1,0,2
28,2844116,46624389,7252540,439158,151069,0,2,경남,0.86,0,20378829,0
24,1962132,5447576,22004602,391266,77893,0,1,제주,1.04,0,5941978,0
27,1169371,23860519,15792853,524859,87167,612976,1,인천,1.08,1,5004072,2
19,3058656,38695738,11657398,595652,119260,0,1,광주,0.91,0,0,0
25,3434251,27595860,35215160,440867,91845,24578,1,충북,0.86,0,397807,0
31,3889707,21934337,25408239,701960,97203,0,2,부산,1.02,0,0,0
21,3603752,48224551,4199322,571499,95677,0,1,대전,0.98,0,0,0
21,2601114,47939312,37569833,180000,128310,0,1,광주,0.91,0,0,0
32,2448233,3184228,51311425,487197,148684,30312,1,충북,0.86,0,0,0
27,3769388,33096510,7731693,212123,108674,0,1,대전,0.98,1,0,0
21,2400941,37234450,22834249,585359,101207,0,1,울산,0.94,0,788580,1
34,1750163,27270244,13222019,534112,133714,269251,1,대구,0.93,0,0,1
35,1507561,34941561,2097003,599230,114833,457747,1,전북,0.8,0,0,2
19,1318137,22855750,22829956,528579,119319,0,1,인천,1.08,1,0,2
23,1612586,36238932,32882961,462138,152118,0,1,부산,1.02,1,0,1
26,2380913,19302531,19769730,570710,73126,0,3,대구,0.93,0,0,1
34,5757324,27381156,40107872,180000,99706,0,1,경남,0.86,0,14838690,0
20,3040465,22937546,20844578,458806,78550,0,1,제주,1.04,0,0,0
35,4914802,47679153,2686232,434382,93228,0,1,세종,1.0,0,0,0
25,2201902,41641113,9908143,432776,69139,339118,2,인천,1.08,0,3190811,1
21,1424241,72100249,30248480,247533,94364,0,3,전북,0.8,1,0,2
37,3171775,19391152,9780928,474710,124955,40657,2,세종,1.0,0,7596375,0
20,3753317,2382351,16901012,453639,25000,0,1,경북,0.82,0,0,0
21,1227310,47981050,34713855,569473,98595,0,2,광주,0.91,1,0,2
38,3458731,43204507,52455451,361178,109736,0,1,제주,1.04,0,0,0
29,3928236,8144155,10878984,298490,97514,0,2,전남,0.78,0,0,0
28,1655866,24213428,17615381,180000,53792,0,2,부산,1.02,0,0,1
33,2634092,65169764,8367493,559484,141045,18766,1,전북,0.8,0,0,0
32,2440269,21564566,17189173,224545,143447,31326,1,대구,0.93,0,0,0
31,2491759,38636959,4980788,516990,151583,466679,1,대전,0.98,0,0,0
19,3633146,13850430,23671727,436355,90914,0,1,대구,0.93,0,0,0
30,2454890,14020906,559788,541646,115176,265509,2,충남,0.87,0,0,1
24,1287829,52202427,21840285,281228,84924,0,1,대구,0.93,0,0,1
35,2755058,22086281,12436564,460567,71386,113889,2,충북,0.86,0,0,0
29,1929859,23039308,32790534,558902,69111,16974,4,강원,0.84,0,2139538,2
21,3775619,27315593,25297249,364384,114623,0,1,전북,0.8,0,7053994,0
37,4312817,27759522,12772080,348804,142138,95933,1,제주,1.04,0,2357222,0
24,800000,133655514,40597142,367415,164722,0,1,서울,1.35,1,0,2
24,2186324,47267527,5795743,679954,111146,0,2,제주,1.04,0,0,1
38,3550513,20070527,3619353,475057,91424,355028,1,경기,1.15,0,0,0
35,1664168,66243266,23025532,398386,108617,0,1,세종,1.0,0,5460913,1
37,1989648,38363483,2798089,797192,145554,0,1,대전,0.98,1,0,2
32,3029694,39681176,46320868,450051,165705,0,3,충북,0.86,1,0,0
38,2844749,30526327,1522203,528076,148801,305479,1,전북,0.8,0,0,0
21,2186626,20212758,30020881,555981,145799,0,1,경북,0.82,0,23606834,1
31,1129299,58287776,13108027,194820,157672,90083,4,광주,0.91,0,0,2
25,4328290,9911135,22582818,572997,111496,0,1,경남,0.86,0,5311818,0
27,7215507,67626779,18453479,654799,121423,0,1,대전,0.98,0,0,0
23,6601333,29112256,10048989,402086,149544,87042,1,부산,1.02,0,0,0
23,2804718,5869235,7608617,516286,128044,0,1,광주,0.91,0,0,0
28,800000,7299773,27743840,553453,142347,0,1,세종,1.0,1,0,2
38,4372435,19990017,34358696,254933,87868,442439,1,충남,0.87,0,0,0
32,2888069,20522317,17251068,479533,156991,160773,1,경북,0.82,0,2583018,0
26,3746186,5586159,26007353,349431,94975,315440,1,부산,1.02,0,0,0
28,3474063,41511967,19472385,777424,150488,0,1,대전,0.98,0,0,0
30,3174446,48338686,3694419,419744,105786,0,1,경남,0.86,0,9444227,0
24,4746476,41635695,4458289,510778,92009,0,1,울산,0.94,0,0,0
29,4822917,53767480,46826659,180000,40685,0,2,대구,0.93,0,15653828,0
33,2436070,22525452,15036508,516698,105256,0,2,제주,1.04,0,5276918,0
24,2050745,34322257,33455961,549623,67027,0,1,울산,0.94,0,0,1
31,1041354,57536907,12054878,347536,80583,0,2,제주,1.04,0,1846158,2
33,2628182,46891624,6319710,322953,126743,112991,2,경남,0.86,0,0,0
29,1906009,36080063,9767169,291628,55787,0,1,경남,0.86,0,18667932,0
25,3652443,67511719,24604566,197153,151546,0,3,강원,0.84,0,0,0
30,2639841,22624804,6408230,180833,195374,0,2,전남,0.78,0,0,0
35,2765848,23870581,20787459,592410,95970,284627,1,제주,1.04,0,0,0
23,4324459,29094078,23945671,225525,152618,351815,1,대구,0.93,0,0,0
31,3618144,35284385,23195062,354276,70805,0,1,서울,1.35,0,33975,0
33,2900737,36685356,19216486,356092,125563,238615,1,대전,0.98,0,4007880,0
25,6298457,5871092,17221737,381697,121346,0,2,충북,0.86,0,5091351,0
27,4189350,58848249,6743774,461681,216110,282577,1,강원,0.84,0,0,0
37,2550582,46831980,15272799,394738,102273,0,1,경기,1.15,0,0,0
26,2599977,2781101,6308017,304664,124658,215870,1,강원,0.84,0,0,0
31,4280821,10289877,13685914,557358,107302,196676,2,인천,1.08,0,0,0
22,2055990,66258735,31270886,538948,98998,39854,1,세종,1.0,1,0,1
38,1883333,22437824,26035984,518410,103644,459458,2,강원,0.84,0,14495537,2
31,4481098,32870146,17431786,439303,102317,0,1,충북,0.86,0,0,0
34,5237014,16340912,15618964,191453,88515,0,1,울산,0.94,0,0,0
31,5068976,144227341,22264034,271702,119395,0,1,광주,0.91,0,0,0
26,5921108,25880447,16986676,549308,77790,0,1,충남,0.87,0,5899087,0
26,7425327,18216232,10046705,597977,93621,295704,1,전북,0.8,0,11415304,0
33,6417470,59983341,12430471,333630,174413,67583,1,전남,0.78,0,0,0
37,3531159,13267422,5644211,427289,107504,0,1,대전,0.98,0,1748285,0
21,1423229,58784261,4715078,298655,141712,0,1,울산,0.94,1,345289,1
36,1388762,31724217,44478166,576730,108894,0,2,대전,0.98,0,4138795,2
36,3064287,52270364,29111357,277635,138893,0,2,세종,1.0,0,18706789,0
21,3812824,32338792,11086168,753586,107643,186072,1,인천,1.08,0,0,0
21,3107658,20796988,14975467,405318,25000,46643,2,울산,0.94,0,0,0
33,1354194,14234964,12045919,342833,111358,0,1,부산,1.02,0,8867631,1
36,2696338,34076889,13167176,180000,73427,61258,1,강원,0.84,0,0,0
27,2294761,13885456,24236268,307687,97536,0,1,경북,0.82,1,20166083,0
32,1962066,31300485,687463,470588,136970,177035,1,제주,1.04,0,0,1
39,3275232,58571120,22072678,361240,174254,0,2,울산,0.94,0,6078427,0
25,3672017,39868071,5809019,625306,70407,0,1,서울,1.35,0,1595306,0
23,4932607,584520,111070630,477637,104077,0,1,부산,1.02,0,0,0
39,6369761,28774445,40148284,555790,115896,0,1,경기,1.15,0,0,0
24,2592639,14448347,2859179,397436,109311,0,1,전북,0.8,0,0,0
28,3300775,18628709,3886598,636320,114822,0,1,제주,1.04,0,0,0
28,3345517,33447664,7450839,258436,128196,0,1,강원,0.84,0,0,0
29,2114768,22241682,15951116,548587,97119,0,1,부산,1.02,1,0,1
24,3842891,11955286,11165308,709256,112752,0,1,서울,1.35,0,0,0
33,5628787,11165212,9842471,674527,126678,0,1,제주,1.04,0,0,0
33,1119278,22319489,966550,273923,87102,0,2,대전,0.98,0,0,2
23,3650597,46892625,90476042,269757,94611,0,1,경기,1.15,0,12420366,0
29,3761163,53756091,15576528,343549,110117,0,1,부산,1.02,0,5472318,0
20,1300990,32828287,51990781,413271,89772,0,1,대구,0.93,1,0,2
23,1152136,2119496,8153108,425278,74916,0,1,충남,0.87,0,435080,2
39,2971044,37424452,61542956,376224,70600,0,1,경남,0.86,0,18105827,0
29,2247010,74625909,23744434,180000,108934,0,1,대구,0.93,0,0,0
32,6275558,15895420,14610624,582808,157100,0,1,충남,0.87,0,0,0
37,3584134,25988327,56734068,475778,129036,0,1,경기,1.15,0,0,0
33,2166435,51796870,5144075,700351,86373,148028,1,서울,1.35,0,3116982,1
35,800000,10756239,21706757,647592,173892,0,1,서울,1.35,1,0,2
33,3931839,26765169,11342305,300162,91373,82980,1,경남,0.86,0,271785,0
29,4114370,88673598,29496165,414590,164029,0,1,강원,0.84,0,0,0
32,2779740,83977618,1438501,374445,104565,0,1,전남,0.78,0,0,0
25,1435217,78581622,14522035,618310,129014,0,2,서울,1.35,1,6301588,2
37,2625799,30275183,1369862,698752,106903,0,1,서울,1.35,0,4128919,1
22,4826126,65777261,9336201,355688,97587,0,2,경북,0.82,0,0,0
37,4673910,42173718,49483917,272685,163679,491199,1,경기,1.15,0,3906697,0
37,1507426,21871060,12316384,462159,107476,0,1,인천,1.08,0,19975494,1
21,1673988,14937932,7232655,677082,145001,0,1,세종,1.0,0,0,2
33,7305246,42208956,24747643,287417,110574,0,2,충북,0.86,0,11504448,0
39,4553909,13023847,7965260,478560,108388,0,1,부산,1.02,0,0,0
31,1772370,29676271,36587177,492239,132518,0,1,울산,0.94,0,0,1
26,1552518,30693511,47181387,614799,105004,263587,1,충남,0.87,0,11324819,2
37,1694093,50742943,16674492,378928,83107,185966,1,울산,0.94,1,0,1
29,1866278,7405578,22644140,223535,83472,0,3,광주,0.91,0,0,1
21,2661680,22966199,47765848,550088,135566,0,1,경기,1.15,0,0,1
24,2988619,51842610,16225549,304560,33351,0,1,울산,0.94,0,1379877,0
33,2933667,105656142,2182430,402758,120326,1092558,1,전남,0.78,0,7676958,0
28,4950819,13095191,38530389,420512,58600,0,1,충북,0.86,0,0,0
23,6713274,65479492,21756378,302499,115042,0,2,경남,0.86,0,26866482,0
35,2482353,56266744,13439749,448024,160611,0,2,인천,1.08,0,0,0
21,1875655,73376806,5834215,735176,88757,0,2,서울,1.35,0,7465461,1
23,3605085,2457923,9583774,526011,126820,229548,1,강원,0.84,0,5303416,0
28,6151390,46036533,22006621,447958,151787,0,1,부산,1.02,0,9401900,0
19,2564489,64359774,20505811,392102,88767,0,1,충북,0.86,0,0,0
27,4396443,27964518,27094619,206408,86272,217415,1,경남,0.86,0,0,0
38,2127980,24688432,46050848,398254,124686,0,2,대전,0.98,0,0,1
38,3078025,43468300,25372308,298794,152229,619630,1,강원,0.84,0,0,0
37,1850594,67674221,14732458,394473,189024,0,1,충남,0.87,0,0,1
25,3064239,13096664,10219341,681686,87845,697614,1,인천,1.08,0,0,0
20,2901030,11229822,5881143,242170,131587,0,2,경남,0.86,0,0,0
36,3961546,14538767,34291988,579776,95629,327593,1,부산,1.02,0,13614068,0
26,3395424,24878117,12484981,371667,67645,592361,1,전남,0.78,1,170147,0
34,2580328,16684188,4704316,397265,100955,0,1,충남,0.87,0,0,0
21,1290795,23837001,25919283,346258,105684,0,2,인천,1.08,0,1669640,2
33,2796132,17805358,18383049,382485,110625,499868,1,전북,0.8,0,0,0
31,3468937,18356721,78184200,639635,127095,256332,1,부산,1.02,0,0,0
38,3326626,27612228,1008148,180000,117060,0,1,충북,0.86,0,0,0
21,1240380,29849746,3222334,219326,155407,0,2,제주,1.04,1,0,2
27,5782632,34690021,1439239,462487,178618,0,3,제주,1.04,0,0,0
39,3233981,32129452,5913601,419493,108581,0,1,경북,0.82,0,0,0
27,2915610,19609766,15699544,570147,94772,0,1,세종,1.0,0,0,0
32,2183061,19699571,10386241,438178,101500,0,1,강원,0.84,0,10402180,0
22,1439155,4183641,49568467,180000,103494,0,1,대전,0.98,0,0,1
34,1468289,69298367,11015353,468649,88220,0,1,경남,0.86,1,0,1
24,3389462,11519462,1675345,443858,59543,100043,1,세종,1.0,0,2585944,0
31,1934076,30984036,52940263,396119,59991,0,2,전남,0.78,0,0,1
37,2992357,21128288,30762523,278597,133951,598416,1,광주,0.91,0,0,0
32,1089267,46854020,25817762,180000,133845,363070,1,전북,0.8,1,14831761,2
28,862258,30313708,4414407,411005,123827,78059,1,부산,1.02,1,0,2
22,2168462,33867803,14799376,417131,99129,0,1,전북,0.8,0,0,0
26,3630341,8601028,59033277,585842,102021,663915,1,서울,1.35,0,0,0
36,2767772,44457344,43313128,469148,67266,39111,1,경기,1.15,0,0,0
23,2365559,2576056,7775479,364821,88759,0,1,대전,0.98,0,0,0
32,849526,21099290,15761330,425391,86380,394323,1,세종,1.0,1,0,2
29,2884201,10194924,30236115,524636,58099,729357,1,전북,0.8,0,0,0
25,4538831,27188526,16929320,743460,117639,317463,1,광주,0.91,0,776153,0
34,3333413,69182239,16372152,664121,93839,0,1,서울,1.35,0,3734803,0
26,2754344,41540189,5070974,590377,112977,0,1,대전,0.98,0,0,0
25,1907652,74280344,14799616,318445,58906,0,1,울산,0.94,1,0,0
30,5483958,32026962,40062540,509386,129045,210337,1,강원,0.84,0,3887847,0
34,3766023,50849328,37048023,294076,123945,96967,1,충북,0.86,0,0,0
37,3411077,65071889,20907183,230543,92491,0,1,대구,0.93,0,0,0
32,2520895,59252675,17516550,529980,156989,529090,3,충북,0.86,1,6286926,2
32,2849649,14838564,26515823,371225,106088,51130,1,충북,0.86,0,23165297,0
35,3301216,23069951,16359897,526948,111911,0,1,전남,0.78,0,0,0
24,2471662,50169665,20949432,545945,57331,0,1,세종,1.0,0,12261133,0
24,1565811,74350756,4447883,184396,79766,0,2,전남,0.78,0,10451961,1
29,3534462,15205100,28479518,455907,89659,0,1,부산,1.02,0,0,0
32,2276769,16234377,15377860,228790,134970,0,3,전북,0.8,1,0,1
32,2695072,45757508,23196731,765677,153429,0,1,서울,1.35,0,24568934,1
22,2665267,17114999,13747927,528766,95343,0,2,경기,1.15,1,3434532,0
35,2236366,63000391,38822057,230537,114002,0,1,경북,0.82,0,0,0
26,1423967,44336953,28532110,180000,141987,166911,1,세종,1.0,0,0,1
37,1145360,68668440,21044439,525861,97021,125155,1,충북,0.86,1,0,2
34,1572297,27748348,4499964,350292,57744,345523,1,충북,0.86,0,6978754,1
39,3527175,29613655,21243121,337443,134021,147209,2,충남,0.87,0,0,0
32,1390194,18064603,83128720,361096,125330,58565,2,대구,0.93,1,0,2
30,4657869,77260233,2154909,356337,122628,270109,1,부산,1.02,0,7914954,0
22,4616215,6863396,45308867,352524,153286,0,1,서울,1.35,0,15573658,0
27,2049104,8837338,14116106,387460,144506,0,1,경북,0.82,0,0,0
37,2154709,39155680,17213804,324446,134180,0,1,부산,1.02,0,0,0
27,3837997,17353645,33764069,327031,67496,0,1,강원,0.84,0,3189785,0
20,4648166,55145440,7349352,312479,57733,229308,1,울산,0.94,0,0,0
24,1283659,5388014,12865556,302232,126028,312015,1,인천,1.08,0,0,2
31,3442714,27305389,13279237,197638,112966,0,2,울산,0.94,0,4640290,0
32,800000,8353596,8274933,540068,120212,0,2,경기,1.15,1,4733714,2
39,2409164,28013725,13917809,603768,171622,329453,2,부산,1.02,0,5798960,1
38,3127803,42057609,8864273,624557,145876,31670,1,인천,1.08,1,2152870,0
30,9000000,30163340,14523575,364065,101592,0,2,경북,0.82,0,16066926,0
30,2752329,27006958,28869929,538064,82714,0,1,강원,0.84,0,0,0
35,1784042,52383705,5915885,321831,131492,0,1,경남,0.86,0,0,0
20,2445721,9882480,18475857,520932,126865,128599,1,울산,0.94,0,0,0
31,3137893,40061853,16682545,384606,104909,0,2,부산,1.02,0,0,0
28,2286307,24258899,13575180,283125,25000,0,1,충북,0.86,0,0,0
35,2049237,26701608,5504954,504141,75374,0,2,경남,0.86,0,11787203,0
35,2538558,46645252,34118231,395204,138137,0,1,강원,0.84,0,0,0
32,3615535,35032308,54822724,626292,74472,0,2,서울,1.35,0,0,0
32,2835720,43535318,15127766,233934,131828,0,1,대전,0.98,0,0,0
33,2087678,100862012,27445546,496458,124449,123898,3,경남,0.86,0,21730891,2
31,2286483,24356150,9418912,545405,77313,0,1,세종,1.0,0,0,0
23,2552779,6204483,36181250,372911,144376,994151,1,제주,1.04,0,0,1
24,1984542,10182915,6717762,537281,109217,74412,1,세종,1.0,0,6976224,1
34,1219593,77974972,7593021,769577,114504,0,1,서울,1.35,1,0,2
31,4022506,23046195,15113025,260357,67805,0,1,경북,0.82,0,0,0
23,2762410,42399240,48622010,194877,153016,0,1,전북,0.8,0,0,0
37,1434967,35788960,4120556,330047,65875,0,1,전북,0.8,0,0,1
39,4739206,17116944,2403557,184823,70757,81905,2,제주,1.04,0,14536527,0
32,3648555,38045656,35015836,464437,117393,175064,1,부산,1.02,0,4774226,0
23,1682691,13002503,16594356,498952,74608,0,2,경남,0.86,0,0,1
38,1292375,23358933,21518887,519777,184820,321262,1,부산,1.02,1,0,2
23,2169592,24218120,12819802,531705,78299,312896,1,제주,1.04,0,0,1
28,4080465,5432331,27048617,571588,140201,0,2,부산,1.02,0,0,0
37,2599531,46232753,26881521,335570,165983,0,1,강원,0.84,0,10025812,0
29,1424024,18936194,2997652,180000,132209,350550,1,전남,0.78,1,6727095,1
24,2811696,46117892,3393499,552204,88867,0,1,경기,1.15,0,1922536,0
20,1613949,44803363,6752397,704709,127318,136218,1,경기,1.15,0,0,2
26,5581524,23121002,7415956,421559,155475,0,1,경북,0.82,0,0,0
33,4054971,33710982,16458656,462311,62830,0,1,경기,1.15,0,0,0
34,2211711,42109856,16213479,482498,147336,0,2,충북,0.86,0,9810036,1
23,3312298,18002401,24498946,414678,126108,0,1,경남,0.86,0,0,0
22,4636744,2916945,7723523,361938,175070,0,1,충북,0.86,0,13838730,0
33,3123987,35426279,33114876,429780,126993,0,1,세종,1.0,0,21927933,0
22,5956874,54599866,18046440,368275,116007,0,1,울산,0.94,0,987908,0
20,9000000,12550064,18887903,455093,132853,0,1,충북,0.86,0,0,0
29,2888997,50132054,3220281,267839,65082,0,3,강원,0.84,0,0,0
30,2374184,10647693,7175666,502345,83452,219573,1,세종,1.0,0,0,0
24,1993109,19860707,12552026,603612,116187,211938,1,인천,1.08,0,0,1
23,1177395,22611907,96926488,276244,90811,236890,2,충남,0.87,0,0,2
23,5216590,24666236,26040340,365383,86197,0,1,전북,0.8,0,27776765,0
26,2619908,11968427,12077773,364920,178927,0,1,전북,0.8,0,0,0
19,4443954,7396628,11210865,593612,178089,0,1,경기,1.15,0,0,0
19,4845333,20547573,54821241,267202,25000,0,1,충남,0.87,0,3876786,0
26,1208519,39743064,16113382,330985,109003,0,1,전북,0.8,1,0,1
19,2043965,12364293,7541070,344945,70728,170891,2,부산,1.02,0,0,1
25,6458241,22569677,4621099,341106,148312,468079,1,경북,0.82,0,0,0
31,2959480,99067222,25126953,180000,119790,583530,1,세종,1.0,0,0,0
19,2296114,31038588,14975668,448393,163279,0,1,세종,1.0,0,0,0
31,1945885,25471260,30696312,406977,77451,514832,2,전북,0.8,0,0,2
32,2870010,27109362,5002470,452451,78747,505194,1,세종,1.0,0,0,0
31,5833028,90428187,28088418,471413,100815,0,2,강원,0.84,0,0,0
32,4095464,47869543,35021104,581340,90658,0,1,대전,0.98,0,0,0
35,3297945,18846749,38545099,336503,105686,91961,2,경남,0.86,0,0,0
20,6038802,42075610,8699748,339484,154424,0,1,제주,1.04,0,0,0
22,5558481,9113346,36210951,593389,130117,0,1,인천,1.08,0,0,0
25,3521243,27389580,9597599,479729,97223,522242,1,전북,0.8,0,0,0
33,9000000,66936330,8756493,680222,121587,0,2,서울,1.35,0,0,0
37,2742170,36000465,13944702,333192,54631,0,1,광주,0.91,0,0,0
38,4890497,21396679,1405003,537433,44528,0,1,제주,1.04,0,0,0
31,2575782,29563247,23659992,425334,156148,784135,1,인천,1.08,0,15874474,0
27,4496802,63071012,14420830,304136,83373,0,1,광주,0.91,0,0,0
27,2741034,14843620,3491311,521951,162626,129214,4,부산,1.02,0,8824299,1
20,3719279,41594879,17894572,214201,96873,0,2,전북,0.8,0,0,0
28,8524122,65381734,30135916,492612,115380,125437,1,울산,0.94,0,0,0
29,4592561,36434176,12271725,421349,137990,0,1,충북,0.86,0,0,0
23,3744107,26031784,11218592,454679,146045,0,1,제주,1.04,0,2486850,0
35,2185882,19610963,25809064,420510,94000,24721,2,세종,1.0,0,4331580,1
36,3307127,24998598,39376372,180000,110088,0,1,전북,0.8,0,2041659,0
25,1977237,20782603,15649771,377118,114663,0,1,경기,1.15,0,0,0
38,4466216,55720608,69246370,595614,125683,0,1,부산,1.02,0,0,0
21,4418273,112296422,41995008,397036,119641,0,1,제주,1.04,0,0,0
38,2823277,20704128,9261506,180000,82486,0,1,경북,0.82,0,0,0
35,6236757,43593134,6634607,521622,114372,83647,1,충남,0.87,0,0,0
23,3758086,53246232,24192363,248288,58804,234605,3,광주,0.91,1,5052736,0
32,3252714,32078048,5257089,548305,112547,0,1,부산,1.02,0,0,0
25,3889620,25593170,4222803,577236,112184,0,1,경북,0.82,0,4640732,0
35,2368140,15985615,9301223,321479,72841,127438,1,전남,0.78,0,871439,0
22,2713133,29102521,10414801,575691,100592,0,1,대구,0.93,0,0,0
24,1918605,23869039,50462975,417481,90949,0,1,충북,0.86,0,11562362,1
25,2482973,19483007,30237143,565190,91613,0,1,충북,0.86,0,0,1
23,2916121,32994904,36249015,486926,138517,0,2,세종,1.0,0,0,0
25,1493592,10796122,22200390,295091,125102,0,1,경남,0.86,0,0,1
31,3908570,17254452,12845527,204560,147406,0,4,인천,1.08,0,0,0
32,4733461,33731147,13058225,307973,183200,0,1,대구,0.93,0,4880784,0
30,3039634,77462739,27606180,425769,153708,0,1,경기,1.15,0,0,0
22,956311,21705375,5550410,533474,55374,0,1,충남,0.87,0,981421,2
23,2735611,25755835,5444125,558857,85976,0,1,충북,0.86,0,0,0
38,1675289,36659214,33745533,283469,159853,0,2,제주,1.04,0,0,1
24,2346689,9495367,23580260,519808,94659,0,1,강원,0.84,0,0,0
21,2758169,19466330,6299196,392482,97613,0,1,인천,1.08,1,13396057,0
28,1070706,30823180,5296577,320292,122375,423053,1,울산,0.94,0,4217514,2
19,2147073,28005830,6888120,342005,105337,0,1,경기,1.15,0,0,0
26,4357317,36108144,27737518,407344,168968,0,4,충남,0.87,0,0,0
36,2255368,20244971,34086780,271885,103493,198210,1,충남,0.87,0,3309581,0
24,2182381,14225668,5390374,553494,192453,0,1,경북,0.82,0,0,1
33,7308779,10746861,19351711,305105,91959,0,3,대전,0.98,0,13632245,0
29,3588909,67609119,6143506,549004,88560,0,2,대전,0.98,0,0,0
26,4558035,18225863,52875114,286948,86066,269464,2,경기,1.15,0,0,0
32,3772921,37131624,2438006,576959,83136,0,1,울산,0.94,0,4500273,0
31,3269612,30065114,21858120,448652,137321,0,1,세종,1.0,0,0,0
25,5252333,2091137,9418269,399539,60562,0,1,전북,0.8,0,0,0
23,3109539,7396682,5206593,318762,72448,0,1,전북,0.8,1,0,0
38,1478798,35275948,4003627,444760,131947,240971,1,인천,1.08,0,0,2
22,3004031,37877628,4776428,496044,34512,0,1,대구,0.93,0,0,0
39,2993868,41505361,13931862,690464,60460,363077,1,세종,1.0,0,8430157,0
28,2535910,8524848,8864666,303826,109741,201281,1,대전,0.98,0,10018064,0
39,1668029,19546533,25766401,544711,133982,0,1,서울,1.35,1,0,2
26,3406220,34266509,49886019,217893,96272,0,1,경북,0.82,0,0,0
30,6980321,39663554,27347407,180000,122847,0,1,전북,0.8,0,0,0
31,4895205,8545717,32243181,209400,81879,55510,1,세종,1.0,0,29085430,0
26,5484707,34528934,30832771,309294,164546,0,2,대전,0.98,0,9013531,0
23,1821210,23547462,20526130,297055,139924,0,1,경북,0.82,0,0,0
29,2156582,25374354,52372538,736639,91201,0,1,서울,1.35,0,0,2
32,2234359,82112441,9748561,558785,104084,0,1,울산,0.94,0,20861235,1
24,5387507,21735428,19535651,222633,38407,0,1,전남,0.78,0,21330695,0
35,1006119,24637067,2428853,589004,145418,0,1,제주,1.04,1,13179799,2
32,2037717,53034845,29572775,278915,65682,0,1,대구,0.93,0,0,0
22,1883174,43037178,16199070,369506,90288,761386,3,충남,0.87,0,0,2
38,9000000,73050872,16497025,495066,102185,0,1,부산,1.02,0,10173514,0
19,2869053,40940367,6764554,813851,67125,0,1,경기,1.15,0,0,1
32,3830493,45432995,3820718,457494,80867,0,2,광주,0.91,0,3461686,0
28,1867641,27192871,9598813,188351,121955,0,1,경남,0.86,0,8465624,0
32,4607211,112235659,16161330,481892,91709,0,1,충남,0.87,0,22625903,0
35,1422570,21829626,34717126,564502,142511,34630,1,세종,1.0,0,0,2
33,2002048,42848658,36132053,495635,136418,0,3,대구,0.93,0,0,2
32,2226990,13195167,38377357,308138,84050,701147,1,인천,1.08,0,0,1
36,3350992,29676066,24579550,412099,94582,0,1,대구,0.93,0,0,0
33,2168675,28370861,4322558,497832,97900,165002,2,인천,1.08,0,3176919,0
36,5873559,36257677,16556685,690138,98302,0,1,부산,1.02,0,0,0
27,2267703,5748981,43249012,418637,160758,360797,2,충남,0.87,1,11705443,1
23,2267351,17144173,65828188,627449,120468,0,1,인천,1.08,0,0,1
23,4683834,118961304,5226257,529853,61626,485142,1,서울,1.35,0,0,0
31,1208837,32144736,9878548,348749,85561,1189941,1,강원,0.84,1,0,2
30,2366126,57112935,48317193,282389,94285,28560,4,대구,0.93,0,5816578,1
20,1744854,33065591,37206934,510673,125503,186259,1,울산,0.94,1,0,1
23,800000,97351810,19019061,629112,176836,0,1,인천,1.08,1,0,2
39,4183352,49542004,22680737,493601,139996,0,3,부산,1.02,0,0,0
34,808149,37756651,23842620,414062,107107,0,1,울산,0.94,1,0,2
34,2243104,11367580,35314476,405271,79364,231131,2,충남,0.87,0,0,1
23,7079055,7269658,37375608,191618,160415,0,1,울산,0.94,0,0,0
20,1229847,14709235,10933915,320697,98094,0,1,강원,0.84,1,0,1
25,4600592,22019895,49567427,341071,62282,0,2,세종,1.0,0,0,0
36,3439124,16274891,50122056,350057,122978,0,2,대구,0.93,0,3602029,0
29,3596020,32289144,13733881,325731,67210,0,1,대구,0.93,0,0,0
35,2738495,35620492,48673097,244399,133769,57462,4,울산,0.94,0,0,1
29,2677742,83832293,19679376,385316,105912,0,3,서울,1.35,0,0,0
29,5883646,91708048,26945867,421423,98440,0,2,충남,0.87,0,0,0
31,4550510,51381768,49449253,180000,25000,209911,1,충북,0.86,0,0,0
39,2460289,60179392,43371820,521795,149274,0,1,대전,0.98,0,4494333,1
28,1945297,61901924,8264962,457381,68751,0,1,광주,0.91,0,9046121,0
31,977064,40106603,24504679,538610,86279,0,1,대전,0.98,1,0,2
38,4651476,66858451,24746547,246443,115821,0,1,충남,0.87,0,7181111,0
26,5063101,7528168,17425111,597989,102494,107199,1,전북,0.8,0,0,0
36,3871985,56256605,11449543,820696,195669,0,1,경기,1.15,0,1530187,0
30,1521855,11819279,8786289,430920,50308,147686,1,울산,0.94,0,0,1
37,4217601,22132270,20718518,652390,106292,0,1,서울,1.35,0,0,0
28,5342428,59009207,3873343,433488,138196,433450,1,울산,0.94,0,0,0
32,3286328,19020467,25833809,529171,94954,0,1,대구,0.93,0,0,0
25,7145315,11177532,63386916,459852,111444,0,3,대전,0.98,0,0,0
32,1728276,42909125,16070182,180000,201146,0,1,울산,0.94,0,0,0
25,4094353,12632849,9191738,333378,113865,119670,1,대전,0.98,0,0,0
31,1966876,12828836,4799561,472562,159044,0,1,광주,0.91,0,0,1
35,2016160,12708866,32649676,415548,129898,115429,1,전남,0.78,1,0,1
28,3969626,19765732,19659249,353343,132972,0,1,전남,0.78,0,0,0
28,6617546,48087864,29330535,355582,112755,391582,2,서울,1.35,0,10302371,0
25,1745194,49856658,23134337,463510,53006,396612,1,광주,0.91,1,0,1
34,2563617,25767776,21160111,595782,146108,0,1,경북,0.82,0,0,1
31,2469415,85595262,23478173,180000,127967,0,1,강원,0.84,0,0,0
29,2738925,40190837,24413823,564701,131188,0,2,부산,1.02,0,0,0
19,2448634,58041998,27168143,605347,103670,563043,3,충북,0.86,0,0,2
21,5443371,14905190,28618173,586329,91075,0,2,인천,1.08,0,0,0
19,5278627,18861765,2951855,618586,165991,311326,1,서울,1.35,0,0,0
36,1602584,29340602,7428599,512650,120355,0,2,충북,0.86,0,0,2
36,3100727,28132226,8610656,443669,47993,162247,1,세종,1.0,0,0,0
20,3133069,1649408,7566398,436311,105728,0,1,전북,0.8,0,2219209,0
19,863631,26170874,5825368,461946,100921,0,3,대전,0.98,1,0,2
35,3682490,43035692,19077578,367993,25000,0,1,경북,0.82,0,0,0
30,5716218,34339261,30639493,286860,84498,0,3,울산,0.94,0,8730034,0
25,4475506,86353655,5436567,304209,198463,0,1,전북,0.8,0,0,0
31,5443276,93591355,4419422,752323,32700,0,1,경기,1.15,0,0,0
23,2239383,3670049,1804848,453757,74904,0,1,경기,1.15,0,0,0
23,3098258,68995075,14596567,180000,25000,222339,2,전남,0.78,0,7319796,0
26,2194410,83374192,1708010,857074,52637,0,1,경북,0.82,0,3097171,1
37,3380746,7523790,18637675,398181,48537,0,2,제주,1.04,0,0,0
35,3514177,54887055,21368679,388023,70103,587773,1,대전,0.98,0,7054402,0
22,4608359,26760359,23211412,540761,179759,0,2,서울,1.35,0,2121140,0
30,5365251,85260575,18147217,460100,144588,0,1,제주,1.04,0,0,0
37,4101701,87511241,13231689,279223,99853,498632,1,충북,0.86,0,24115465,0
38,2107007,158172250,32288817,583284,169044,0,1,대구,0.93,0,0,1
35,1705242,52104380,43434927,275217,90938,0,1,전북,0.8,0,0,0
21,3814273,38160606,19960234,229119,75482,0,1,경남,0.86,0,0,0
24,5814563,12024004,8337323,180000,95304,0,1,대구,0.93,0,0,0
23,3017658,16209117,5222111,505531,51736,0,1,전남,0.78,0,0,0
22,1581482,39602242,1498148,304559,41146,0,3,전남,0.78,0,0,2
22,7475168,15506361,46486778,441691,135092,0,1,세종,1.0,0,6866798,0
25,3764389,27166025,11873022,258600,120528,0,2,충북,0.86,0,0,0
30,3282917,7627021,13665624,426531,65406,0,1,대구,0.93,0,0,0
27,1845802,30474473,15774776,373700,125276,0,2,경남,0.86,0,13996195,1
27,3071342,4445722,11637362,593335,130635,0,1,제주,1.04,0,0,0
24,4098011,56574824,22216669,473380,91726,0,1,제주,1.04,0,0,0
22,3786494,29437753,17872016,194024,74248,0,1,전북,0.8,0,0,0
39,1458400,26608740,33614249,901683,147407,0,1,서울,1.35,1,0,2
31,2976070,28913422,3477762,480454,125692,436220,1,광주,0.91,0,1657540,0
23,2340252,15679620,993714,312552,171580,0,1,울산,0.94,0,0,0
36,2726195,18378801,34961958,454895,128140,271389,2,제주,1.04,1,0,0
36,4481409,24638743,11988702,427215,46433,0,1,강원,0.84,0,0,0
39,2434345,26768144,6601094,448931,54851,384559,1,강원,0.84,0,0,0
22,1845407,20486376,39710969,489135,106141,0,3,인천,1.08,0,0,2
32,3437011,7716515,6387088,388864,135474,158737,1,전남,0.78,0,0,0
39,1138329,72102626,7194284,572258,122791,0,1,대전,0.98,1,0,2
35,2547901,67787278,11958551,618433,93712,0,3,경기,1.15,0,12986638,1
23,1871985,24784577,9171386,573981,53986,319473,2,제주,1.04,0,1296870,2
37,1974343,107127698,9219787,223891,163850,0,3,부산,1.02,0,0,1
27,3270980,20631018,41805220,329300,169437,0,2,서울,1.35,0,31355,0
29,2719325,32105004,56224874,337837,66046,0,1,경기,1.15,0,7662339,0
30,8923094,40362771,5814746,398376,133936,0,1,울산,0.94,0,23545639,0
35,3937990,37070300,20373309,403273,124234,0,1,경기,1.15,0,8889031,0
21,1858766,14438901,7558205,235417,131987,0,3,경북,0.82,0,0,1
30,1575887,29665812,39495922,435105,165128,0,2,세종,1.0,0,0,2
36,3619570,13878317,22634611,304293,161444,0,1,대전,0.98,0,63575,0
30,2571498,16096027,24423964,268500,137422,0,1,서울,1.35,0,2836849,0
24,5406899,51445283,29836474,235917,103468,0,1,세종,1.0,0,22012692,0
20,3443000,133146889,39403099,358299,103280,0,1,인천,1.08,0,8349770,0
30,800000,20046248,30412930,402232,105223,0,2,제주,1.04,1,7754685,2
33,1967550,27712148,26443228,513470,206008,505502,1,대구,0.93,0,0,2
30,2281357,23474393,53388497,437903,113582,309516,1,세종,1.0,0,0,1
39,3688491,42494198,33008467,307684,146991,263044,3,서울,1.35,0,4698840,0
31,1163443,62122187,8208241,689744,128321,480764,1,인천,1.08,1,0,2
29,1959140,32305642,20224634,418110,77813,0,1,부산,1.02,1,2221212,0
20,1717032,6563468,15872268,616854,136422,94730,1,서울,1.35,0,0,2
30,3058123,20175227,40662113,323240,84420,0,1,전북,0.8,0,10910038,0
22,2311676,34457347,13235000,351188,79752,0,1,제주,1.04,1,12131333,0
34,5717840,25079705,13650613,541656,133678,0,1,제주,1.04,0,0,0
22,3389692,19104477,14131589,180000,66199,0,1,대구,0.93,0,0,0
38,2146730,33365423,16872904,518830,137874,302713,1,전남,0.78,0,17300591,1
25,5795802,25295586,9693550,478837,131957,358007,1,세종,1.0,0,5670098,0
28,2818980,14239047,13105933,661257,163972,149577,1,서울,1.35,0,0,1
22,4253641,50736746,8608053,596960,132099,0,3,경기,1.15,0,0,0
23,2343385,6506397,39556901,267958,75034,0,1,강원,0.84,0,0,0
38,3171410,46285058,25578931,569922,149677,188600,1,울산,0.94,0,0,0
24,2161055,15928713,19237823,503892,160504,0,2,서울,1.35,0,0,1
29,3503328,31509311,9462880,253034,140191,0,1,경남,0.86,0,0,0
39,4309353,81464249,5696318,386433,133258,0,1,전북,0.8,0,0,0
32,2465459,69967415,12511071,262731,60273,95645,2,세종,1.0,0,0,0
19,2406584,55217458,14957628,386922,142839,0,1,제주,1.04,0,0,0
26,3555776,77799690,41705499,453105,69160,181421,1,제주,1.04,0,0,0
27,2139099,120145681,7000915,576130,91123,0,2,제주,1.04,0,0,1
24,1587921,50862433,19462221,398963,81352,0,1,대구,0.93,0,4103328,1
24,3550243,37731117,21636699,226541,53139,0,1,경북,0.82,0,9396600,0
29,1816226,16037581,8744727,409612,118208,353308,1,세종,1.0,1,0,1
26,2885598,44026499,2264325,281962,106512,163532,1,전북,0.8,0,19621928,0
25,3815997,28410268,16657510,343899,154528,0,2,경북,0.82,0,0,0
27,4052217,88990387,7575424,410987,155946,0,1,인천,1.08,0,12925247,0
26,1196882,48336001,21374753,273526,116871,0,1,울산,0.94,1,0,1
23,1882110,8377588,22210064,321098,141344,0,1,인천,1.08,0,22520647,0
28,2317640,35007809,31609732,180000,106812,0,3,대구,0.93,0,1246795,1
38,3922292,65926244,33950895,530055,106814,189911,1,울산,0.94,0,0,0
29,3234242,30774064,2832176,477217,112436,0,1,경북,0.82,0,6080891,0
31,2407876,118960111,21711758,182641,102764,362576,1,경북,0.82,0,8607570,0
39,2176799,58611240,20512254,480682,117442,0,1,광주,0.91,0,0,1
31,3978104,13835282,21497234,429776,134780,0,1,대전,0.98,0,0,0
23,2772726,10206819,30829751,180000,65792,0,2,강원,0.84,0,6749043,0
27,4215675,14320594,6376729,251542,94636,0,1,경남,0.86,0,0,0
29,4451566,19396626,37702748,404584,140036,0,1,제주,1.04,0,0,0
28,2666110,29124929,26892382,533743,93041,137144,1,부산,1.02,0,0,0
22,4588210,34830750,2881023,554710,93778,0,1,부산,1.02,0,0,0
21,3237035,67327515,8415498,288972,143141,628749,1,전북,0.8,0,0,0
26,3422180,53144882,17216054,493335,85662,0,2,대전,0.98,0,0,0
38,1190031,33567981,3351792,451741,127611,140812,1,부산,1.02,0,0,2
34,981416,30127540,34899283,475957,124943,0,2,서울,1.35,1,0,2
36,2056413,59338314,33231378,500880,141085,0,1,광주,0.91,0,11894855,1
22,2659452,16609855,28850840,399680,107706,0,1,광주,0.91,0,0,0
27,3203720,43164839,24547655,422032,80813,0,1,강원,0.84,0,0,0
31,3260561,11748490,11751616,311229,89613,0,1,부산,1.02,0,0,0
28,3448753,38688730,20585764,270850,165555,0,1,전북,0.8,0,0,0
27,2271898,35006698,45120567,442915,90463,0,3,충남,0.87,0,0,1
26,4105911,18375401,4965254,395465,89716,0,2,울산,0.94,0,0,0
20,6640157,7434378,4601160,441488,96282,0,2,부산,1.02,0,0,0
37,2620098,18808733,7221753,314473,102529,331410,2,세종,1.0,0,0,0
38,1050438,45208505,14434892,410937,94856,51500,1,충남,0.87,1,0,2
20,2271519,34573866,6120819,271609,129783,0,1,광주,0.91,0,0,0
27,3164176,6077917,27901237,439047,114017,673974,1,대구,0.93,0,0,0
29,2432850,6747210,17986782,305386,91342,0,2,세종,1.0,0,0,0
35,1449329,15789645,15924413,372359,135309,0,1,광주,0.91,0,554494,1
39,800000,23275970,3297883,634722,119879,0,1,광주,0.91,1,12596748,2
27,4729518,15679673,21699688,473091,158003,158850,1,대전,0.98,0,26338502,0
34,5292618,34538549,22614980,375383,122633,311926,1,대전,0.98,0,0,0
38,6068395,66391066,36610391,429434,103115,78791,2,전북,0.8,0,0,0
36,3361719,64051193,68149230,228274,103557,0,1,울산,0.94,0,0,0
25,1207044,43846289,4650153,300755,115760,0,1,울산,0.94,1,0,1
36,1004654,64982916,9572900,343392,121985,0,2,충남,0.87,1,0,2
27,1606158,13994695,1763131,573024,109948,0,1,광주,0.91,0,0,1
19,1579784,42360869,7335890,668765,99874,0,1,경기,1.15,0,0,2
34,3403841,56148327,39493124,251212,129973,36307,1,경북,0.82,0,19579168,0
36,3845550,10547442,42288952,524277,134857,155198,1,서울,1.35,0,0,0
26,7079776,69477752,11796176,431489,109133,0,1,강원,0.84,0,0,0
28,2942947,52266922,15105703,739224,133855,49073,1,대구,0.93,0,0,1
26,1701096,17095459,4935175,438935,109767,0,1,부산,1.02,0,0,1
21,1509952,3763328,7565161,808281,120126,0,1,서울,1.35,1,608077,2
39,2701168,44457474,14638934,412992,131024,259197,1,경남,0.86,0,0,0
19,2469244,19540955,9444872,540935,138712,792948,3,울산,0.94,0,0,2
30,3535851,10017939,29583322,547140,134427,278496,1,대전,0.98,0,0,0
19,800000,26102395,27882944,352356,80840,0,1,전북,0.8,1,0,2
33,3226351,25297425,14754850,605591,132855,0,1,서울,1.35,0,0,0
37,4036241,53298853,19408081,333836,110003,483856,1,강원,0.84,0,0,0
32,5616051,9291948,16257983,489697,125714,0,3,세종,1.0,0,31471485,0
31,3485471,56994606,13257039,532620,172305,313356,1,강원,0.84,0,25087546,0
36,4776382,33375291,50567868,600203,106392,0,1,인천,1.08,0,0,0
39,2520019,52663611,4139544,645189,113651,0,1,제주,1.04,0,0,1
37,2675929,78539854,42564291,301838,90765,165606,2,대구,0.93,0,0,0
23,5445098,35296430,28068861,284479,102428,0,1,충남,0.87,0,17289540,0
30,1691068,57709808,17729744,234068,83891,0,2,전북,0.8,0,0,1
36,2564571,15181866,28994289,432103,74005,0,1,대전,0.98,0,7749564,0
25,4954883,6989683,16574639,605366,45312,90791,1,인천,1.08,0,0,0
33,2785322,27182245,10284971,366837,87223,498703,1,대전,0.98,0,0,0
19,2697520,14235252,5698437,332210,85234,433726,1,전남,0.78,0,1615962,0
37,977399,42958936,28366950,443276,106861,188215,1,경남,0.86,1,0,2
31,3207580,42889318,17596816,330929,90046,0,1,경남,0.86,0,8286164,0
34,4865442,64590873,58728473,353863,148577,428335,1,부산,1.02,0,19973357,0
36,4538339,29898756,26459025,509656,116856,1038,1,충북,0.86,0,0,0
23,3065063,5491969,23927173,470123,139732,56963,1,인천,1.08,0,23043516,0
28,4878651,65593506,8037241,265101,142006,0,1,전북,0.8,0,3815312,0
37,3532877,66688333,11013337,436084,159224,384037,1,울산,0.94,0,0,0
22,4413038,19493609,7385835,421945,141655,0,1,전북,0.8,0,0,0
36,1959997,70956601,21576437,710332,78207,0,1,충남,0.87,0,0,1
25,6441228,5735413,15535138,667466,142953,755495,1,제주,1.04,0,0,0
31,3352925,24607022,10400927,883287,123212,265269,1,세종,1.0,0,0,1
29,935540,13670750,59786254,215142,158688,0,1,대전,0.98,0,0,2
33,6226026,60492529,39492764,590678,112903,0,1,세종,1.0,0,0,0
36,3056637,19482360,18859283,685183,153818,0,1,인천,1.08,0,194629,0
26,2573017,56601381,21615556,507869,118796,115152,2,경기,1.15,0,0,0
22,2350664,8047513,31925235,362751,116891,0,1,세종,1.0,0,4901378,0
27,3684473,104093586,12582383,463542,131351,0,1,경북,0.82,0,5682382,0
31,2081595,23073261,4199282,343669,97470,0,1,강원,0.84,0,0,0
34,2379932,27211763,7465480,199479,126503,101938,2,전남,0.78,0,0,0
34,2404649,56637075,19437524,255030,59292,0,2,부산,1.02,0,0,0
26,1305437,36893112,17741695,209577,127604,0,2,울산,0.94,1,3757506,2
38,2443917,30639595,2592416,431262,64407,0,1,충북,0.86,0,0,0
20,4401087,16858173,31024196,498479,130962,0,1,대전,0.98,0,0,0
21,1439299,81809783,4409156,495430,25000,0,1,서울,1.35,1,0,1
19,3611587,23187263,7524867,593000,51788,0,1,경기,1.15,0,0,0
38,3965772,37233890,28999747,419242,110770,44079,2,경남,0.86,0,0,0
22,2930318,8076987,12438846,429864,111384,0,1,충북,0.86,0,0,0
31,1966801,76114934,39249319,462164,101616,0,1,대구,0.93,0,7195607,1
36,3246250,21863605,34422882,407680,135744,429344,2,대구,0.93,1,0,0
35,4544790,17366702,6640619,803149,152338,0,1,서울,1.35,0,0,0
38,6102248,61077805,12934291,551020,201462,0,2,제주,1.04,0,9749235,0
20,4758788,29496221,11664929,351303,116839,0,1,경기,1.15,0,0,0
27,2502229,19461592,8941230,609205,143807,0,1,전북,0.8,0,3437778,1
29,800000,23669929,9075854,291965,81459,0,1,대구,0.93,1,5838570,2
33,1797919,15853056,6116901,448014,92418,232731,1,대전,0.98,0,0,1
32,4010220,17670273,36585739,719441,81729,0,1,대구,0.93,0,5243787,0
30,2919435,5458709,5640523,441922,104186,591914,1,경북,0.82,0,0,0
25,2546210,48832277,18852808,491407,127513,0,1,서울,1.35,0,0,0
21,1042950,19419780,6280388,495387,148026,0,1,대전,0.98,0,29792092,2
28,3032832,58880825,18304665,476500,122558,0,2,대구,0.93,0,0,0
24,1915496,112498744,12562362,442901,157246,89730,1,대구,0.93,0,0,1
30,2233695,12285314,10825719,392582,159800,0,1,부산,1.02,0,0,0
35,4395962,51407453,33637611,180000,110332,0,1,경남,0.86,0,0,0
30,1959346,14965825,13870731,246892,106372,0,3,광주,0.91,0,0,1
31,2041439,18796526,15496138,310248,57312,0,2,울산,0.94,0,0,0
19,3303363,23031366,2720248,597890,91021,0,4,광주,0.91,0,0,0
32,4438237,104294456,19583986,290951,84559,0,2,제주,1.04,0,0,0
28,2565050,21203170,29774017,431010,84766,0,1,대전,0.98,0,13942432,0
21,5731884,22454510,7993239,635787,96728,748784,1,대전,0.98,0,42264487,0
23,1760000,29562727,13200670,526012,129976,0,1,대전,0.98,0,0,1
35,1632149,27946942,44073458,577563,121710,0,2,대전,0.98,0,0,2
38,1573415,18374584,11990471,440960,149893,44913,1,경기,1.15,0,0,1
29,1498857,62414799,23144535,449654,122386,280062,1,충북,0.86,0,0,2
39,3524920,31935586,19234989,757173,99000,0,2,서울,1.35,0,0,0
22,2003092,5354764,40469581,537660,138935,456833,2,부산,1.02,0,23142200,2
25,1663226,32138370,22197832,561801,64461,0,3,부산,1.02,0,0,2
38,1609672,71658624,8452292,261456,144661,0,1,대구,0.93,1,0,0
22,4346799,11097982,3706797,459752,80799,0,1,전북,0.8,0,0,0
32,2560939,26469174,44697088,394062,28568,15756,1,충북,0.86,1,12177171,0
23,4443818,23818078,25878626,424512,131938,0,1,제주,1.04,0,25170408,0
25,2055167,15623446,20908425,343392,100744,0,1,대전,0.98,0,0,0
29,3434463,29742654,10197041,447675,150035,570898,1,경남,0.86,0,0,0
26,3776495,81124506,4976326,492750,153397,0,2,서울,1.35,0,0,0
37,2486663,30965134,22672579,373231,77483,0,1,세종,1.0,0,0,0
39,1247869,43556807,17063340,464781,160467,0,1,전남,0.78,1,0,2
29,870677,22107777,22453388,497300,42527,0,2,강원,0.84,1,16736907,2
30,2328615,35954052,36459710,407301,125190,0,1,경남,0.86,0,0,0
20,3578738,34350413,19875666,364739,161421,52026,1,대전,0.98,0,4130941,0
23,5832145,45839670,4272441,477181,84153,0,1,서울,1.35,0,8123866,0
19,5004115,15864344,22019221,223943,181079,0,1,전남,0.78,0,0,0
36,4052406,29057270,61241433,609947,120974,408173,2,경기,1.15,0,17703923,0
23,1549662,49468558,12436886,371720,120206,0,1,전남,0.78,1,0,1
26,2952914,18410643,12224423,341459,148708,194890,1,전북,0.8,0,0,0
36,1636686,14128012,11550696,387832,122674,221618,4,경북,0.82,0,4530016,2
33,823619,24569104,18064265,531707,65629,0,1,세종,1.0,1,0,2
32,2159581,52087514,19419935,232596,25000,0,2,경남,0.86,0,0,0
19,3905118,53838203,28637252,393258,79601,0,1,인천,1.08,0,0,0
30,4578947,44619385,9638328,512634,79624,166997,3,울산,0.94,0,0,0
30,4186513,63432377,11712992,520058,80566,0,1,인천,1.08,0,7166348,0
25,5071761,76045875,384683,515271,85020,0,1,전남,0.78,0,0,0
34,3146253,53933379,2523429,473419,25000,0,2,전북,0.8,0,19159671,0
38,1998669,28334433,10023163,245331,65449,0,2,전남,0.78,0,0,0
24,2985211,5795145,18312400,180000,126721,0,1,전북,0.8,0,19969480,0
25,2233258,8341506,11867793,468003,148035,0,1,대전,0.98,0,0,0
25,4047184,12874979,34657752,340469,89796,125414,1,경기,1.15,0,2354192,0
36,2613614,67916459,8205275,458777,133095,0,2,경남,0.86,0,0,0
20,2923475,12699190,10068280,667600,25000,0,2,세종,1.0,0,1030771,0
37,4109902,18372560,42791137,328752,124754,0,1,경기,1.15,0,0,0
35,2217701,23580621,19177322,458870,150384,116758,1,경남,0.86,0,0,1
29,4616568,28647622,34893847,546963,130928,0,1,제주,1.04,0,0,0
31,1708601,34382673,21745780,451504,109752,0,2,울산,0.94,0,40471177,1
37,1802354,42797134,14670712,385924,25000,46437,1,전남,0.78,1,22948805,0
35,2933086,23931194,30517775,302303,185866,507530,1,서울,1.35,0,0,0
24,4353145,52759599,6592568,538141,183233,0,4,경기,1.15,0,674624,0
20,1689041,22953263,1532364,433324,134991,0,1,대구,0.93,0,3847627,1
32,1579173,52201705,4475154,543006,155756,0,1,충남,0.87,0,0,2
22,4210834,25794432,3306815,631571,113833,0,1,인천,1.08,0,0,0
20,2578080,13850719,29579949,515318,146347,0,1,서울,1.35,0,0,0
39,2933208,24913435,32849521,180000,138512,709466,2,충남,0.87,0,15155013,0
28,2296645,14708860,4322503,180000,104940,0,1,전남,0.78,0,0,0
32,4516106,8887550,16688772,537806,78662,404865,1,전북,0.8,0,0,0
23,3468786,28375818,37499925,292416,137787,0,1,전남,0.78,0,0,0
21,1650926,9567598,25094489,180000,172914,0,1,전남,0.78,1,0,0
20,800000,6701210,20448163,190923,152388,0,1,충북,0.86,1,9390280,2
26,3784028,46777529,17429724,471527,123930,246290,1,세종,1.0,0,0,0
19,1990707,63360806,18295730,370627,117274,0,1,경북,0.82,0,0,0
27,2297827,15458430,19054094,651754,122805,0,1,대전,0.98,0,0,1
25,800000,183125627,17497980,499925,35325,55586,4,경기,1.15,1,0,2
30,2851453,49300108,5318954,419091,103875,0,1,전북,0.8,0,0,0
31,2493461,31068008,9287823,415652,102903,0,2,대구,0.93,1,0,0
25,3362284,3506157,21931221,562073,70623,514342,1,제주,1.04,0,0,0
28,2522268,40630836,33407925,622614,147581,464847,1,울산,0.94,0,1114148,1
20,3196558,8371115,4709877,504893,117905,0,3,경북,0.82,0,0,0
25,3188962,10389526,87572859,751715,28104,0,1,서울,1.35,0,2260934,1
39,3137892,53898229,2433062,477793,117360,0,2,충남,0.87,0,0,0
39,3291671,103075764,7207518,215431,155355,0,1,울산,0.94,0,32982294,0
29,1950224,33893296,20481350,295738,89827,0,1,울산,0.94,0,131037,0
38,3192975,63210096,26260212,503273,74593,129476,1,대구,0.93,0,6541903,0
29,1433881,96540568,10535968,438316,67761,240730,1,제주,1.04,0,0,2
21,3906570,5008357,16246739,400330,113513,457097,1,광주,0.91,0,8161292,0
37,1898301,51730643,12460240,254849,82626,0,1,경북,0.82,0,2150429,0
27,5060719,68164831,12231101,616005,59211,0,1,울산,0.94,0,0,0
31,1065762,62058912,10194154,823912,176404,179078,1,서울,1.35,0,0,2
32,6266038,70028932,17540008,324668,115175,0,2,경북,0.82,0,0,0
25,1507235,16873642,22728994,411165,94095,288044,1,부산,1.02,0,14667540,2
34,1820607,39878058,16137105,581849,169041,0,2,대구,0.93,0,17152099,1
29,1788740,69092760,24752704,484542,117641,0,1,경북,0.82,1,0,1
26,3979631,41320793,18359074,180000,104202,0,1,경남,0.86,0,18665943,0
25,2700092,8062300,7629135,482961,116550,148910,1,경남,0.86,0,670118,0
34,4477040,14965881,45562435,431277,92178,0,3,울산,0.94,0,0,0
24,2165439,58995777,20552531,366261,102714,0,1,전북,0.8,0,0,0
21,2568377,789218,13118885,319822,132003,101542,3,대전,0.98,0,0,1
37,2678476,47870258,9376867,244524,166446,0,1,전북,0.8,0,13765484,0
25,2419670,47885426,11548649,180000,92780,0,1,세종,1.0,0,0,0
32,1327696,42461727,8392007,531617,141677,232125,2,서울,1.35,0,19648856,2
34,3017820,54101821,9127573,180000,59058,0,3,울산,0.94,0,0,0
36,2902837,52359365,18280563,337703,128385,133198,1,울산,0.94,0,0,0
32,4848940,6148094,24492082,449755,173589,0,3,대구,0.93,0,0,0
33,1754503,7453923,40336644,201492,110844,198123,1,광주,0.91,0,0,0
36,2316822,22392494,13597051,626695,91790,266021,2,세종,1.0,0,446140,2
38,5117381,44897473,28213958,850588,101095,77738,1,서울,1.35,0,0,0
19,3459956,32583798,22187306,501866,130699,352272,1,인천,1.08,0,1527009,0
34,1743366,17243681,7496472,436010,109266,549369,1,전남,0.78,1,4230860,2
22,3706611,68003393,24016236,201280,97400,0,2,대전,0.98,0,0,0
37,3713692,118712058,3892059,422343,131791,0,1,충북,0.86,0,2440327,0
20,6673825,47296496,13413435,182301,77757,0,1,강원,0.84,0,0,0
24,3172450,32086313,11324426,180000,138757,0,1,강원,0.84,0,0,0
23,1974399,35975556,9636803,254503,99655,373459,2,울산,0.94,0,0,1
31,4014146,19961329,22270156,411302,135061,0,1,세종,1.0,0,0,0
19,2390552,6862203,36477708,317895,137431,0,1,경북,0.82,0,1526464,0
19,2909173,53372244,34340143,420594,44894,0,1,제주,1.04,0,0,0
29,3576267,52147686,18762903,248095,107981,0,1,대구,0.93,0,0,0
39,2142470,65512392,27139704,377093,55625,213179,1,충남,0.87,0,10088947,0
30,1213958,37623043,56227120,299338,52296,0,1,제주,1.04,1,0,2
28,3742510,9455711,12151092,631218,111490,469091,2,서울,1.35,0,0,0
32,2409030,14132071,12375927,313704,117909,0,1,전남,0.78,0,0,0
30,4635283,15958413,24064561,185732,57930,0,1,세종,1.0,0,0,0
27,1995897,78172133,26552297,351947,122376,0,1,제주,1.04,0,0,0
31,1993010,9987146,11483114,448754,77878,0,1,강원,0.84,0,0,0
19,6922283,22491293,16782115,470091,110417,246807,1,경북,0.82,0,34489511,0
24,1579557,15536069,15448628,315039,202291,100282,2,인천,1.08,0,2492176,2
33,3015162,13868864,18070354,373722,102653,0,1,인천,1.08,0,4791069,0
26,6761736,39287512,2705482,339221,69077,0,1,경남,0.86,0,0,0
20,3012732,76751555,44441426,552605,111373,0,4,세종,1.0,0,5758729,1
21,5442579,24271861,2030324,454684,101826,77721,1,강원,0.84,0,0,0
37,4037823,11694401,11872803,314623,101665,0,1,인천,1.08,0,7565273,0
25,3040569,19872398,26873661,500148,113639,0,1,부산,1.02,0,1554779,0
19,2883383,14661836,28044560,490205,100691,0,1,전남,0.78,0,0,0
34,1226096,24328190,13845094,466277,68242,0,2,대전,0.98,0,0,2
30,2658929,26440190,24132319,249149,137333,0,2,강원,0.84,0,9266051,0
28,3370279,87649579,15789430,548262,157533,140679,1,대전,0.98,0,10324582,0
37,3369474,40754300,20424818,427351,97436,692939,1,대구,0.93,0,0,0
25,8806243,36367791,12409656,452797,126034,0,1,인천,1.08,0,3806573,0
31,3441659,17889096,22936335,485778,37325,477754,1,경남,0.86,0,0,0
34,2202241,61778112,4752744,395593,108278,0,1,경남,0.86,1,0,0
31,5033300,63451539,72888464,427482,182620,226907,1,경기,1.15,0,0,0
23,3848014,41972992,8886227,528720,138020,108010,1,광주,0.91,0,0,0
33,2939209,46923809,5204460,318321,113871,590322,2,강원,0.84,0,0,0
34,2945360,14223402,15485199,245270,108471,0,2,광주,0.91,0,0,0
21,2623109,34904189,10348431,402317,97136,1207747,1,전북,0.8,0,0,1
22,3691941,71731047,40887530,577763,125152,0,1,대구,0.93,0,559481,0
33,2834608,39547849,64598691,180000,151295,0,1,경기,1.15,0,0,0
21,3990291,46811405,9871717,542826,94003,0,1,대전,0.98,0,0,0
37,1976315,28532671,20638368,373810,135209,0,1,충북,0.86,0,0,0
21,3248802,13288695,22528937,368992,84141,0,1,부산,1.02,0,0,0
39,5944881,23656753,18254059,248313,91860,234065,3,전남,0.78,0,0,0
33,2769186,69258780,10252770,738970,80797,0,1,서울,1.35,0,0,1
28,2540849,27383857,8488484,617854,120910,0,1,경기,1.15,1,0,1
24,3272389,57463572,18419353,298678,114922,20116,1,세종,1.0,0,0,0
26,2976783,18966346,22559980,472772,125878,258490,1,세종,1.0,0,0,0
34,3206845,68958240,4812378,637681,122360,148032,1,대전,0.98,0,0,0
34,2667734,37282563,10307455,513729,135770,0,1,대구,0.93,0,2562352,0
23,1301481,19233247,17687378,285267,188271,0,2,경기,1.15,0,0,2
30,4453173,22562823,32366272,441088,134793,0,2,충남,0.87,0,0,0
39,7830358,56317013,27744168,212130,40957,294750,3,광주,0.91,0,0,0
24,3749889,36206073,46674464,457695,105082,0,1,인천,1.08,0,0,0
33,3849370,57022869,15427709,300537,108787,0,1,광주,0.91,0,0,0
22,2819689,71003491,10491154,440702,53458,0,1,경남,0.86,0,0,0
36,5017797,31649774,38443281,281333,139512,0,1,대구,0.93,0,716155,0
22,2998928,42560688,14177355,238838,171520,0,1,경남,0.86,0,0,0
25,3421388,24834272,24682490,437652,80129,0,2,대구,0.93,0,0,0
28,1555969,19557217,2270462,491118,156651,0,1,부산,1.02,0,2206130,1
26,2429109,38651828,14810380,522840,148025,58372,1,대구,0.93,0,2791188,0
22,3571921,5692900,16339268,361238,121158,0,1,대전,0.98,0,0,0
32,4505247,60466564,17619654,273264,142832,0,1,인천,1.08,0,0,0
19,4559284,33363027,15269000,460109,81722,0,1,강원,0.84,0,0,0
39,1546654,20428939,39646535,588532,151841,375717,1,대전,0.98,0,7764700,2
20,800000,33995844,9061028,282591,151911,0,1,전북,0.8,1,0,2
26,3920897,5760997,30253708,484198,128698,0,1,세종,1.0,0,0,0
38,2212259,14291502,3981585,392951,121372,205136,3,울산,0.94,0,0,1
22,4480866,8117415,4813068,722711,84233,439537,1,세종,1.0,0,6881678,0
20,1513113,7184094,8429943,422270,146882,0,1,인천,1.08,0,0,1
34,2923628,32059171,7690643,356704,108100,0,1,전북,0.8,0,0,0
20,3005427,33864887,34530962,208820,110524,0,2,경기,1.15,0,11790713,0
37,1517369,151079700,14734247,563318,140646,94962,1,전북,0.8,1,15300717,2
28,1957646,65351364,3374338,410925,102775,528882,1,제주,1.04,0,5453031,1
37,1309222,15825367,15914109,524240,82908,0,1,전북,0.8,0,0,2
24,3283103,87647615,18654687,319620,148751,205860,1,울산,0.94,0,0,0
21,3824802,14069676,42331352,378009,58734,0,1,대전,0.98,0,0,0
39,4703690,51820448,7033784,267959,133516,239788,1,경북,0.82,0,0,0
35,2614216,34301196,27806150,263654,67371,0,1,대구,0.93,0,0,0
38,4257511,103750786,25248273,387511,48635,0,2,세종,1.0,0,19927061,0
25,3758516,58510006,4680008,339948,130158,0,1,전남,0.78,0,5408115,0
27,5385853,84754694,32373738,299912,120275,277129,1,경남,0.86,0,0,0
31,2978217,44432771,19299890,180000,86797,0,1,경남,0.86,0,0,0
28,1449596,19939116,43055607,505601,74850,0,1,경기,1.15,0,0,2
24,2962543,46748968,43956231,180000,120764,0,1,경남,0.86,0,4018410,0
26,3168237,71781296,8671225,480144,98916,0,1,경기,1.15,0,3666148,0
31,3811280,17621667,17806171,180000,136165,0,1,강원,0.84,0,3591401,0
19,1577889,37834829,3691513,519465,88762,0,4,경남,0.86,0,0,2
26,2667022,54016376,32358382,520227,94258,0,1,충남,0.87,0,0,0
25,2485289,16527138,3229991,563213,151691,0,2,제주,1.04,1,22489028,0
20,2916502,19495588,5402097,387124,75591,158696,2,대전,0.98,0,0,0
21,2674268,24583398,10456243,342716,60614,0,1,대전,0.98,0,0,0
29,6923088,41025025,16210683,398794,78841,103756,1,대전,0.98,0,0,0
21,1925219,27515581,28109108,372512,118485,0,1,광주,0.91,0,0,0
26,5183073,30770988,3047893,468874,176036,218123,4,충남,0.87,0,0,0
30,4731674,102370528,19688375,462040,116008,0,1,울산,0.94,0,2805054,0
37,2768540,32714591,8136919,180000,77087,133691,1,전북,0.8,0,0,0
21,3007168,78068235,15085982,505543,81667,0,1,울산,0.94,0,0,0
28,3002557,133569990,41326713,442402,125925,146313,2,대전,0.98,0,0,0
21,3298207,13045179,18536882,342341,51778,0,1,부산,1.02,0,8401047,0
28,2361953,60164148,21036110,228425,42623,0,1,강원,0.84,0,5307519,0
29,2537141,23253025,1824579,409418,115790,0,1,경남,0.86,0,0,0
35,2617959,66085276,7022828,397772,139005,0,1,경북,0.82,0,0,0
28,2654148,21953906,15479297,262013,142306,0,2,대구,0.93,0,396300,0
38,2668500,15466377,4471805,470264,124119,0,2,세종,1.0,0,29447882,0
21,1163679,50404568,2517121,429529,151034,0,1,충남,0.87,0,0,2
20,3180794,30695259,7554600,507194,102311,0,1,충북,0.86,0,0,0
19,2431067,73078391,19108944,493027,102047,0,2,경기,1.15,0,13143056,0
26,1366719,18783555,25396863,180000,107118,821309,1,충북,0.86,0,0,2
23,2623790,26391011,40022741,600486,130037,0,1,서울,1.35,0,0,1
20,2589151,16621494,17166342,283077,251479,0,1,경기,1.15,0,0,0
23,5277733,7780325,15985495,266980,102250,0,1,충남,0.87,0,4493899,0
39,2418803,51741123,4430694,350614,121571,0,3,경기,1.15,0,0,1
35,4064503,32392340,58270446,428212,172368,0,1,대전,0.98,0,0,0
19,5527584,3613357,39426007,190543,128323,0,1,충북,0.86,0,0,0
38,2328146,87448340,19209124,511153,50352,0,1,충남,0.87,0,3468832,0
23,2988339,29428468,12287052,264592,170847,0,1,울산,0.94,0,10961519,0
27,6413974,19302370,41748226,197700,126644,0,2,경기,1.15,0,0,0
25,3365583,51789003,46996607,239737,25000,0,1,전남,0.78,0,0,0
27,1704628,64364492,25431423,266299,98636,0,1,제주,1.04,1,700978,0
34,2560039,16060334,25732001,538194,83706,449136,1,경남,0.86,0,17211417,0
33,4098305,11686883,8399044,269983,90990,0,1,전북,0.8,0,2324220,0
31,2998449,23080690,4360428,576105,108788,0,1,광주,0.91,0,0,0
32,1387269,47138701,12585336,322707,133331,364590,1,경북,0.82,0,0,2
34,2617950,94440050,26794210,472534,156352,117524,2,세종,1.0,0,5031609,0
22,1117313,703678,4020806,429301,159388,0,2,인천,1.08,1,0,2
27,3200814,105405445,46546505,627186,164138,0,1,경북,0.82,0,0,0
21,2056285,31985192,24814972,263321,104557,0,1,대전,0.98,0,0,0
33,3746181,76670093,25598440,180000,35789,378651,1,경남,0.86,0,0,0
28,3109276,69653177,1898096,459600,25000,417002,1,광주,0.91,0,2196287,0
32,1783357,30538192,9174739,231436,135133,0,1,경북,0.82,0,0,0
30,2467857,23051810,15506362,396020,106379,275479,2,강원,0.84,0,935775,0
24,3982794,41177668,5485804,423117,163086,234080,3,울산,0.94,0,9009796,0
21,4996705,32667596,72133200,266504,127788,0,1,대전,0.98,0,0,0
39,2069073,24449541,35824985,269559,46640,0,2,경북,0.82,0,7223278,0
25,1902640,27271392,22144457,558103,94146,0,1,경기,1.15,0,0,1
21,2524830,20901138,30823242,340629,125662,0,1,울산,0.94,1,650694,0
25,1739106,29321986,11940217,386779,71049,0,1,광주,0.91,1,12191314,0
37,3172352,69433834,32324850,272643,161160,0,1,강원,0.84,0,0,0
24,868364,20754254,14377765,632490,95041,398117,1,대구,0.93,1,0,2
39,3345735,45494228,47181686,505487,97875,0,4,충남,0.87,0,0,0
28,6376585,27716374,8962498,213686,53868,0,1,광주,0.91,0,0,0
37,3402528,39502477,4646604,471844,183763,126569,1,부산,1.02,0,4979514,0
32,4821455,27590979,17189975,340213,105598,556776,1,부산,1.02,0,7317183,0
19,3088250,42114920,7844142,227458,119310,0,3,충남,0.87,0,4830198,0
29,1962161,6324909,22886521,180000,83411,266194,1,대구,0.93,0,0,0
27,2273567,43731006,7371835,404132,97746,0,2,대전,0.98,0,4645061,0
23,1886054,33577811,63446706,262772,119684,0,2,충북,0.86,0,0,1
30,3349429,34756842,24987479,601168,126739,605548,1,대전,0.98,0,0,0
21,5162463,47532191,11725339,549171,130185,711402,1,광주,0.91,0,0,0
33,2069356,11075032,45300979,426486,145848,0,1,대구,0.93,1,24454704,1
36,2671915,67916717,13311526,537587,135823,1600000,2,대전,0.98,0,15732056,2
20,2171887,22085419,11719413,503958,128230,0,1,충남,0.87,0,0,1
29,3553679,22849371,10489384,442794,85454,0,1,강원,0.84,0,0,0
32,1790947,18473715,27200674,629501,104982,320611,1,제주,1.04,0,3926374,1
20,1872881,13849925,9587199,180000,64196,0,1,전남,0.78,0,0,0
27,4491613,5948457,14491357,544064,102207,0,2,서울,1.35,0,4589660,0
24,2706660,29685511,3819764,336341,124962,0,2,광주,0.91,0,0,0
19,2683807,17320116,7526408,349857,124499,0,1,대구,0.93,0,0,0
35,2836138,64744684,26909605,328584,131673,0,1,강원,0.84,0,0,0
28,4167291,39473829,8491698,643062,161954,0,1,대구,0.93,0,0,0
34,3274967,41836047,20832657,574256,66914,141927,2,제주,1.04,0,0,0
31,2215807,26069321,2319059,621779,46218,299853,1,대전,0.98,0,8287621,1
37,2250364,31950340,30918468,406918,102796,180222,2,세종,1.0,0,1837886,1
39,2804552,89614755,91891557,334752,165373,216499,1,인천,1.08,0,13235067,0
31,3473268,23200815,4837679,474056,159388,174701,1,경남,0.86,0,0,0
26,3003782,1690666,6213094,451965,115870,24039,2,경남,0.86,0,12890895,0
27,2891024,23922444,10871733,406363,97178,0,1,전남,0.78,0,0,0
36,3111309,22273081,2913295,768632,120715,0,1,대전,0.98,0,0,0
27,3002860,24165872,8420174,699276,158912,0,1,서울,1.35,0,0,0
29,2180550,32585369,23631746,229566,80326,0,1,전북,0.8,0,0,0
23,4909507,10841078,16238133,319167,90696,0,3,울산,0.94,0,3915672,0
39,2478733,19425166,18036989,571788,116225,376733,2,제주,1.04,0,2169890,1
32,3224270,30099088,2052560,508521,148319,0,2,충남,0.87,0,0,0
25,1257590,75639811,3565362,520868,137716,0,1,강원,0.84,0,0,2
31,2780461,34472921,11797261,539064,43924,212150,1,제주,1.04,0,0,0
27,1900882,36059431,33931413,180000,136479,26872,2,전남,0.78,0,3975197,1
22,2002031,20234694,10189757,631930,110176,0,1,울산,0.94,0,0,1
37,8642411,53511857,27777697,768567,141979,365566,3,서울,1.35,0,0,0
37,3395455,55302074,10456830,470665,107754,307527,1,경기,1.15,0,0,0
36,5167201,74624956,16117052,463878,128157,0,1,울산,0.94,0,42993411,0
26,4405801,80201206,49538518,335668,110110,487414,1,강원,0.84,0,0,0
24,4654973,36176286,31515319,530766,100651,0,1,서울,1.35,0,42396112,0
20,2799780,66146530,14823354,325910,87209,613566,1,인천,1.08,0,6845232,0
34,6085412,57755933,24467248,444860,102439,0,1,충남,0.87,0,0,0
25,4389508,40964867,22002127,180000,62292,0,1,전북,0.8,0,0,0
37,3104695,35990224,34209965,495967,104206,238298,1,서울,1.35,0,16732882,0
37,3415610,8162074,11056187,682301,100744,0,1,세종,1.0,0,0,0
21,2875845,113289817,3982685,589936,151577,235721,1,경기,1.15,0,0,0
38,3119287,44845039,12230976,406934,130817,0,2,전북,0.8,0,10861163,0
21,2993350,18424048,5233557,336741,178489,0,1,경북,0.82,0,0,0
29,3593767,21875978,4572412,180000,49320,0,3,경북,0.82,0,0,0
28,3958137,49293925,17419197,430516,99938,52426,3,충북,0.86,1,14875064,0
39,1816478,15864115,14349181,447159,152070,0,1,충북,0.86,0,2370984,1
32,4984605,80204151,24149670,470359,118526,0,1,경남,0.86,0,2340415,0
37,2603354,43176123,21527012,314601,101289,312987,2,충북,0.86,0,0,0
31,3255417,20891047,25895766,342606,78044,0,1,울산,0.94,1,0,0
36,2642592,49296979,61592828,347984,131900,678124,2,전북,0.8,0,32071334,1
36,3642338,61848528,9595288,218078,115447,0,1,충북,0.86,0,0,0
37,2848631,20773777,19615840,461818,96208,0,1,경북,0.82,0,1286706,0
27,1449164,44669794,19837052,414642,147297,240196,1,세종,1.0,0,744638,2
27,6442403,22381472,1803820,421893,186384,12392,1,경북,0.82,0,18903258,0
39,2033498,26654099,20277753,911567,88604,342462,3,서울,1.35,0,7689218,2
34,3162020,27026612,7687809,584722,140113,0,1,서울,1.35,0,0,0
38,1939830,11639859,36667649,496972,120149,542267,3,경기,1.15,0,521966,2
31,808989,68320859,8806054,383875,131213,0,1,강원,0.84,1,7337927,2
38,2792724,31504237,6441149,180000,153818,0,2,전북,0.8,0,5178807,0
34,2362999,27401421,43018081,488817,162216,399504,2,부산,1.02,0,0,1
34,1845133,76639448,23534788,180000,96315,0,1,인천,1.08,0,0,0
22,3003882,38344353,21167138,451674,49991,306773,1,경북,0.82,0,3085729,0
30,1612719,18062342,16321226,254886,104323,0,2,전북,0.8,0,0,1
34,3219079,39472123,5435012,299997,106075,104132,2,충남,0.87,0,0,0
34,2887500,49206072,4081372,457872,25000,0,1,세종,1.0,0,0,0
39,1049766,38969763,24126621,221800,146139,358513,1,울산,0.94,0,0,2
25,2435627,93440592,52747630,529706,101323,0,2,서울,1.35,0,0,2
25,3730558,23408587,13830474,307945,110633,0,1,부산,1.02,0,6896964,0
39,1168764,40857682,34362919,180000,88942,0,1,경남,0.86,1,0,1
39,3800803,40987680,13459785,408229,104297,157914,1,대전,0.98,0,18101852,0
22,3673679,48210079,10063855,556966,153809,0,1,충남,0.87,0,0,0
26,1968991,13154362,16574532,478226,112091,0,2,충남,0.87,0,0,1
38,3033934,59258770,7389986,374627,185813,0,1,대전,0.98,0,0,0
23,4348747,121079501,29919427,406435,134458,48817,3,부산,1.02,0,21274450,0
35,2092334,11498340,36192231,274070,133689,422173,1,충남,0.87,0,0,0
21,2791679,12509531,7296364,366875,108153,115710,1,경기,1.15,0,0,0
22,5001533,5262960,10984612,309954,109899,641120,1,세종,1.0,0,0,0
35,2109308,8483429,35691772,379257,145056,0,1,경남,0.86,0,15719126,1
31,3715747,18979753,7152503,265250,149152,179345,2,전북,0.8,0,0,0
30,1917629,17152452,6863030,356147,116925,292658,1,전북,0.8,0,0,0
36,2846038,59515621,60865307,299238,134788,0,2,경기,1.15,0,0,0
25,3695937,67080703,62053741,480798,107540,564697,1,부산,1.02,0,0,0
29,1084582,37974148,19261785,490620,118160,620552,1,대구,0.93,0,0,2
31,2423912,66960439,17999752,616646,113513,454470,1,대구,0.93,0,0,1
34,3668395,57571080,63470521,555317,113822,0,2,부산,1.02,0,491807,0
25,3361054,16694600,44897122,288053,147944,0,1,제주,1.04,0,5832553,0
32,2436394,41226374,68762658,274610,112008,0,1,인천,1.08,0,0,0
28,1896806,12419593,8197294,409499,85582,0,1,전북,0.8,0,0,0
30,1635582,31524173,10749433,256872,99051,87861,1,강원,0.84,1,0,0
37,2655165,37748638,1666418,433125,98900,63519,1,충북,0.86,0,11966008,0
27,3856041,45222153,2526363,428366,127874,0,1,부산,1.02,0,0,0
33,1949501,90532998,2929809,579365,92026,403703,3,대전,0.98,1,9694738,2
38,2516205,13057234,11281230,512632,148309,0,1,충북,0.86,0,2043766,0
35,4837234,34006354,7425128,406614,102133,704111,1,대전,0.98,0,16142615,0
39,2362221,83255181,17715224,180000,164061,0,1,충남,0.87,0,0,0
31,5088773,17678139,12964230,748861,120611,0,2,서울,1.35,0,0,0
24,5383277,11163119,55874067,363016,133791,80343,1,경기,1.15,0,3322918,0
39,4790769,62361874,5566932,363367,142380,786096,1,전북,0.8,0,0,0
32,2822154,48033433,3480427,379827,151746,0,2,충북,0.86,0,0,0
24,9000000,5323088,59288597,585566,141648,0,1,서울,1.35,0,8675336,0
25,3255789,17381944,6047527,309897,200678,0,1,경남,0.86,0,4207148,0
24,3383112,9402441,41720403,412556,119821,396320,1,서울,1.35,0,0,0
36,3021203,17324419,20774997,473942,60063,170539,1,제주,1.04,0,0,0
20,1876376,39206144,31400148,434197,106385,0,2,전북,0.8,0,0,1
34,5322926,47621611,54668264,379231,140697,102947,2,제주,1.04,0,549080,0
30,2384544,32617315,22304084,433838,128801,0,2,제주,1.04,0,9658609,0
20,4529331,7626888,21486852,263892,75923,0,2,대전,0.98,0,0,0
31,5021604,14256111,653053,444289,95770,107627,2,전북,0.8,0,3761050,0
34,3953376,45886542,18965954,526317,84101,321682,1,부산,1.02,0,0,0
34,2265045,13614377,11179536,436515,88757,0,1,세종,1.0,0,0,0
30,1292802,7118704,25989721,261380,107188,0,1,대구,0.93,1,0,1
26,964639,18884430,30989551,428365,128333,0,3,세종,1.0,0,14699146,2
22,2901014,27096073,3817104,401306,82530,0,3,경북,0.82,0,0,0
19,4307282,4226625,14201909,412125,88476,379456,2,울산,0.94,0,0,0
26,2753890,39334688,53245812,303760,140176,0,1,경기,1.15,0,0,0
32,2366488,28796945,30469626,443046,81586,77193,1,대전,0.98,0,0,0
19,2683469,8840511,18465621,357168,75609,72618,2,전남,0.78,0,22019621,0
39,5143578,42574076,26484592,481509,188943,0,1,세종,1.0,0,0,0
31,2979526,5897513,503124,375548,90043,0,1,강원,0.84,0,0,0
25,6780464,19960311,16490833,587045,46791,412989,1,울산,0.94,0,0,0
39,2386257,35221676,8614266,422200,67065,17622,1,대구,0.93,0,0,0
22,3348630,27371109,45007937,516013,39161,1192698,1,충북,0.86,0,0,0
39,2531416,46498669,66004818,322079,166653,0,3,충북,0.86,0,0,1
24,7442232,48603148,8104685,234050,106390,0,2,경남,0.86,0,7944063,0
26,3295029,28164841,49500394,432884,72485,0,1,충북,0.86,0,3552682,0
27,7615718,7216450,30670947,387493,132519,188868,1,제주,1.04,0,946733,0
39,2545906,18210504,529466,324546,167970,0,2,경북,0.82,0,14878402,0
24,5882611,4196980,54166607,588560,109313,0,1,경기,1.15,0,0,0
39,3208755,114978805,35360521,198917,167175,0,1,광주,0.91,0,2413630,0
26,4370614,94187477,16035929,180000,98253,0,1,광주,0.91,0,0,0
24,1805190,5695113,39833227,537202,78519,0,1,서울,1.35,0,0,1
32,3542950,58190123,32912253,464145,175788,107541,1,부산,1.02,0,0,0
33,1925951,44179238,41682592,422260,82356,0,2,전북,0.8,0,1752024,1
26,3406526,64965464,51824910,392052,91770,0,1,대전,0.98,0,0,0
21,1587617,11696423,13039821,181591,150128,0,1,인천,1.08,0,0,0
27,2929073,39466653,7763809,292818,111702,161353,1,대구,0.93,0,2101502,0
30,4885418,16857769,8597196,252429,106598,258713,4,대구,0.93,0,2498501,0
19,3859701,9006878,8772225,238186,104852,109097,1,인천,1.08,0,0,0
20,1794171,28912226,14471617,492927,91986,267045,1,경기,1.15,0,0,1
38,1348288,54955781,10445604,427215,113932,509852,1,전북,0.8,0,0,2
19,1751439,44076495,6096391,506150,125099,0,3,경북,0.82,1,4228929,2
27,6019818,61499715,15193384,511187,104186,0,2,세종,1.0,0,0,0
35,2015052,17935000,40252274,260431,128750,0,1,충북,0.86,0,0,0
25,7515934,93036796,15916576,523260,123348,384953,1,경남,0.86,0,0,0
29,3041496,30294442,3821447,350502,121597,0,1,경북,0.82,0,4126031,0
20,1313773,8493421,13242121,620151,109756,53984,2,서울,1.35,0,19529920,2
35,1558873,59436546,65175327,288596,99879,483286,2,제주,1.04,0,4570589,2
32,4247029,32369593,51742867,419457,128269,0,3,경기,1.15,0,0,0
36,3224751,24096267,10122657,560432,77714,431739,1,서울,1.35,0,0,0
37,5768988,33937534,47773822,180000,211507,0,1,광주,0.91,0,0,0
26,1822024,5114883,26433625,417062,25000,0,1,전북,0.8,0,0,0
19,3209433,79734381,67495419,448394,95669,0,2,경기,1.15,0,0,0
26,3058880,43007716,2613119,539968,128455,297077,1,대구,0.93,0,4817795,0
22,1093800,28270679,9579033,325780,136007,353703,1,대구,0.93,1,0,2
30,2587315,25863476,31603846,469212,80457,0,2,광주,0.91,0,14092364,0
22,2609558,60496241,26628598,231747,90121,0,1,제주,1.04,0,0,0
38,3287868,89705013,53808886,442219,113307,0,2,대전,0.98,0,2280838,0
31,3473808,12814623,40385152,501978,64906,79599,1,부산,1.02,0,0,0
24,3399906,28237693,2651038,362896,71680,217606,1,인천,1.08,0,3782532,0
38,5122877,41965745,29354810,580258,143122,0,1,부산,1.02,0,1106932,0
35,1819555,68419251,44951400,641578,142359,0,1,인천,1.08,0,0,2
28,1399504,48086506,5135922,308466,108889,0,2,강원,0.84,0,0,2
22,4722964,37550490,19279359,604694,137623,469175,1,울산,0.94,0,7771371,0
26,2032824,27621137,7082154,228230,115264,178099,1,세종,1.0,0,1402603,0
31,2590801,11051060,20095810,332841,80949,0,1,경북,0.82,0,0,0
35,1109447,39885129,12521123,180000,67934,183389,1,강원,0.84,1,0,2
24,2322702,21339792,19771945,599490,135619,0,4,인천,1.08,0,0,2
34,1629198,12474214,37903035,180000,86411,803681,2,광주,0.91,0,5883561,2
24,2387495,83226561,11616777,180000,139874,0,1,대전,0.98,0,0,0
24,4032369,27871536,11067056,402001,97347,0,1,경북,0.82,0,31407940,0
28,3044848,49015539,14102799,576523,157034,0,1,대전,0.98,0,0,0
22,3788915,22210544,24289753,411701,80281,57685,1,인천,1.08,0,0,0
27,2464099,11574308,9688726,377930,67733,37842,1,전북,0.8,0,26617430,0
26,4496797,48773666,7997062,666062,117893,0,1,울산,0.94,0,6692688,0
24,901382,87282440,40563152,343201,103115,0,1,경기,1.15,1,0,2
35,800000,67041137,11676684,256556,114307,0,2,충남,0.87,1,0,2
25,3494848,39515724,16891209,597244,109882,0,1,부산,1.02,0,9032083,0
33,4242349,26751795,25007183,373172,90002,0,2,경북,0.82,0,0,0
34,2398081,38941089,8804068,562786,98643,0,3,경북,0.82,0,0,1
32,3026392,53973968,4065009,245865,33383,192657,1,광주,0.91,1,0,0
24,2115612,19970828,43163478,180000,160629,0,1,강원,0.84,0,273598,0
36,4069638,56206000,21273976,180000,86025,0,2,강원,0.84,0,2190228,0
23,6458488,23073707,15788236,477467,124384,0,1,충남,0.87,0,0,0
24,3098555,2196249,22610707,664137,42490,0,1,경기,1.15,0,17623129,0
37,2766973,16069941,58118167,506342,80509,285052,1,대전,0.98,0,0,0
26,2914513,25857905,33318374,525938,122506,611174,2,인천,1.08,0,3372302,1
33,6142972,38038725,429497,577300,172362,220829,2,충남,0.87,0,0,0
19,3626754,55136555,20528601,423603,130752,0,2,경기,1.15,0,0,0
31,7668713,37711117,19729614,180000,131217,0,1,세종,1.0,0,0,0
37,3439134,16336082,14589461,180000,90146,111313,1,전북,0.8,0,0,0
33,894684,53316657,1966780,289272,112116,0,2,제주,1.04,1,0,2
31,2373187,28189848,5324850,180000,103205,620815,2,대구,0.93,0,0,1
36,3131878,17128428,3659894,444608,130107,0,1,서울,1.35,0,0,0
25,1267914,47081332,52944219,180000,150662,673636,4,전북,0.8,0,0,2
26,2486549,53296320,24984917,673941,107060,0,2,서울,1.35,0,13361382,1
20,2510391,31238174,24364219,538811,115838,0,1,경기,1.15,0,2161643,0
33,3381269,45759512,15988111,665265,98725,323513,1,제주,1.04,0,3852186,0
34,7029555,40049747,6108519,207667,98583,430500,1,경북,0.82,0,28648245,0
34,3122746,48660383,6795386,414820,146915,0,2,전북,0.8,0,0,0
34,1334288,31487011,54460909,470486,123349,297118,1,경북,0.82,0,0,2
21,2058878,1888778,18115520,440733,126082,0,1,경기,1.15,0,14085214,1
32,3414139,19339388,12091862,459840,110528,209983,1,경기,1.15,0,0,0
35,3174434,22509551,39148842,580581,80993,347079,2,대전,0.98,0,0,0
23,3194617,20781382,18347059,555265,143726,0,2,서울,1.35,1,4328995,0
29,4608834,28160730,3987821,590907,137953,94742,2,경남,0.86,0,18522470,0
38,4549836,85823624,9810425,417822,150225,33621,1,서울,1.35,0,0,0
27,2778120,29553394,33321151,556739,107638,0,1,강원,0.84,0,0,0
34,4892795,42709696,9170512,539562,80515,382250,1,경북,0.82,0,1909110,0
30,2074862,27090104,18244054,215872,129729,369107,1,전북,0.8,0,0,0
32,4625147,34143672,15992378,410603,149953,478480,1,부산,1.02,0,5957084,0
32,2701214,42243607,30521342,222369,139770,0,4,울산,0.94,0,2936571,1
32,1636409,62839428,11555920,308522,80890,0,1,강원,0.84,0,0,0
35,3936269,70142053,6722552,180000,120068,75242,1,전남,0.78,0,0,0
37,5562710,13869832,6653270,190173,42313,169205,1,울산,0.94,0,0,0
25,2560757,14162478,32478440,212610,157086,196700,2,대구,0.93,0,3010017,0
38,5972282,27014115,8223193,492594,112883,0,1,전남,0.78,0,6006026,0
32,1496437,60160881,18703815,180000,115650,363152,1,경남,0.86,0,0,1
31,1823067,39387003,44565662,579562,165966,198295,1,세종,1.0,0,0,2
25,2863514,23791628,24678909,716009,98939,0,1,서울,1.35,0,0,1
27,2600524,9617080,24898107,605523,116052,0,1,세종,1.0,0,3619031,1
32,2289364,51683837,9258019,434999,78733,191660,1,경남,0.86,0,0,0
26,3230455,62515532,14255890,687200,60477,0,2,제주,1.04,0,0,0
25,2429894,12165291,41323140,180000,119779,0,1,광주,0.91,0,0,0
36,2613741,9645931,34716516,633308,121916,105800,1,인천,1.08,0,0,0
27,3437912,26924205,12754690,783712,34153,93372,1,강원,0.84,0,1367348,0
32,2288967,33489174,15151453,324068,133564,224571,1,경북,0.82,0,12591383,0
19,2914079,74524208,15145137,455581,111406,0,1,제주,1.04,0,22602407,0
20,2310721,15907178,39524747,442917,146030,0,1,서울,1.35,0,0,1
36,1816161,22893858,9485969,429936,118689,0,4,대구,0.93,0,0,2
21,4235636,12956525,29238152,445425,148601,0,4,세종,1.0,0,0,0
35,2306649,13046793,66312278,180000,155913,0,1,경기,1.15,1,17639328,0
37,4820644,33945544,17338146,457349,115894,456508,1,경남,0.86,0,7180969,0
29,3517602,52817934,5832662,680380,147600,0,2,경기,1.15,0,15309051,0
37,2314710,60155495,14089952,265989,140023,0,2,충남,0.87,0,0,0
27,2695993,11091869,46622830,267645,67558,371114,1,경남,0.86,0,0,0
38,4805018,69430418,15996770,496213,78243,534219,1,충남,0.87,0,0,0
23,1143510,27847323,5161880,241782,72243,0,1,전북,0.8,0,0,1
27,2608929,48556591,14473735,512835,133694,0,4,대구,0.93,0,0,1
27,4182091,61004565,39387905,357060,83281,285650,1,경북,0.82,0,20635561,0
35,1200016,25184046,9633945,740632,39548,431249,1,울산,0.94,1,7801462,2
19,3659032,27343061,55993324,428006,79990,0,1,경기,1.15,0,0,0
36,2176580,30668821,13221235,333160,96630,116868,1,광주,0.91,1,0,0
19,1631955,29429892,85045890,349385,127648,0,2,대전,0.98,0,0,2
25,3166232,22787472,11241687,466504,157247,288798,1,세종,1.0,0,0,0
31,2338805,39075377,7417277,644804,143793,0,3,대구,0.93,0,0,1
22,3647580,1716300,692525,653850,116914,159279,2,울산,0.94,0,0,0
29,4067997,20278167,15704372,316611,81738,28907,1,울산,0.94,0,0,0
39,3620765,38810150,13930500,410969,41405,0,2,대전,0.98,0,0,0
36,3146706,54938225,46889771,235414,92094,57944,2,충남,0.87,0,2602499,0
19,3453390,1753280,34904921,283576,101535,0,1,대전,0.98,0,5821978,0
31,1839389,62567237,36688571,180000,110662,416494,1,전남,0.78,0,0,1
31,1884803,33501269,36799765,602533,141779,17518,2,대구,0.93,1,0,2
20,2165505,55933676,14153568,270844,131537,0,1,경북,0.82,0,11952512,0
32,4752654,40720380,170607033,180000,113291,0,1,광주,0.91,0,0,0
29,4091591,74726749,21589475,971769,105752,0,1,서울,1.35,0,0,0
33,4086603,41346636,26831484,375560,60457,74518,1,인천,1.08,0,0,0
25,6372188,5635194,51997360,253489,79142,0,1,전남,0.78,0,2701776,0
24,2646535,43336306,29941348,370565,74272,0,1,경북,0.82,0,13419604,0
34,2408655,39388320,20578085,490059,203182,0,1,부산,1.02,0,5004364,1
34,2619785,21552135,24401166,279197,178740,0,1,충북,0.86,0,3943185,0
22,1531396,30807349,8500582,531992,64421,0,2,강원,0.84,0,1770528,2
23,1584075,37906436,13905761,505640,127507,0,1,인천,1.08,0,0,2
31,3983719,38555742,23292994,417367,63396,0,3,울산,0.94,0,0,0
36,1674026,16021447,5653021,308335,116968,198575,2,충남,0.87,0,0,1
23,1921160,75483160,9705873,454671,95709,0,1,제주,1.04,0,0,1
23,2919470,48215200,1754878,514003,103073,0,1,경북,0.82,0,0,0
35,2554570,30273082,20576068,637551,152102,0,1,경기,1.15,0,1622673,1
33,4463674,23778126,18694639,347390,123495,0,2,대구,0.93,0,718553,0
37,1438144,78779846,38405760,272019,141127,0,1,울산,0.94,1,0,1
35,1223983,37630177,8493910,611761,131350,34961,1,인천,1.08,1,0,2
39,4631792,18315479,10898582,416950,82847,114126,1,강원,0.84,0,2496799,0
22,4172527,72274421,44827878,676666,73811,0,1,서울,1.35,0,0,0
24,1662660,17917436,43652900,335487,104818,0,2,경기,1.15,0,0,1
23,3399459,6651989,49402582,547618,109152,512855,2,서울,1.35,0,6259226,0
20,1064200,32450079,8387460,565051,93264,0,1,대전,0.98,1,0,2
35,843389,26489244,2276107,275995,82942,177316,1,전북,0.8,1,18198562,2
32,3672339,30809141,20131708,699957,114770,0,1,부산,1.02,1,0,0
20,3217415,36595412,18028793,678232,159124,0,1,제주,1.04,0,0,0
23,2777636,417025,19446721,376521,36961,0,1,대구,0.93,0,0,0
23,3163473,29271207,32356025,552938,76201,0,1,서울,1.35,0,677421,0
27,4441823,63360210,26734886,458509,120708,0,2,대전,0.98,0,26460909,0
28,2255680,10567016,22005018,361538,42591,0,1,전북,0.8,0,0,0
25,2427534,2304729,15242253,678560,64783,466216,2,경기,1.15,0,0,1
38,4045116,57185210,17508818,391823,189346,0,1,경기,1.15,0,0,0
23,1588983,28159710,9314476,252086,127722,0,1,경북,0.82,0,5900285,0
30,4670067,42236702,29221613,391106,202349,0,1,충북,0.86,0,32564142,0
28,1529459,21252124,6260557,516774,51780,0,1,대전,0.98,0,0,1
27,2744124,34997141,50713492,284942,180571,0,1,전북,0.8,0,16871238,0
36,1533639,80402812,14534114,481586,62138,216760,4,경북,0.82,0,0,2
39,1936638,51369181,15975485,585135,141355,211678,2,광주,0.91,0,15908542,2
19,5328865,8391835,12524015,474373,32296,0,2,강원,0.84,0,21093833,0
28,4779130,60801811,47049502,604631,129868,563562,1,서울,1.35,0,1236414,0
21,5003863,24828489,18752755,399485,124193,0,1,대전,0.98,0,0,0
28,1635709,3543649,10286790,396840,93226,0,1,충북,0.86,0,0,1
31,1940969,18118122,34226664,236769,63705,171229,3,부산,1.02,0,0,1
27,3529961,10942681,10443523,310455,103058,0,2,제주,1.04,0,14729838,0
25,4148422,24246664,36859474,596066,121277,35423,1,제주,1.04,0,0,0
25,2162685,59411056,3651926,667630,70167,180223,3,대구,0.93,0,0,2
25,2377871,48229933,43106090,180000,102786,0,1,광주,0.91,0,0,0
25,1875100,15753953,9815489,536492,110217,0,1,부산,1.02,0,0,1
26,6222595,38657418,5388246,255022,127815,0,1,세종,1.0,0,728833,0
33,2486586,24592529,15196182,704242,58024,0,1,인천,1.08,0,0,1
21,3091317,20424636,11259787,406307,89197,0,3,광주,0.91,0,0,0
19,3161697,33834056,20269406,700444,114643,0,2,강원,0.84,0,0,1
29,4906488,9842349,4359260,310845,95006,254991,1,충북,0.86,0,0,0
33,2025023,29710641,20250430,300959,70476,0,1,충북,0.86,0,0,0
24,5040442,22292526,14211202,509185,145193,54324,1,부산,1.02,0,0,0
23,1759961,13272566,14866486,463327,141067,0,1,전남,0.78,0,0,1
32,5034938,42951821,5523126,509028,135506,105496,1,충남,0.87,0,0,0
27,1458725,40220225,14438728,482944,94787,0,1,전북,0.8,0,0,1
34,2915912,18090193,9208636,395634,103474,0,1,울산,0.94,0,5143269,0
22,6135427,7072543,2762409,532549,152617,0,1,경남,0.86,0,0,0
21,4116329,25053761,26573949,682703,138078,80924,1,광주,0.91,0,0,0
30,3655657,18080804,6384327,463911,151402,570361,3,전남,0.78,0,0,0
27,967978,21348509,24097992,328005,115374,0,1,부산,1.02,1,7152646,2
34,1243471,5726889,7723678,481609,131789,0,1,대구,0.93,1,0,2
29,5437024,26589033,17603106,180000,135244,0,1,세종,1.0,0,0,0
26,3736867,20063744,67253815,375287,158977,0,1,강원,0.84,0,0,0
22,1639480,7686932,31882090,180000,27820,277724,1,전북,0.8,1,0,0
22,3148332,45739936,57517036,459790,115859,0,1,대전,0.98,0,0,0
34,2702013,25833400,34060469,322052,141406,0,2,경북,0.82,0,3750912,0
23,4241030,27636613,16837482,567624,152747,0,2,대전,0.98,0,13232660,0
29,3409833,48953530,29284720,351566,92635,0,1,강원,0.84,0,0,0
36,2835048,51687833,13192635,572568,122565,1262399,1,경남,0.86,0,17363750,1
37,1660500,14688041,4211195,464928,134221,7229,3,강원,0.84,0,0,2
24,2593946,28710320,18800039,525660,153047,0,1,충남,0.87,1,5510363,1
21,3685304,13065410,3042337,347176,121373,161235,1,경남,0.86,0,10763073,0
35,2350079,61813220,15457988,403562,121884,156232,1,제주,1.04,0,0,0
33,5064322,93791360,44206011,206683,102524,168598,1,세종,1.0,0,0,0
25,3387123,61498434,35817474,227339,149928,0,1,울산,0.94,0,0,0
31,3415771,50480937,15341630,466406,155967,900318,1,부산,1.02,0,12091457,0
22,4460303,24039907,49134280,320117,145005,0,1,강원,0.84,0,0,0
33,4066105,57731966,22606092,420045,134886,0,1,경남,0.86,0,0,0
34,3460530,11396332,30488153,325150,120577,145038,1,세종,1.0,0,4140688,0
25,2812433,15599307,12106296,462997,91000,0,2,대전,0.98,0,0,0
28,7157188,39983863,39230595,655598,89388,0,1,경기,1.15,0,0,0
26,2224667,23148447,14508158,461601,146064,0,1,광주,0.91,0,0,0
19,4203466,8980161,6636835,431229,150101,0,1,대구,0.93,0,3222598,0
21,2941978,36945644,27525080,480631,121473,0,1,제주,1.04,0,9008046,0
39,3708652,76610302,18165124,607057,120563,158933,1,세종,1.0,0,0,0
28,5183672,67866801,18492772,499663,121225,0,1,인천,1.08,0,24932904,0
22,2667556,14730735,32559130,415041,157249,0,1,경기,1.15,0,0,0
19,3950852,78232764,3002245,311531,134518,428711,1,경북,0.82,0,0,0
26,3418942,19165218,8933602,315556,93848,0,2,경남,0.86,0,6796845,0
39,2314936,43572235,19145428,266612,125415,0,2,전북,0.8,0,0,0
27,5238966,55755118,6973503,602354,58355,0,1,인천,1.08,0,0,0
39,4141062,39938164,10159237,752807,93688,184479,1,경기,1.15,0,0,0
29,2530167,13436600,34714698,365226,51222,0,2,부산,1.02,0,1573044,0
35,4902214,26808830,4073535,247282,77614,0,1,전북,0.8,0,2823560,0
35,2133217,64286503,31008237,180000,80424,0,2,전남,0.78,0,0,0
19,3012288,17183624,23612019,578328,35134,0,1,경북,0.82,0,0,0
19,2535968,24125771,35695873,610290,156334,0,1,경기,1.15,0,11546111,1
38,4213130,35225262,6289640,404971,95954,0,2,인천,1.08,0,0,0
38,2481536,48108933,35186695,363322,97615,0,1,경남,0.86,0,924573,0
21,4226141,51072486,18095372,562840,78785,29132,1,경남,0.86,0,0,0
32,3938341,38279649,47455735,286727,127394,0,1,전북,0.8,0,0,0
38,2595514,33667721,33718364,599635,163627,649987,1,경기,1.15,0,0,1
38,6698745,42838207,19467777,486329,133594,514169,2,경기,1.15,0,0,0
25,2213756,18764190,5431448,585381,131880,2717,2,서울,1.35,0,4302978,1
36,1664069,95800991,21518754,180000,40034,297168,1,충남,0.87,0,0,0
32,4407309,28743461,30430610,279050,104492,323235,1,경북,0.82,0,3084110,0
38,1210334,68674447,28933733,282636,131573,0,1,충북,0.86,0,5153153,1
22,5792841,60058049,6364629,496536,152431,0,1,대구,0.93,0,0,0
31,3186413,38168610,46001792,331512,128829,0,1,전북,0.8,0,5183228,0
19,1651259,35859632,12349448,546205,188375,0,1,경기,1.15,0,0,2
26,2028511,37791703,32178032,459287,82546,0,2,경북,0.82,0,0,1
19,1510565,41497574,6870274,180000,83427,0,1,경남,0.86,0,0,0
28,3595853,11552804,6327294,358561,121017,615618,1,전북,0.8,0,5767210,0
36,1723864,121496884,6881214,215781,152760,0,1,경북,0.82,0,21887102,0
32,3784977,34645272,7181245,213631,158840,138101,1,강원,0.84,0,4313530,0
25,2675315,70147155,4565466,394811,39442,0,1,울산,0.94,0,29099819,0
27,2486149,33651582,6595463,452310,115425,0,1,대전,0.98,0,0,0
26,3796807,33274105,1063579,470209,142257,0,1,경남,0.86,0,0,0
34,3987847,20353556,1997325,464364,141502,0,3,충남,0.87,0,0,0
24,2777941,17520996,69008984,250508,132210,0,1,부산,1.02,1,7273727,0
20,2322437,2905351,24087625,421253,109897,558768,1,제주,1.04,0,0,0
29,3011154,98561595,20198607,700166,25000,496176,2,경기,1.15,0,2906995,0
36,1387978,65482282,19222234,580000,180449,434588,1,강원,0.84,1,7392603,2
29,3271427,17804208,12275575,417100,133863,0,4,부산,1.02,0,8103914,0
23,2182513,28312423,14479678,396819,78278,0,1,충남,0.87,0,0,0
19,2541565,41941578,12317668,299862,99345,0,1,울산,0.94,0,16057605,0
38,2547141,19409206,25122654,537775,119802,0,1,울산,0.94,0,0,0
34,3460063,19551667,31144247,668617,125772,0,1,충남,0.87,0,0,0
22,3053878,25233717,7248318,291431,58958,0,2,전북,0.8,0,0,0
20,3791840,72680836,5934769,576401,75337,0,1,광주,0.91,0,2481868,0
21,2912853,14909519,11357049,568936,130389,235544,2,제주,1.04,0,0,0
26,2377021,44944475,9378213,431404,91803,19163,2,세종,1.0,0,0,0
36,3311473,100006887,29268321,363873,51509,0,2,인천,1.08,0,2225126,0
22,2055980,61725957,24076864,928152,92000,0,2,서울,1.35,0,0,2
36,3895724,19787488,7487094,570102,112009,550209,1,부산,1.02,0,0,0
19,2697678,18058904,1897131,535087,51775,0,1,충남,0.87,0,0,0
34,3330375,32838659,25909626,322192,165703,0,2,강원,0.84,0,7480681,0
24,3352653,13008656,8918108,453674,153145,0,1,대전,0.98,0,0,0
39,6072717,62781601,12809636,283957,144076,29644,1,세종,1.0,0,22723245,0
28,3593845,11330284,20051777,454031,111220,142461,1,경북,0.82,0,0,0
24,3147554,15215024,20900557,308707,65229,239496,1,강원,0.84,0,0,0
24,2264654,35574337,46562353,416764,90327,0,2,서울,1.35,0,0,0
36,4306680,34765886,56496826,423040,166009,0,1,서울,1.35,0,0,0
27,2715438,15118153,8396559,781158,84223,0,1,세종,1.0,0,0,1
26,1582784,79924091,28133233,339714,108879,483047,3,광주,0.91,0,13431913,2
34,2804580,14882752,30868993,382630,97905,0,1,경북,0.82,0,0,0
30,1966090,51870156,30687032,181311,102998,385819,2,강원,0.84,1,0,1
32,1122223,47520751,16479771,322458,103195,0,1,전북,0.8,1,0,2
28,2898879,46176601,36298944,180000,100126,1170436,1,강원,0.84,0,0,0
20,2957676,5012952,76264201,381149,95758,307068,1,대전,0.98,0,0,0
19,2977551,25618170,14883390,260678,97966,494540,1,충남,0.87,0,0,0
19,5186388,33018880,7694197,498869,101615,0,1,충북,0.86,0,2519035,0
31,1735285,42517244,17220212,180000,74546,96707,1,전북,0.8,0,0,0
29,7313169,26896046,12276232,373200,63413,0,1,부산,1.02,0,3580391,0
34,3007239,52094890,9225990,547375,95959,0,1,충북,0.86,0,5939259,0
37,3914284,34090976,56155420,548602,79824,0,1,대구,0.93,0,0,0
22,3222351,12230925,10563800,349449,104850,139755,1,전남,0.78,0,0,0
39,1452014,21390963,10221734,296798,69818,0,2,전남,0.78,0,0,1
38,1936366,47389210,9359517,404015,42685,0,3,충북,0.86,0,0,1
31,2434406,19043132,24800036,723659,163791,0,1,제주,1.04,0,0,1
30,4675991,48424520,24214327,317396,86340,168513,1,강원,0.84,0,0,0
22,1681832,13502140,64523899,525276,41868,0,1,서울,1.35,0,0,2
22,2111027,8769132,5530606,252657,134935,0,1,충북,0.86,0,24046451,0
19,3274049,96617988,36477698,213101,89939,0,3,전남,0.78,0,0,0
32,3737698,74114080,9060095,584580,112918,383808,3,경기,1.15,0,19220815,0
28,3689576,33739620,7180878,648863,119402,0,1,경기,1.15,0,0,0
23,1997746,17464586,14353687,453522,142666,0,1,대구,0.93,0,13183757,1
21,1534194,46180245,5741700,487781,115537,0,2,경북,0.82,0,0,2
20,3845629,111542868,23952988,294211,59782,0,1,세종,1.0,0,0,0
32,5648471,25797904,10965109,321711,67815,0,1,제주,1.04,0,5821334,0
33,2629153,101099393,28537381,444132,54563,0,1,경북,0.82,0,2012751,0
32,1864376,22260362,22718996,291896,87876,0,1,강원,0.84,0,5301757,0
21,2535252,6126170,25310921,207311,119578,195369,1,충남,0.87,0,3848778,0
19,3613181,28277419,21839191,450856,79938,0,1,대전,0.98,0,0,0
21,1544905,4865538,24740541,510031,88376,0,1,경기,1.15,1,0,1
34,2987760,53746628,8870598,386990,81643,106458,1,광주,0.91,1,5279853,0
34,4539782,14605705,9409683,602450,85292,0,2,충북,0.86,0,3158690,0
25,3301599,40640879,11594528,712768,133098,0,2,부산,1.02,0,0,0
20,1316245,51991473,33514396,551996,99324,0,1,부산,1.02,0,0,2
25,2264759,88185502,32037157,638019,155533,0,1,서울,1.35,0,0,1
36,2409675,10876002,9029055,546964,86133,84968,2,전북,0.8,0,45289537,0
22,2212442,15196551,15627427,398934,107175,51565,2,경남,0.86,0,23820191,0
35,3310816,30959901,37507986,295479,98538,0,1,경북,0.82,0,0,0
28,3340304,43646353,53335,348821,117435,0,1,광주,0.91,0,0,0
21,1484814,24223213,14042938,274725,125033,0,1,충북,0.86,0,0,1
38,4310780,21399524,19408889,581088,111305,0,2,제주,1.04,0,13398703,0
29,3071220,21425708,9094551,185988,200782,0,1,충북,0.86,0,3375705,0
33,3557035,38411593,3960934,373637,162650,0,1,대전,0.98,0,0,0
21,4201396,19138720,9655034,396436,90405,0,2,대전,0.98,0,0,0
26,2193163,80351480,6576735,180000,152683,0,1,전북,0.8,0,0,0
32,5240784,40070030,17946663,358451,151970,476958,3,울산,0.94,0,0,0
32,2869593,14126996,7234429,385757,60979,161284,1,경북,0.82,0,0,0
20,2282873,26221810,14928142,498703,32985,107808,1,경북,0.82,1,0,0
31,1277186,50908899,72957548,442159,126248,0,3,서울,1.35,1,2603702,2
38,5660927,47777494,5223083,380714,101985,0,3,전북,0.8,0,505339,0
35,800000,24516963,33840479,180000,25000,39238,3,광주,0.91,1,0,2
23,9000000,22956966,15132926,280048,115547,111642,2,세종,1.0,0,0,0
38,2025574,35873860,1167108,180000,111175,482413,1,대구,0.93,0,0,0
33,4804120,60145268,32001693,505446,87799,0,1,광주,0.91,0,0,0
20,2609900,44250492,33870634,358759,165882,0,1,대전,0.98,0,0,0
21,4147896,6021640,8664346,649600,110960,0,3,서울,1.35,0,819415,0
38,1912145,91548025,18795887,405319,92438,0,1,전남,0.78,1,0,0
23,1907727,93458721,15809807,589867,112865,0,2,인천,1.08,0,17438019,1
21,916223,19713443,18725836,666589,61415,0,3,광주,0.91,0,2204821,2
28,8965666,42080899,9765182,457220,79474,82499,3,부산,1.02,0,0,0
30,3147291,146431182,7698339,398455,25000,0,3,인천,1.08,0,3975896,0
31,860212,32964005,5134480,513248,122632,650037,1,광주,0.91,0,9439208,2
32,3473849,40353323,36487440,661162,140077,336112,1,경남,0.86,0,0,0
39,4102776,55580400,6825861,404407,121847,0,4,제주,1.04,0,0,0
34,810667,77109042,21678293,283525,116265,145268,1,광주,0.91,1,4620848,2
19,2249143,4028358,6744114,180000,107908,0,1,세종,1.0,0,0,0
20,3024088,26768426,81801757,180000,164452,0,3,제주,1.04,0,22967892,0
19,5115408,69344501,6676426,659666,105965,0,1,부산,1.02,0,0,0
27,3183956,49071930,6605049,454146,142859,359063,1,제주,1.04,0,0,0
26,5722058,38107508,54308959,294576,141707,0,1,경기,1.15,0,0,0
38,4960794,42936578,13874225,456224,62804,0,1,부산,1.02,0,0,0
26,2764236,67798417,4840790,803546,133034,264521,3,대전,0.98,0,0,1
19,1552422,43646623,21668419,598229,79173,365424,1,서울,1.35,0,2632438,2
37,2766749,95006727,6007763,614871,86000,501326,1,전남,0.78,0,0,0
24,3824887,23996220,72464827,180000,100214,0,1,경북,0.82,0,4734734,0
38,1160670,7337463,2233027,621044,152356,286111,2,광주,0.91,1,20123217,2
35,4006605,70610845,23142012,270314,81484,0,2,경북,0.82,0,0,0
37,4421205,30347200,37794743,198449,117262,0,1,전남,0.78,0,0,0
36,2402118,40308110,24212102,198598,51054,0,1,전남,0.78,1,19431105,0
22,2709463,34081599,7162781,310691,99132,0,1,전남,0.78,0,923176,0
32,3814049,22840739,32323394,471597,90270,0,1,강원,0.84,0,3939555,0
27,7975703,10355395,22346566,437481,157981,63680,1,경기,1.15,0,0,0
32,1607200,63385299,23447746,508742,81220,374962,1,경남,0.86,0,0,2
34,1497714,6613604,27449729,260692,52750,0,1,충북,0.86,1,0,0
29,6705332,117651019,5301816,384108,92371,826968,1,경남,0.86,0,0,0
25,1840556,30492189,27009829,371231,89902,728594,1,제주,1.04,0,6504522,2
38,4690854,13603613,30937995,671416,119584,0,1,부산,1.02,0,0,0
32,4968262,73025008,14847532,472325,154895,0,1,광주,0.91,0,0,0
37,1616232,8465004,9258678,502029,99366,112452,1,부산,1.02,0,0,1
23,4143153,17145720,20689314,561681,131211,0,1,서울,1.35,0,0,0
36,2714142,104113207,61657634,305292,108141,0,1,제주,1.04,0,0,0
25,2971747,41906548,20471975,233508,125193,0,4,경남,0.86,0,0,0
28,2652257,38174005,15167183,556884,73487,483144,1,경남,0.86,0,0,0
37,5363399,47857379,5509743,180000,106901,0,2,경남,0.86,0,12677856,0
26,2906442,14409035,33009993,303869,140995,0,1,충남,0.87,0,0,0
24,2499065,42153794,25750742,545368,84139,0,1,세종,1.0,0,766939,0
38,2517333,46966756,12259644,241788,105598,0,1,제주,1.04,0,0,0
39,2634032,33241553,8361794,404652,104856,416198,1,강원,0.84,0,0,0
25,1917345,77484910,4635184,278789,55779,0,2,충북,0.86,0,0,1
25,2489605,52798211,27153045,436836,136454,114908,2,부산,1.02,0,7031119,0
23,1957937,9259320,1785763,350210,86420,0,1,전북,0.8,1,0,0
19,3629248,20362194,21382213,180000,104293,0,2,전남,0.78,0,2276233,0
30,5118587,20047074,2150785,491371,129398,0,1,충남,0.87,0,1400114,0
24,3382999,12589469,14277847,312373,135803,0,2,세종,1.0,0,0,0
36,2487106,77149965,39619926,337972,69604,0,2,부산,1.02,0,0,0
22,1974656,20266591,2269189,637485,132973,0,1,서울,1.35,0,0,1
32,3461739,57506781,39240319,388212,142148,0,2,충북,0.86,0,0,0
29,1797812,45386406,8461765,454912,84945,209753,3,충남,0.87,1,0,2
31,2941399,15456428,11824918,453265,133752,371070,2,전남,0.78,0,0,0
21,3414494,70507666,10139223,180000,126140,0,1,제주,1.04,0,364782,0
28,3813239,30537030,10854763,516721,128091,0,2,세종,1.0,0,12992814,0
32,3425090,25176976,5896923,376856,137134,0,1,경북,0.82,0,0,0
26,2834367,8499711,28932539,252107,75562,0,1,전북,0.8,0,9333984,0
37,2160949,24404175,27346177,426061,76339,0,2,대구,0.93,0,0,1
30,2343497,14406308,5310633,500646,147698,983306,1,경북,0.82,0,0,1
26,4392477,6051339,32504139,460910,107963,146671,2,서울,1.35,0,0,0
19,1556553,40564977,17302850,564054,57319,180180,1,충북,0.86,1,8239681,1
22,1709743,11067823,10590357,540950,102608,0,1,경남,0.86,0,0,1
29,5021651,33317051,21999309,421470,104802,82145,3,충남,0.87,0,0,0
27,2033826,66963107,12667570,217546,116962,418733,1,경남,0.86,0,0,0
37,3096579,62067433,44287888,850133,105716,0,1,서울,1.35,0,1457261,1
35,3767237,45617113,6291352,422502,168799,100820,1,강원,0.84,0,13434782,0
22,3054224,2610296,23663328,346396,75319,0,1,전남,0.78,0,0,0
31,1050790,7322530,1890491,416324,40492,0,1,충북,0.86,0,1322713,2
28,3607631,19292879,15416480,433788,56196,0,1,경북,0.82,0,0,0
21,5395260,37219162,15843806,540002,84400,0,3,울산,0.94,0,0,0
32,4277422,18476628,6824932,393904,125277,1172684,3,충남,0.87,0,9857327,0
30,1223633,17047053,24317604,232686,102964,0,2,울산,0.94,0,10565695,2
20,7612995,63028168,22709481,486510,119626,0,1,경북,0.82,0,11995052,0
28,1724652,24657178,10348979,379940,89712,267206,1,인천,1.08,0,498804,1
34,1073632,15293157,11440349,282008,124269,57536,1,대구,0.93,1,0,2
25,4268869,38605764,25664107,488273,59251,85550,2,경기,1.15,0,0,0
26,3705668,8952052,2608594,342932,114077,940779,1,충남,0.87,0,16225086,0
21,3157200,37168960,10245550,513285,132687,0,3,부산,1.02,0,0,0
23,2387620,19671333,10540610,519646,78576,0,1,대전,0.98,0,0,0
39,5405462,36721297,10775614,303622,166166,0,1,경북,0.82,0,0,0
32,2998858,17504675,28497529,395626,43655,0,4,광주,0.91,0,0,0
22,1555567,18641182,32210575,387323,137569,463484,1,인천,1.08,0,6567244,2
29,5181168,18166509,9708250,721517,148196,13125,2,서울,1.35,0,0,0
23,3351588,11635433,18481085,514166,81405,460336,2,부산,1.02,0,773099,0
28,1883721,20717168,18447607,469699,119246,0,1,경남,0.86,1,0,1
22,3901408,2631632,20783460,321103,77652,0,1,강원,0.84,0,0,0
31,8529574,53820940,5269976,514715,122367,0,1,제주,1.04,0,0,0
30,2669402,50591005,1147799,546306,103870,0,2,부산,1.02,0,0,0
32,3071179,23948355,64009422,452880,110799,0,3,대전,0.98,0,0,0
28,4156481,24995300,9219395,581411,92489,0,1,인천,1.08,0,13476494,0
25,2676503,19006679,14362961,386702,88936,0,2,광주,0.91,0,0,0
24,4307147,46141991,18409461,208294,80602,0,1,강원,0.84,0,468426,0
23,858777,15486754,11932733,414036,128842,384276,1,전남,0.78,0,0,2
28,1773651,58357864,14807128,463552,167597,0,2,광주,0.91,1,0,1
28,2917873,8843930,16473533,190114,186058,0,2,전남,0.78,0,0,0
33,2872777,62355183,6817936,506913,140864,168854,1,충북,0.86,0,0,0
20,2091880,1620467,7516532,445409,109499,0,1,대구,0.93,0,0,0
24,4503138,17939248,7354682,374296,143056,65811,1,경남,0.86,0,17799222,0
36,2455254,58135383,22048648,433135,122229,279377,1,울산,0.94,0,1897646,0
38,3324302,60814471,30245566,581877,101021,0,1,인천,1.08,0,0,0
38,3001647,13569887,7388712,686639,181216,0,2,제주,1.04,0,0,0
25,3782171,39412984,6775862,385442,142483,0,1,경남,0.86,0,0,0
21,5643219,35552957,34758673,544309,93077,215895,1,서울,1.35,0,0,0
23,3316919,40434030,26997366,440355,142041,0,2,경남,0.86,0,14523171,0
21,4379534,129888466,35804420,247027,132510,293136,1,제주,1.04,0,0,0
39,1244971,147822936,7286132,489427,74714,124127,1,경북,0.82,1,0,2
37,2453604,76130269,22240076,216398,112579,118556,3,대구,0.93,0,0,1
36,2869885,16348365,46325591,180000,106452,480030,1,충북,0.86,0,312503,0
34,1104752,23420587,9117084,588996,25000,0,1,강원,0.84,1,0,2
26,3894056,31153912,25345244,180000,59164,0,1,충북,0.86,0,0,0
28,3193131,20856216,16189178,553155,146710,0,1,충북,0.86,0,0,0
36,2167572,17851565,62878512,507869,83444,0,1,충북,0.86,0,10879569,1
36,2772357,62131732,1266636,513688,132367,97696,1,세종,1.0,0,0,0
29,1582487,9722139,18276757,459604,153341,0,1,충남,0.87,0,13069465,1
36,2817253,7544329,44668396,181560,39426,124220,2,세종,1.0,0,8031601,0
26,3051713,45334886,8923954,552853,176016,0,1,서울,1.35,0,7767431,0
27,6637758,46308105,40655593,613777,113638,0,1,서울,1.35,0,0,0
36,5446515,10429095,11729679,513318,126384,0,1,제주,1.04,0,0,0
26,946260,6189509,2107416,460605,176715,0,3,경남,0.86,1,0,2
34,3326439,29750164,9198599,423548,142196,555982,1,강원,0.84,0,0,0
28,3351624,34922430,7731720,497293,107513,0,2,인천,1.08,0,0,0
25,2762272,19186290,29017225,180000,88460,0,1,전남,0.78,0,0,0
23,2839039,15209036,79866923,419349,98022,0,3,인천,1.08,0,12029940,0
31,2619395,30670195,10717100,256006,90213,0,1,광주,0.91,0,995292,0
29,6823730,47294833,10818024,392962,155737,0,1,대전,0.98,0,7786071,0
26,2550227,6245519,2232676,818645,138592,0,1,서울,1.35,0,0,1
34,3531577,36405674,27083838,180000,114491,453183,1,전남,0.78,0,0,0
19,1028045,11195900,50132846,367994,104326,0,2,세종,1.0,0,192129,2
20,4346087,118490994,25606216,534281,137045,0,1,대전,0.98,0,13608742,0
39,5075227,37739806,10603941,538201,46038,120040,1,세종,1.0,0,8166757,0
32,1940157,81573725,29448024,625698,184891,222204,1,서울,1.35,0,25851751,2
30,1438589,43620069,31788685,296326,101302,615055,1,울산,0.94,1,0,2
19,3703536,94206150,15257704,621024,78673,0,1,세종,1.0,0,1766437,0
31,3075630,28648173,27484096,248639,151688,527367,4,대전,0.98,0,0,1
28,3727287,29838799,10115518,461750,147352,0,2,경북,0.82,0,0,0
31,2695619,27897328,4067926,450844,107864,0,1,대구,0.93,0,0,0
19,6796078,12718111,35176142,341597,160222,0,2,인천,1.08,0,18578109,0
30,2286800,8883126,19579851,384183,147103,0,1,세종,1.0,0,0,0
31,9000000,37375278,18897388,616577,122214,104200,1,경남,0.86,0,0,0
25,2352149,52376065,32905820,214873,52612,0,1,광주,0.91,1,0,0
20,4362089,22325594,10014813,379888,124124,0,1,서울,1.35,0,5936851,0
39,1949818,30082908,11523164,383087,113189,547566,1,제주,1.04,0,7672946,1
33,4510035,80100404,46517027,418470,101973,0,1,울산,0.94,0,0,0
32,3954425,16055726,22834696,660997,100788,0,2,인천,1.08,0,0,0
35,1225941,30503185,29041445,358244,135225,0,1,충북,0.86,0,0,2
33,1667230,48171721,17464235,211058,67988,0,1,대전,0.98,0,3092465,0
21,3557015,10922531,23671606,376862,150710,0,1,경남,0.86,0,6344323,0
28,1707968,28374782,26417749,507742,108697,97418,1,대구,0.93,1,0,1
37,2442583,63919843,8055893,424376,79006,211510,2,강원,0.84,0,0,0
25,4850539,11171654,65418282,350248,98324,0,1,강원,0.84,0,4174526,0
39,2085725,54068616,20244050,180000,117427,0,1,대구,0.93,0,0,0
20,1553303,3926704,3186125,283396,162480,0,1,세종,1.0,1,2831154,0
25,2309241,22903268,4754374,514337,140157,236066,2,경기,1.15,0,15231570,1
26,3798151,60708591,10009259,540206,150262,0,1,충북,0.86,0,2569643,0
31,1456119,45086271,1808923,266352,105389,0,2,전북,0.8,0,0,1
22,2462415,62707817,46243884,437823,105453,0,1,제주,1.04,0,409045,0
23,1454050,22701169,9608038,466708,176552,0,1,대전,0.98,0,0,2
32,2666069,20521844,5143855,287590,105639,179777,1,대구,0.93,0,10445127,0
24,4162237,23727102,19242104,262696,89309,0,1,강원,0.84,0,0,0
37,4194303,64223892,24222072,364321,86396,0,1,충남,0.87,0,0,0
37,2230608,84113181,12923123,417472,123200,46970,1,제주,1.04,0,0,0
25,3836153,106881603,38005997,680669,81757,322636,1,서울,1.35,0,0,0
30,2816574,18862139,31068031,327478,116869,0,1,대구,0.93,0,0,0
25,5476182,4056571,11263676,537708,116197,0,1,대구,0.93,0,0,0
26,2884229,4286583,4524071,380569,131151,269238,1,대구,0.93,0,5474491,0
33,849363,12108500,10168920,427743,49438,0,1,울산,0.94,0,0,2
25,1726700,51962656,11792699,473340,38094,131664,1,경북,0.82,1,20454725,0
22,2503598,36490091,24385027,578574,104377,0,1,서울,1.35,0,0,1
24,2710778,38396391,26549480,263941,102280,248014,2,전남,0.78,0,0,0
38,3523972,36062152,12762001,373164,69820,193912,1,충북,0.86,0,6841705,0
24,1652877,16418967,7152282,512632,61026,155527,1,충북,0.86,0,1223810,1
26,1564756,72689745,9152763,438114,124274,0,1,충남,0.87,1,0,1
32,3838092,7372433,23668710,210738,104384,132540,3,경기,1.15,0,0,0
21,2179994,7387709,17739865,248358,135903,0,1,전북,0.8,1,0,0
24,2357499,43582262,52377857,251738,62302,0,1,대구,0.93,0,0,0
22,4672398,18070940,14214928,524609,108213,448384,1,세종,1.0,0,0,0
38,1986190,58211010,7285734,180000,167677,0,1,충남,0.87,0,959284,0
38,2330697,51267073,1223702,439885,98513,0,2,충북,0.86,0,2972267,0
34,1691550,48743776,2503786,542206,91140,591566,1,대전,0.98,1,7046440,2
24,3463200,40080029,23274019,474016,141943,99435,1,광주,0.91,0,6421452,0
31,1546087,59144289,10032509,441513,154651,144422,1,세종,1.0,1,0,1
32,5172903,59857756,55597637,321837,97468,0,3,서울,1.35,0,0,0
37,3462929,36315359,1614632,338532,87938,0,2,전북,0.8,0,0,0
22,1557728,20403558,13103437,717190,145587,0,3,경기,1.15,1,0,2
34,3410982,37786960,30884966,308853,121181,1482582,2,울산,0.94,0,0,1
23,4179916,64522556,39279150,636538,120430,0,2,충남,0.87,0,0,0
30,3382702,18172888,31369357,596678,123584,200125,1,경기,1.15,0,9899504,0
37,1400808,34805038,36973068,406638,111108,237184,1,제주,1.04,0,0,2
20,4872613,15706384,7254378,445842,145111,459143,1,광주,0.91,0,0,0
22,3211063,9803244,17976832,654481,168299,0,1,서울,1.35,0,8844619,0
36,4094433,29984596,41073566,261158,73098,0,1,충남,0.87,0,164709,0
19,2561482,6308371,6147094,328481,139529,0,1,강원,0.84,0,0,0
33,1390486,9118577,15082597,647835,107383,352235,1,충북,0.86,0,10188856,2
29,800000,89633519,23520750,537396,62592,631723,1,전북,0.8,1,0,2
26,2032087,10233889,42864915,346130,79649,23653,1,세종,1.0,0,0,0
37,3809805,55650447,12967031,258212,93708,0,1,경북,0.82,0,0,0
36,5329379,117404748,11635052,192843,147055,0,1,광주,0.91,0,13877418,0
25,3472897,61622597,20146573,651688,72283,0,1,강원,0.84,0,0,0
19,1939992,40269743,63753373,537499,50736,0,1,인천,1.08,0,0,1
21,2177044,45911081,20462078,537683,99652,0,1,충북,0.86,0,0,1
21,5475471,15973236,22931396,324760,93751,0,1,대구,0.93,0,0,0
39,1735865,72810517,13717912,303334,146612,204842,2,충남,0.87,0,0,1
31,4566721,96811064,6115983,231801,116152,0,1,전남,0.78,1,10382757,0
33,6833505,28171098,10702433,180000,132976,98572,1,경북,0.82,0,0,0
23,7637513,5040839,13352190,263436,95151,0,2,경남,0.86,0,5032784,0
36,2236637,60978407,13909593,527098,71141,0,2,인천,1.08,1,26545024,0
34,1118102,134666347,18451132,509766,159686,202478,1,인천,1.08,1,0,2
34,3555055,18190306,21866428,283846,88276,0,1,경남,0.86,0,5717319,0
28,4507908,4095907,9237289,500375,132679,175556,1,광주,0.91,0,0,0
33,2305524,28019389,46334697,464720,106819,0,1,서울,1.35,0,16865669,1
30,1899564,20085716,22324767,502789,133476,195132,1,대구,0.93,0,0,1
27,2699452,32855531,15166417,461520,118611,265870,3,경북,0.82,0,0,1
31,2188134,16128567,13330419,515625,114505,0,2,광주,0.91,0,0,1
25,5200334,22314603,8456932,536093,129765,0,1,경기,1.15,0,0,0
39,2339827,14532268,20567630,230852,99163,0,1,전북,0.8,0,4469325,0
34,3178049,11903639,80083200,182296,52770,174117,2,부산,1.02,0,10950947,0
34,4654568,33954697,43101553,180000,121671,0,2,대전,0.98,0,0,0
34,5288178,47979977,38350123,671523,159791,21816,2,서울,1.35,0,0,0
28,3336165,8777621,41329672,180000,107368,0,1,충북,0.86,0,0,0
38,3598039,120129660,10281374,406088,99705,177185,1,울산,0.94,0,0,0
23,1969610,38071840,7357700,402322,117179,441390,2,경북,0.82,0,0,2
30,4735351,18414893,16763424,287771,145833,197234,3,대전,0.98,0,0,0
20,5251200,69061503,18382437,431514,102603,0,1,부산,1.02,0,8513599,0
25,1364639,53913796,44066030,475750,61450,327393,1,인천,1.08,0,10430265,2
31,6509146,48653297,34288641,384207,117968,197762,1,부산,1.02,0,15998292,0
29,2256597,33721294,1768014,500947,123440,0,1,울산,0.94,0,0,0
38,3938630,27044304,39389606,413515,121394,342810,3,경기,1.15,0,4709462,0
31,3153438,40212711,13508656,367233,92709,0,1,광주,0.91,0,0,0
27,2971836,32273890,18744479,233549,119746,0,1,경북,0.82,0,4017110,0
27,2790829,68505211,12714845,326677,99081,0,1,전남,0.78,0,13626135,0
31,1990407,44430421,8594019,390410,93620,74610,1,충북,0.86,0,0,0
35,3820524,23596889,19506279,246320,98919,415308,2,경남,0.86,0,12745598,0
24,2697006,19246825,7285134,412123,113216,0,1,전남,0.78,0,0,0
31,1736879,16704811,13145311,180000,118968,0,1,충남,0.87,0,0,0
31,1954412,36339545,6506697,520409,90061,0,3,경북,0.82,0,0,1
19,800000,17215217,6054001,305948,120727,271931,1,인천,1.08,1,0,2
38,2434077,22428478,59022043,406721,120524,0,1,전남,0.78,0,0,0
30,3757427,53066720,11269180,525208,131069,600531,1,대전,0.98,0,4309240,0
24,2246472,15717337,12099691,492131,124465,695221,1,전북,0.8,0,1238577,1
32,4639383,27889235,37374548,188629,154514,0,1,경남,0.86,0,7602001,0
33,2897590,82060739,19559409,409264,136016,181512,1,세종,1.0,0,0,0
38,2693112,66240523,8738276,565311,185446,252155,1,경기,1.15,0,9819577,0
19,3072067,39313805,6985194,473599,146124,154692,1,광주,0.91,0,7000640,0
27,5556999,32516604,6447713,530159,145010,0,1,광주,0.91,0,15233517,0
22,1691247,89336943,50438744,406386,65999,669108,1,경남,0.86,0,0,2
31,6217571,23734734,1610460,550290,139351,0,1,제주,1.04,0,4048328,0
29,4608998,15513658,5204032,452287,138267,0,1,강원,0.84,0,0,0
28,3021729,70295076,12283718,560225,111333,0,1,제주,1.04,0,0,0
39,5072545,46797311,11049473,425696,39009,257521,2,울산,0.94,0,0,0
30,2655089,12500991,9709831,565887,28497,0,1,광주,0.91,0,0,0
27,3448652,41887433,21374954,338672,98256,266580,1,경북,0.82,0,0,0
20,2416532,5147495,18468711,180000,90311,0,1,충남,0.87,0,0,0
25,4621530,57092272,8892097,623010,59801,0,1,세종,1.0,0,5261115,0
37,2250206,43453934,10484522,487159,124230,223620,1,울산,0.94,0,0,0
28,2983370,37289890,79664153,253360,69468,0,1,충남,0.87,0,0,0
38,4084385,43691164,17544882,361572,49297,0,1,전북,0.8,0,2729188,0
30,4786805,45301712,326586,672894,184217,0,2,세종,1.0,0,0,0
30,2142653,29942907,10326492,630453,137363,112542,1,서울,1.35,0,0,1
28,4216439,30053997,12336637,724600,100394,40922,1,경기,1.15,0,7371290,0
30,1999482,19855337,80290050,434782,64320,1180297,2,인천,1.08,0,0,2
20,1209854,30677469,10718716,374595,79682,0,1,울산,0.94,0,0,1
20,892464,24775901,10478385,209572,87132,0,1,충북,0.86,1,0,2
28,4366865,30913115,2074879,375408,88133,0,1,전남,0.78,0,0,0
31,3034020,12846504,18190622,625884,101147,0,1,부산,1.02,0,0,0
30,2423208,19093153,24466828,248259,65825,0,2,전남,0.78,0,0,0
28,3123635,26043026,14621189,433532,78568,207297,1,충남,0.87,0,0,0
25,3079519,9246372,15270950,815772,59813,71956,1,서울,1.35,0,0,0
33,3985082,11816485,14182573,197153,42263,98531,2,대전,0.98,0,0,0
31,1525171,38156302,29677888,463817,57815,0,1,대전,0.98,0,0,1
19,2918675,9721783,11472750,459493,87578,0,1,경남,0.86,0,0,0
28,3217423,16122359,11677003,432421,98141,139340,1,경남,0.86,0,0,0
33,1695593,38678006,18719831,180000,123446,0,1,전남,0.78,0,0,0
35,1685625,56320164,9556518,351254,126533,0,1,세종,1.0,0,14565508,1
25,2607305,18279549,7019509,180000,133832,0,1,세종,1.0,0,0,0
38,3061200,70573527,2778738,277991,100886,0,1,대전,0.98,0,0,0
32,3065839,72563286,11871350,460319,130098,0,1,전남,0.78,0,0,0
28,1323554,26651616,10691364,477777,40284,0,1,경기,1.15,1,0,1
32,2359118,27692615,31887531,493489,131592,0,2,대구,0.93,0,0,2
37,2573369,27461075,14659716,585892,112367,0,1,인천,1.08,0,0,0
23,3467750,28888846,31223248,265231,145659,0,4,세종,1.0,0,9437261,0
22,5208691,48423516,26337578,438678,25000,434391,1,대전,0.98,0,0,0
28,1173946,68138344,2463275,261067,144363,0,2,부산,1.02,0,7912079,2
20,3986974,10179078,4696509,456803,53101,0,2,광주,0.91,0,0,0
36,2907653,36278365,51004166,355896,147211,345136,1,경북,0.82,0,8004253,0
39,3823637,51104130,8148794,350245,78972,101036,1,강원,0.84,0,0,0
31,5078039,7411762,17589370,180000,121700,0,2,전남,0.78,0,7660008,0
39,2204360,9991635,12947514,181350,105904,0,2,경남,0.86,0,0,0
20,4577681,24222857,2163487,743776,144440,204551,1,경남,0.86,0,0,0
32,1778736,15711961,7483866,531766,116852,0,2,대전,0.98,0,7433548,1
28,3222022,11118316,5082983,339116,163002,0,1,경북,0.82,0,0,0
24,2747962,11111195,25227195,490902,83718,0,1,경남,0.86,0,0,0
25,3111303,11899601,7891188,674056,76658,0,1,제주,1.04,0,0,0
30,1993430,36520345,23998134,583225,88685,0,2,대전,0.98,0,12367948,1
32,3680327,5456378,4424051,445758,134607,1226153,1,부산,1.02,0,399583,0
22,6033004,32362742,574669,348750,132097,0,1,강원,0.84,0,0,0
31,2008209,23780576,15630058,485073,63871,0,1,경남,0.86,0,0,0
38,3309143,17417065,20114675,338223,79238,255834,1,경남,0.86,0,3032457,0
19,4406880,39379439,9897214,539793,118574,0,1,강원,0.84,0,0,0
37,2684630,40393201,18878160,490640,157349,322363,1,인천,1.08,0,0,0
31,5474553,18881717,3245705,543403,86099,0,2,울산,0.94,0,0,0
26,1284555,38791966,10079325,499206,57671,0,1,전북,0.8,1,0,2
34,2901230,64499449,28816175,180000,143591,223693,1,강원,0.84,0,0,0
31,1989902,9227170,62458614,374090,50372,355551,1,대전,0.98,0,2951974,1
35,3220625,18748709,15322303,589572,130458,0,1,대전,0.98,0,3600211,0
20,3053967,44871696,24937739,389200,39400,512864,1,경기,1.15,0,11691126,0
20,4009150,21302608,32667351,307595,106247,0,1,대구,0.93,0,0,0
32,2320013,19861158,16262115,543446,96777,0,1,충남,0.87,0,10045580,0
25,2274780,43329337,21231818,607273,83074,0,1,대구,0.93,0,5434681,1
24,3721077,14586540,51841394,180000,163263,229065,1,제주,1.04,0,0,0
27,5561865,45662393,25272629,659358,112383,0,2,경기,1.15,0,1074736,0
34,3997287,10871816,10444195,180000,103032,0,1,충북,0.86,0,0,0
22,6749908,24258026,49178514,377875,103011,0,1,세종,1.0,0,4089068,0
39,3872591,58380613,16650930,180000,81160,170374,1,경북,0.82,0,14645185,0
27,3813081,5790200,4171731,323188,172888,0,1,경남,0.86,0,0,0
22,4084656,11307233,11291913,389774,95290,0,1,강원,0.84,0,2372128,0
20,5783766,16928846,59518310,374673,173837,313757,1,충북,0.86,0,0,0
37,5192923,95110075,32339005,546893,80245,9162,1,충남,0.87,0,3624961,0
21,1912945,31040297,9931158,271505,112637,0,1,세종,1.0,0,2314131,0
27,4303341,7319010,41620298,564738,95703,66978,1,부산,1.02,0,0,0
33,3418647,99845321,12510592,383035,82558,0,1,울산,0.94,0,0,0
29,2805850,81886062,7299295,390068,103845,0,3,대구,0.93,0,0,0
24,1423021,29123528,32791055,615614,168946,0,1,울산,0.94,0,0,2
21,1572823,112356985,4383531,510478,153986,33643,1,충북,0.86,0,0,1
33,2607575,21252081,8185495,238371,113298,351639,1,부산,1.02,0,0,0
29,1041128,23394582,17110738,397437,62625,597821,1,대구,0.93,1,0,2
20,2630900,9318770,16470282,237660,118429,673025,1,전남,0.78,0,12277447,0
22,4146681,42787241,28116923,321226,91506,157111,1,광주,0.91,0,4179125,0
30,2375791,104805888,6494945,450616,78662,148548,1,부산,1.02,0,467251,0
22,3161449,54387471,14946960,413127,129953,0,1,전북,0.8,0,3960642,0
27,1178124,11936361,908731,204986,62776,572318,1,전북,0.8,1,0,2
21,2150058,14530727,1272763,353300,111675,0,1,경북,0.82,1,0,0
35,3794831,54504719,6735247,311265,123229,0,1,전북,0.8,0,0,0
32,1654138,18484190,32106795,486080,135943,0,2,제주,1.04,0,0,2
35,2207433,34280627,21185544,351634,63588,317541,1,강원,0.84,0,13474399,0
20,1768724,4006315,12329058,542738,168977,109059,3,대구,0.93,0,9050540,1
26,3796592,19749592,1849740,417164,117373,0,3,경북,0.82,0,738069,0
24,3272861,29049162,19453742,485471,109519,217736,1,대구,0.93,0,0,0
32,2985495,33529093,98056344,301846,63109,1043106,1,대구,0.93,0,0,0
36,2886315,51572036,13410598,207413,78237,134709,2,경북,0.82,0,0,0
23,3504195,74281785,4200472,327677,94534,284258,1,경북,0.82,0,6699588,0
35,1716302,64117846,14982041,344850,109550,0,1,대전,0.98,1,0,0
31,2464634,59287369,2283612,474568,118597,0,1,전북,0.8,0,0,0
36,2320621,52054800,8457140,504774,95511,0,1,경남,0.86,0,0,0
20,1749361,30504907,22627075,317081,156792,0,2,전남,0.78,1,0,1
39,2811043,37604495,62949364,547096,105392,0,2,서울,1.35,0,8716456,1
28,7398187,61301290,10825577,180000,114858,0,2,충남,0.87,0,6786041,0
24,2585883,48995396,4459357,447401,152498,282656,2,인천,1.08,0,0,0
22,3454569,12675688,24983927,180000,87763,0,1,경북,0.82,0,2751396,0
39,3726576,52823763,23057287,610536,66400,737402,1,경기,1.15,0,0,0
37,5569844,39806247,15628456,763138,97315,0,4,제주,1.04,0,0,0
21,2151859,36774722,18037257,376754,143323,0,3,부산,1.02,0,16794897,1
28,5425935,68207528,12173886,451997,112022,109106,2,울산,0.94,0,0,0
34,2862689,19408984,16647796,507426,135054,425127,2,부산,1.02,0,11898088,0
31,4187051,16000339,14822107,187966,60168,130506,1,전남,0.78,1,0,0
22,3564631,33350780,18807936,377978,52487,0,1,광주,0.91,0,0,0
26,1063509,16215949,13905261,415505,126870,372526,2,전북,0.8,1,10497294,2
26,2802084,6546490,8145696,549467,126521,0,1,경기,1.15,0,0,0
25,1924304,8723874,57487191,352115,77629,0,1,울산,0.94,1,0,1
39,3158838,125842530,13464522,341300,67796,123113,1,경남,0.86,0,32402449,0
23,2972795,28806679,1768042,291020,102143,0,1,경남,0.86,0,0,0
33,4154991,46974796,13831393,547144,109859,0,1,부산,1.02,0,6477359,0
38,2629497,35625750,13008977,643235,66340,191086,1,광주,0.91,0,10104264,0
35,2785776,72988626,7246417,180000,106593,0,1,광주,0.91,0,0,0
35,2031819,13767476,4696622,180000,56723,256089,1,강원,0.84,0,7500871,0
22,6414330,82888944,15917976,203779,85206,0,1,강원,0.84,0,5591873,0
21,1802940,28339565,21553339,444297,68317,0,1,경기,1.15,0,0,1
35,3280554,25536661,3893789,333973,102819,0,1,전북,0.8,0,0,0
34,2431858,82767477,19534138,463359,89080,0,1,부산,1.02,1,3188303,0
34,3032149,51237977,22795739,431634,157844,0,1,대전,0.98,0,0,0
27,1778874,27180926,3534832,360672,117759,627224,1,경북,0.82,0,0,2
29,1287697,9692295,11384977,561287,62254,0,1,충남,0.87,1,0,2
19,3818371,25688761,55154137,208951,140957,0,2,광주,0.91,0,0,0
25,2181022,31761777,23610485,486543,101047,0,1,경남,0.86,0,0,0
30,1251289,39757195,25056109,653094,135523,0,1,광주,0.91,0,0,2
21,3602191,12953929,23397927,180000,62245,0,1,강원,0.84,0,0,0
21,2095870,13362571,36844842,180000,130531,0,1,대구,0.93,0,19016891,0
19,4001086,8097330,8395215,490186,183224,497461,2,부산,1.02,0,0,0
23,2796712,14470412,2544277,552996,131480,277040,3,세종,1.0,0,56945994,1
39,2739354,52565904,10739225,381432,86772,0,1,강원,0.84,0,0,0
33,3119286,105993153,7993539,180000,146453,0,3,전남,0.78,0,0,0
38,1869348,28110286,10290511,182487,85136,1017565,1,광주,0.91,0,3917843,2
24,2138697,35520780,25136971,292882,124885,0,1,경남,0.86,0,31933116,0
31,2727469,12454830,7289962,447933,186614,0,1,충북,0.86,0,0,0
37,1864651,17684673,72154920,369976,94124,0,1,경기,1.15,0,9348314,1
26,2250463,60151223,1343640,402521,124604,252725,1,전북,0.8,1,13685459,0
32,2672378,6238169,35711443,359101,177763,0,1,강원,0.84,0,16510838,0
33,1635394,49869371,2941420,548404,143563,0,1,광주,0.91,0,0,1
36,2398298,51638753,26597592,239872,134755,0,1,울산,0.94,0,0,0
39,3185657,65464711,26515259,427425,41910,0,1,대전,0.98,0,0,0
31,2517642,39788529,11325184,579174,74329,0,1,충북,0.86,0,0,0
31,3622131,10461329,25808308,244276,137932,0,1,강원,0.84,0,182091,0
37,3903905,78625999,7109100,345084,98947,0,1,울산,0.94,0,3606187,0
33,8566615,23089798,5806551,438874,92266,0,1,대구,0.93,0,2259304,0
26,5002404,66778855,26186428,240458,150310,0,1,광주,0.91,0,0,0
32,1509083,58827343,10358307,295210,134264,123235,2,세종,1.0,0,6014152,2
30,2612328,38440378,57563933,325277,82341,0,1,세종,1.0,0,19132174,0
23,2719603,56131536,28170612,379763,137323,151700,1,대전,0.98,0,10729404,0
29,3905642,80745577,18529291,464748,73915,1865,3,강원,0.84,0,0,0
32,2041530,44156649,11406405,338953,55852,58563,1,부산,1.02,0,3075542,0
37,2427115,60124900,4983013,465644,122099,535496,1,세종,1.0,0,0,0
31,1786118,18785143,39913856,606379,69328,236395,1,인천,1.08,0,0,2
22,2354121,48446205,36639625,566313,66967,425108,1,세종,1.0,0,30829426,1
39,2392183,18509336,6581989,340535,70302,0,1,전남,0.78,0,11390843,0
31,1104775,37625475,3241947,386592,111699,0,1,전남,0.78,1,0,2
25,1831144,15482742,15506559,260332,135371,0,1,충남,0.87,0,0,0
34,4652537,23198655,13499745,392046,96020,0,3,전북,0.8,0,0,0
27,3736665,87223302,37313992,683663,71789,0,1,경기,1.15,0,28338820,0
26,1635821,29576839,12857543,614152,70747,1600000,1,대전,0.98,0,0,2
36,1374407,43644702,45673600,328252,53351,203521,2,충남,0.87,1,0,2
37,1555943,63735073,19503646,380140,130813,0,1,전남,0.78,0,0,1
30,5432023,33957305,49443636,211453,75427,0,2,강원,0.84,0,0,0
26,6105611,49820542,3231872,254391,114472,0,1,경북,0.82,0,0,0
37,2977770,65426055,18012151,357304,45724,0,1,대구,0.93,0,0,0
22,2113836,17237723,53168859,453765,156694,0,3,인천,1.08,0,619930,1
34,2292186,19496915,5187329,629141,113300,112513,1,경기,1.15,0,0,1
31,2509372,37391209,29130274,334578,51992,331185,2,강원,0.84,0,7422740,0
36,2913065,25677487,2116350,464723,86380,0,1,충남,0.87,0,0,0
27,5498325,56399559,4609718,180000,115248,0,2,대구,0.93,0,0,0
36,4599973,29431588,3317668,383970,74562,0,1,전남,0.78,0,5202629,0
19,4630540,76319986,4322448,284922,118699,425850,1,전북,0.8,0,20633541,0
34,3282122,84836683,28265224,210786,153136,0,1,광주,0.91,0,0,0
20,1857234,71568499,11996384,477994,140822,0,3,대구,0.93,0,674974,2
32,2190253,47625527,12637663,549883,105086,0,1,전북,0.8,0,13553700,0
23,3130685,15444245,6570710,395878,157477,0,1,충남,0.87,0,0,0
39,994675,31205095,18440233,595024,118916,0,2,인천,1.08,1,0,2
35,3475903,48145636,44393646,305240,104341,0,1,대구,0.93,0,5731775,0
21,4311754,25301709,4615023,739291,106805,0,1,세종,1.0,0,0,0
37,3856038,37993370,147174584,180000,113366,349464,1,세종,1.0,0,0,0
24,3790027,74138630,15266345,468030,127263,0,1,인천,1.08,0,6804478,0
30,1367029,13576068,7249757,577920,79844,0,1,제주,1.04,0,1644364,2
20,2130579,46174252,3820382,417038,147947,0,1,광주,0.91,1,0,0
21,1554519,41936395,20823389,578116,153689,0,1,광주,0.91,0,0,2
24,2856107,32383998,23416611,220827,200055,0,1,경기,1.15,0,0,0
30,3979337,17246016,4299107,363081,46241,0,1,경북,0.82,0,7629915,0
30,3558498,27000347,42242462,373928,111919,837152,1,부산,1.02,0,11128729,0
36,1760630,44228375,27083618,427866,83119,179955,1,제주,1.04,0,0,1
22,1901916,9429599,39840763,188574,133007,469255,1,세종,1.0,0,31305218,1
34,1867991,69714030,36497079,284024,149176,0,1,경북,0.82,1,0,0
19,3799255,29117491,4188722,426715,112218,0,1,부산,1.02,0,0,0
25,1894669,28075993,47733933,459280,101474,897962,1,인천,1.08,0,0,2
22,3610898,48242746,22838630,476040,88804,206778,1,전남,0.78,0,9138749,0
21,1589746,85493643,19983487,347678,99024,0,1,전남,0.78,0,0,1
31,3989353,27685185,11430785,431767,120299,0,2,강원,0.84,0,7945160,0
37,2085669,14498808,57099539,707196,131294,0,1,서울,1.35,0,0,2
33,3157443,99397071,49184065,565730,163958,0,2,제주,1.04,0,958019,0
36,2937505,40542909,21905503,180000,103181,310563,1,광주,0.91,0,4090177,0
31,5023989,122282530,22108995,474264,139729,85764,1,경남,0.86,0,10405580,0
20,3384674,77341801,61228137,388113,75922,0,3,경북,0.82,0,6511202,0
26,2357326,14717682,289974,349509,62794,0,2,경북,0.82,0,0,0
36,3560021,34733552,44607080,271168,143540,0,1,충남,0.87,0,8928538,0
19,7662814,1235258,15518512,230087,122893,0,1,충남,0.87,0,5340418,0
21,4192908,15380689,45870857,180000,89574,0,1,강원,0.84,0,3239667,0
36,2973381,15921588,9816071,732534,87090,0,1,서울,1.35,0,14967696,0
20,2131206,16663840,21418731,494579,93015,0,1,광주,0.91,0,0,1
39,2339764,16528321,18502467,331050,114882,483616,1,전북,0.8,0,4629505,0
34,4085886,19187348,21617510,425681,112341,0,1,전남,0.78,0,0,0
32,1071287,19457772,11964558,512643,57563,0,1,강원,0.84,1,0,2
30,3053528,30797923,8610160,180000,62872,264593,1,전북,0.8,0,0,0
20,5659399,5731735,37339779,604680,124265,0,1,서울,1.35,0,0,0
27,1548876,67286863,28601498,360410,130954,0,1,울산,0.94,1,18236828,1
35,1917678,25408304,16244452,500738,84217,740095,2,세종,1.0,0,8866257,2
37,7780465,44328618,22845465,390520,59039,0,1,경남,0.86,0,0,0
28,6507754,16946768,60454119,461763,112578,0,3,대전,0.98,0,0,0
36,3783492,32969383,19366783,232792,35164,128448,2,부산,1.02,0,2719409,0
35,5278893,30911746,1322254,635738,97895,93778,2,대전,0.98,0,11555532,0
20,2719207,68203927,26320871,392160,134537,0,1,인천,1.08,0,0,0
32,4164753,27846310,4183466,369563,99849,0,2,강원,0.84,0,0,0
31,2542174,27263294,19202379,180000,54045,0,3,충북,0.86,0,8285494,0
30,1702867,14567437,28583271,304028,159870,0,2,전남,0.78,0,0,1
35,9000000,9744713,16218201,458775,113078,0,1,제주,1.04,0,4488322,0
37,1665841,48450754,38426399,464403,122589,0,1,경기,1.15,0,0,2
30,3466313,39871409,31794422,283699,141192,0,1,대구,0.93,0,0,0
25,3448946,32923683,43934298,221263,105204,28047,1,대전,0.98,0,0,0
39,1619603,66174372,63969208,414929,100818,0,1,대구,0.93,1,0,2
39,2934618,34500062,44970146,180000,150985,362719,2,경북,0.82,0,9903087,0
33,2947815,25326839,850133,614775,85118,0,1,인천,1.08,0,6440575,0
32,3237038,36643232,14022906,839421,151714,0,1,서울,1.35,0,0,1
21,3748985,23400930,5762840,674868,68472,789972,2,경북,0.82,0,0,0
27,3047619,9649113,30701902,290326,87381,0,1,제주,1.04,0,12124681,0
23,2961649,60454784,16069256,531845,122634,84956,1,부산,1.02,0,0,0
29,1728172,17160307,8003718,371049,161552,0,2,대전,0.98,0,0,1
36,7250171,35372502,10650529,617204,117160,0,2,세종,1.0,0,0,0
23,3840076,16396771,12053108,502570,62995,0,1,세종,1.0,0,0,0
39,3336664,81929508,34616118,390497,137767,0,1,제주,1.04,0,20122319,0
21,2331754,16964762,2606566,300366,82220,624531,1,광주,0.91,0,0,0
21,1980972,75495637,11084547,565765,141857,0,1,서울,1.35,0,0,1
39,4414682,20011465,30933947,298177,120742,104098,2,울산,0.94,0,0,0
21,2847384,46259842,35078703,331883,55938,0,2,강원,0.84,0,4989682,0
34,3983653,31573837,26229499,429081,124609,0,1,세종,1.0,0,0,0
35,1705259,11839277,29581274,344849,68781,0,1,세종,1.0,0,0,1
25,5931571,74665661,18239534,286238,156244,232365,1,경남,0.86,0,0,0
20,4493958,12731500,20225576,416919,52118,305861,1,전남,0.78,0,0,0
25,2945518,20441369,1670931,528827,104880,0,1,대구,0.93,0,0,0
20,3729300,33971836,22878658,279083,76905,0,1,광주,0.91,0,0,0
33,4194497,15560125,6513085,390465,158520,0,2,충남,0.87,0,0,0
37,1716419,22583662,27117565,264930,55815,432986,1,광주,0.91,0,23556545,1
39,6275211,32651493,13676121,770616,192248,0,1,울산,0.94,0,40862855,0
35,3754458,10937655,54289936,288323,101116,28254,1,인천,1.08,0,0,0
35,2253259,40311078,20503464,436440,90709,58015,2,대구,0.93,0,0,0
37,1903334,20335179,5424145,426865,134641,0,3,전북,0.8,0,0,1
35,2844353,49557527,3690965,289304,106841,592967,1,경북,0.82,1,0,0
32,3339897,65371101,5958857,240326,77408,217628,1,전남,0.78,0,5494653,0
39,3753392,60633206,16899880,394143,84818,0,2,대전,0.98,0,6018017,0
25,1524306,53516785,51482415,303299,96360,0,1,인천,1.08,1,3539709,1
27,1981713,23157053,12585754,511640,89504,625466,1,인천,1.08,0,27085492,1
38,3795618,14670029,22157194,275321,138382,0,1,광주,0.91,0,0,0
25,2801630,60020561,4096656,482830,115010,0,2,세종,1.0,0,5258678,0
25,3021684,15746229,25048673,180000,125116,0,1,경남,0.86,0,0,0
22,8476120,25713563,13094031,273002,94266,942767,1,경남,0.86,0,10358497,0
24,4431957,11134317,32492030,522559,142252,162881,1,서울,1.35,0,0,0
31,1616062,15521054,42818696,438299,83314,703112,1,전북,0.8,1,0,2
37,9000000,40679980,18857369,180000,79323,0,1,대전,0.98,0,13021679,0
21,3598469,28379658,4871576,608189,94614,0,2,부산,1.02,0,0,0
33,3211107,13023531,17255342,454528,158341,129336,2,강원,0.84,0,1919014,0
35,2277509,23302771,26893522,347733,99542,107169,1,서울,1.35,0,8807656,0
37,2510657,101394890,32780603,477511,92981,0,1,대전,0.98,0,296589,0
34,1264766,46589960,15973850,242087,116126,172465,2,강원,0.84,0,1663512,2
22,4284585,14127144,48174959,432316,105888,87758,2,대구,0.93,0,772420,0
29,885078,24244575,29800755,438665,70860,141631,1,충북,0.86,1,5080143,2
38,4496584,43065415,18242737,517864,69334,0,1,울산,0.94,0,4793968,0
38,2994090,32581422,13606693,266320,133374,362637,1,전남,0.78,0,0,0
31,3222659,75845724,6088526,561134,70844,0,1,부산,1.02,0,8049937,0
39,2994938,54565395,17285728,813009,150651,558579,1,서울,1.35,0,0,1
33,5535343,53627035,2508076,351214,92133,566397,1,강원,0.84,0,0,0
20,5130493,51612723,14477809,390313,29150,181147,1,대구,0.93,0,0,0
38,3012343,48810560,1734540,468955,130245,0,2,전북,0.8,0,0,0
22,2072115,43732006,22783096,180000,143354,0,2,경기,1.15,0,3284314,0
26,4537671,69038454,4526851,254598,128854,0,2,강원,0.84,0,0,0
24,2005863,45385582,25683707,581105,96563,0,1,제주,1.04,0,0,1
34,1562913,14930448,21227000,525172,102858,0,1,경기,1.15,0,0,1
19,3778896,86072825,10491927,413673,95635,110508,1,대전,0.98,0,0,0
32,5150492,10017559,3152559,252924,82806,0,1,경북,0.82,0,0,0
37,1231415,51409925,14388969,373929,118302,0,1,강원,0.84,1,0,1
35,3629461,40872482,17259797,406588,106576,183587,1,인천,1.08,0,0,0
25,2550787,18438762,67522708,180000,96184,0,3,부산,1.02,0,0,0
37,4160348,63493770,9509102,526288,82242,122489,2,전남,0.78,0,0,0
26,4884194,25366152,25983032,247421,113209,0,1,경북,0.82,0,0,0
33,2724022,45476606,8101502,377231,154389,905016,2,광주,0.91,0,3480124,1
29,1960643,12956946,6486748,218249,116165,0,1,세종,1.0,0,0,0
20,1630063,58755255,20694091,259178,59733,0,1,전남,0.78,0,0,0
19,4541183,54992236,11742573,595239,111583,166731,1,부산,1.02,0,0,0
22,1870897,27329501,17060842,576074,129285,159589,1,부산,1.02,0,4634087,1
38,3579102,25887873,600186,368991,132003,0,1,전남,0.78,0,0,0
39,4260671,75112909,9527346,378853,130497,0,1,부산,1.02,0,36578118,0
27,1112929,6043794,8275455,356018,111843,0,1,전남,0.78,1,0,2
39,2839622,34628561,5737674,528513,206883,333757,4,세종,1.0,0,0,1
20,4686707,21099207,13189474,264287,71211,0,1,제주,1.04,0,5590445,0
39,2154628,44463615,3427407,662505,171842,0,1,서울,1.35,0,0,1
23,2062596,20756415,20604718,557249,132254,352305,1,제주,1.04,0,0,1
19,1117103,52839082,12979890,449196,192727,0,1,부산,1.02,1,0,2
34,5283792,13975191,16080927,604533,68996,0,1,서울,1.35,0,0,0
27,6096751,63989504,21380465,241591,161389,0,1,전북,0.8,0,0,0
25,2923159,25047981,5045310,426342,165812,312596,2,강원,0.84,0,0,0
34,2245502,25492647,43709526,528208,102537,0,1,경북,0.82,0,0,1
25,4819696,37260651,6679234,718998,85540,201535,1,경기,1.15,0,0,0
34,1487868,59916706,40497809,393946,189605,0,1,경기,1.15,0,0,2
23,3392660,22668170,39835706,276515,79634,0,2,강원,0.84,0,0,0
20,2992948,24472582,1325373,567495,144674,0,1,경북,0.82,0,0,0
25,5320076,13684605,7553500,495184,162352,739188,1,광주,0.91,0,0,0
31,5556673,8980774,3149350,438852,101538,0,4,전남,0.78,0,0,0
23,2033695,16249899,22374185,180000,103062,0,1,경남,0.86,0,0,0
22,3278032,27625215,7792840,495652,169827,0,1,경북,0.82,0,0,0
34,2386390,25981774,6215873,421570,101245,0,1,세종,1.0,0,0,0
29,2688574,23860604,12526834,419125,89625,0,1,충남,0.87,0,0,0
28,3977360,11109160,17273971,345400,25000,0,4,세종,1.0,0,2191541,0
24,2640946,10304897,37129645,568475,148395,0,1,충남,0.87,0,0,1
19,3315238,8520722,35941651,202082,95409,245280,1,강원,0.84,0,0,0
20,4603278,28198092,8051344,719903,139400,0,1,세종,1.0,0,0,0
33,5851284,45059873,2898676,440742,105530,292662,1,울산,0.94,0,0,0
20,3453106,29141976,20158571,352037,155881,0,1,충남,0.87,0,0,0
24,3208427,39413769,11114177,237893,155730,0,2,전북,0.8,0,5673500,0
38,1894598,19991267,38923382,267462,74079,55237,1,경남,0.86,0,0,0
26,6031736,27498384,39877994,308961,92681,0,2,충북,0.86,0,0,0
34,3774595,23705033,28037411,511031,135640,1097668,2,경기,1.15,0,0,0
26,1502651,24098514,16157714,440160,157733,210276,1,강원,0.84,1,0,2
38,3163607,16567459,20467316,397645,115514,0,2,대전,0.98,0,6286284,0
36,3561645,13702018,25489562,663888,127199,0,2,서울,1.35,0,375830,0
28,4250393,29843707,23601870,660051,127498,0,1,경기,1.15,0,0,0
33,4482712,17327933,9235257,531428,78268,259592,1,충북,0.86,0,0,0
27,6096936,15328285,10023406,556365,97009,0,1,제주,1.04,0,16683896,0
38,3385487,33400110,11643882,517747,105517,230891,1,세종,1.0,0,36173887,0
26,6484717,40553149,59403846,197677,145712,512511,2,울산,0.94,0,0,0
36,4806468,60066271,930919,567123,178122,0,1,경기,1.15,0,0,0
31,2972149,7752750,8332509,248295,77288,0,1,충남,0.87,0,0,0
32,1489098,21847311,15480111,745477,144955,350918,1,서울,1.35,0,0,2
26,3164305,32057912,19006261,392048,115681,0,1,경북,0.82,0,1421512,0
36,5961291,49048295,7044444,507134,89600,0,2,전남,0.78,0,6202040,0
34,2185355,55459629,50443250,561711,79289,566710,2,제주,1.04,0,15962059,2
36,1806731,39718921,37397230,433081,118462,157446,2,대구,0.93,1,0,2
35,3274567,23135083,54489551,323663,93287,0,1,인천,1.08,0,0,0
22,4573396,29872588,19125279,180000,124615,0,1,대전,0.98,0,11345492,0
37,2581531,35192404,35665009,379251,72084,279997,2,전남,0.78,0,8269949,0
36,2098676,20740802,8197512,442773,73806,0,1,부산,1.02,0,3778712,0
24,3897138,12823554,14683884,487284,146552,0,1,경남,0.86,0,0,0
39,2215516,40699863,1908802,598622,120596,0,1,인천,1.08,0,0,1
30,1385241,52063997,34802709,656119,125723,0,1,서울,1.35,0,0,2
25,6729505,16364568,25912770,468708,94729,0,1,부산,1.02,0,15659928,0
23,4543805,94375524,15775284,180000,134141,0,1,전북,0.8,0,3372486,0
26,6855137,2915866,11743553,554849,102526,0,1,충북,0.86,0,6685842,0
19,4441389,25110377,29803391,207341,137256,0,2,광주,0.91,0,0,0
33,4086539,32603497,38545027,255993,93269,0,1,충남,0.87,0,0,0
33,3575274,61827295,56851290,267639,71957,178309,1,충남,0.87,0,690827,0
33,2815527,17267248,20737069,362025,83046,0,1,강원,0.84,0,14658701,0
30,3801316,20716155,16125013,399507,126817,83976,1,세종,1.0,0,0,0
26,2404283,18627265,12128681,444852,80712,310404,1,경기,1.15,0,12912808,0
34,1925861,60923827,25512483,502075,173871,0,3,대구,0.93,0,0,2
37,2643978,68686321,7976336,276675,64372,210900,1,세종,1.0,0,8988463,0
20,5314736,18776821,28089369,403905,108521,0,1,인천,1.08,0,21914369,0
27,1795362,13833675,8260316,180000,153683,0,2,세종,1.0,0,9440629,1
39,1807671,27701676,19242504,368613,125295,377287,1,경기,1.15,0,0,1
37,3933008,12952305,5548999,180000,94812,313553,1,전남,0.78,0,3320458,0
39,2551440,68880781,13141026,617253,155568,0,1,경기,1.15,0,0,1
22,3758066,25511036,27566568,518854,82798,750821,1,경기,1.15,0,0,0
28,4668231,52555854,31046418,242224,98826,0,1,충북,0.86,0,0,0
21,3719542,20558805,13383402,180000,55835,0,1,부산,1.02,0,14477197,0
37,2323968,114962742,2178519,250910,142496,0,2,대전,0.98,0,0,0
29,5295213,46706942,2283764,308351,131163,0,1,대전,0.98,0,0,0
24,4196515,32931290,47680351,349670,132130,0,1,부산,1.02,0,0,0
20,3085388,38243318,74594874,351496,112157,469161,2,전북,0.8,0,0,0
34,3021825,19998445,13774082,191261,111985,0,4,충남,0.87,0,0,0
36,3582133,29614490,2350028,250752,114243,0,1,대구,0.93,0,13699461,0
37,2667092,58509028,5583598,180000,119812,0,2,충남,0.87,0,0,0
39,1512439,33650280,4525138,368683,112157,0,2,전북,0.8,0,0,1
36,4211039,52278628,37858741,180000,75876,0,1,강원,0.84,0,0,0
35,4104817,27162156,9888186,180000,29443,0,1,강원,0.84,0,2148011,0
36,1133923,32309654,120956554,262211,182001,0,1,경남,0.86,0,0,2
39,3798979,65454888,5146884,638793,87985,37016,1,울산,0.94,0,3836937,0
28,6491084,32149828,5576908,426820,103873,0,1,광주,0.91,0,0,0
34,1878093,38431550,9837047,335685,147452,191918,1,강원,0.84,0,583462,0
36,1742231,34714884,8634291,664756,119831,290032,2,경북,0.82,1,0,2
21,2820430,18173155,31782712,251554,57536,0,1,전북,0.8,0,0,0
33,6228395,28137904,20929208,434954,74533,0,1,경기,1.15,0,0,0
26,4938931,27418565,27252149,323055,141490,360336,2,울산,0.94,0,0,0
21,1051315,61909685,17874110,548202,128493,0,3,전북,0.8,1,0,2
22,3533372,26529587,22767934,513455,94369,0,2,부산,1.02,0,0,0
21,8209488,53758563,15081612,534492,111434,0,1,제주,1.04,0,0,0
37,2331512,19494669,32785391,354951,108507,70467,1,전남,0.78,0,0,0
35,3035407,40472423,29110050,274264,116704,304999,1,경북,0.82,0,9701678,0
21,3803607,3434778,9065178,481460,130029,171338,1,경기,1.15,0,829936,0
32,2346250,16216683,10083045,247441,94871,0,1,강원,0.84,0,0,0
32,6509866,17807573,7001257,404620,136531,0,2,세종,1.0,0,36082706,0
29,2489033,21840870,16308765,414625,129708,0,1,충북,0.86,0,0,0
31,908442,57947358,19854312,325260,138554,0,1,경북,0.82,1,0,2
38,2433667,18264804,9668602,520512,136995,119014,1,광주,0.91,0,3921813,0
29,4038770,63677652,10254669,412807,134566,0,1,강원,0.84,0,0,0
32,1090359,11315089,6784420,422992,93225,234010,1,충남,0.87,1,0,2
30,3473238,22184803,5026146,250295,103259,0,1,전북,0.8,0,0,0
27,3884671,21845853,9187260,185405,77361,0,1,전남,0.78,0,13359164,0
37,1813575,81642238,14557323,283802,118598,0,2,대전,0.98,0,0,1
27,2393483,44326802,7983421,622089,84830,0,1,제주,1.04,0,0,1
35,3543798,94305671,7870303,387956,136147,0,1,서울,1.35,0,0,0
31,4125465,103074255,76817787,365045,153982,0,4,세종,1.0,0,0,0
33,2419267,60716499,9528437,413711,108896,0,1,충북,0.86,0,273771,0
34,3255688,21553674,23490031,408193,96351,0,1,경기,1.15,0,574755,0
34,2699453,41293381,26003838,392746,127971,0,1,울산,0.94,0,8114951,0
30,4170839,31311973,19195660,394684,145050,0,1,충북,0.86,0,0,0
31,3813279,21205630,25839095,204329,82748,0,1,충북,0.86,0,0,0
29,2597486,55413926,20685599,365860,117804,0,1,인천,1.08,0,0,0
26,3746689,8258347,3007213,413885,121436,69032,1,대구,0.93,0,0,0
34,2554162,20959077,18595835,391542,100729,0,1,대구,0.93,0,0,0
37,3712878,14052755,11211679,193181,126871,508137,1,충북,0.86,0,0,0
33,3735188,15768404,7198411,448808,54244,0,2,대전,0.98,0,3585876,0
35,8454439,19084156,51511199,312788,120515,0,2,강원,0.84,0,2823712,0
36,2639393,27031273,1739939,496675,170374,87775,1,전북,0.8,0,2053022,0
26,1322583,55501197,19637428,319013,126774,0,1,전남,0.78,1,0,1
20,2309040,16515229,24537317,371947,113780,0,1,부산,1.02,0,2503992,0
26,800000,56656554,43712151,422192,66355,0,1,경남,0.86,1,0,2
34,2506440,105989343,23598925,606539,101752,0,1,인천,1.08,0,32682623,1
36,4059805,66774603,13667909,412991,130512,126288,2,서울,1.35,0,0,0
29,4188112,14707175,2646471,547765,122967,129861,1,서울,1.35,0,2960582,0
35,3463515,19530108,2534664,180000,69245,1600000,1,부산,1.02,0,0,0
20,2685757,55230249,9240506,228146,116765,0,1,경북,0.82,0,0,0
32,1346457,20194466,45824249,590081,82429,0,2,부산,1.02,1,0,2
33,2056292,30892695,2668586,247397,89031,0,1,충남,0.87,0,0,0
29,2400507,39921423,18372598,461301,142071,97954,1,울산,0.94,0,22974320,0
34,1747588,48748629,56299826,581954,111349,0,3,서울,1.35,0,0,2
29,2558400,32978390,54303396,258422,88063,0,1,울산,0.94,1,0,0
29,6720192,11311679,18713313,529084,85236,0,1,서울,1.35,0,0,0
31,1326734,24360281,37510206,581914,86966,310431,1,세종,1.0,0,0,2
35,3453972,66544825,9403527,493885,89597,216348,1,강원,0.84,0,2191172,0
24,3429447,25762137,25744397,715965,142030,24078,1,세종,1.0,0,102956,0
25,3336523,84174908,24506935,180000,109339,549307,1,대구,0.93,0,53535868,0
27,1503464,33499895,5401001,417207,149307,61588,1,전남,0.78,1,0,1
23,4734247,11972228,462303,180000,68030,0,1,충북,0.86,0,0,0
26,3638774,42276764,17726240,389017,155642,0,2,대구,0.93,0,8647101,0
26,4757936,64445763,30860140,346570,105442,0,1,울산,0.94,0,0,0
25,986422,29620444,45233648,295887,107388,0,2,경기,1.15,1,0,2
27,1682655,31867666,20019737,275445,100606,0,3,경남,0.86,0,0,2
29,3677198,38052921,24973721,280008,186686,0,2,전북,0.8,0,0,0
33,800000,45533580,7921389,469509,93775,0,1,대구,0.93,1,0,2
25,4800017,15220992,36382810,180000,181619,228173,1,충남,0.87,0,0,0
36,1222251,12070654,30377006,244489,139362,0,1,충남,0.87,0,3854794,1
29,2493455,46651102,23995077,420333,70239,0,1,충북,0.86,0,0,0
34,2340338,35385194,12453491,697177,86043,550380,1,서울,1.35,0,0,1
21,2643806,35321856,14519683,702484,114761,385728,1,경북,0.82,0,798799,1
22,3412394,22248362,13389815,475383,116513,392923,1,제주,1.04,0,3229461,0
28,3616559,38796043,14383319,536476,98938,0,1,제주,1.04,0,0,0
26,4015769,12395558,31107200,392257,94147,502118,2,제주,1.04,0,0,0
29,4219792,22474382,23979036,539386,163128,0,1,경남,0.86,0,0,0
22,2833140,10506891,1127675,234782,112987,0,1,전북,0.8,0,9639858,0
28,7552544,23524079,12194827,591315,136159,0,1,서울,1.35,0,10207943,0
33,5537762,14722112,22594808,423869,114787,0,1,울산,0.94,0,0,0
34,2667086,51116694,13202698,467182,111977,397222,1,대구,0.93,0,15972398,0
24,2875671,70566284,5201749,583510,187848,109457,1,부산,1.02,0,0,0
26,2643043,8532609,31459002,291015,128099,0,1,경북,0.82,0,7221914,0
30,3565699,31246853,110458504,285892,199220,671393,1,전남,0.78,0,0,0
29,2008139,27752476,5080355,256956,139243,0,1,세종,1.0,0,1153762,0
35,2171983,83589701,1281497,394390,84769,0,4,전북,0.8,0,2740133,1
27,1201023,29756787,59442564,180000,157292,0,2,인천,1.08,0,0,2
33,2569516,63883667,7969299,421871,109751,0,1,부산,1.02,0,0,0
37,4821032,51866029,25811797,665630,161406,0,1,경북,0.82,0,9329995,0
25,2856903,33050900,7176007,452060,87018,556767,1,울산,0.94,0,0,0
36,2926455,29177996,53759008,225534,53007,259619,2,강원,0.84,0,0,0
25,3437519,33085737,31622172,444048,114254,505049,1,울산,0.94,0,0,0
26,1982145,12233754,7893055,446099,163816,0,1,부산,1.02,0,0,1
32,3083344,24016586,5314953,211018,85969,0,2,경북,0.82,0,0,0
32,4472660,10096316,5766645,180000,127895,528947,1,전북,0.8,0,0,0
30,3479761,71682242,9800274,377065,85551,0,1,충남,0.87,0,0,0
23,4644819,29529331,36111957,326549,143066,647258,1,광주,0.91,0,0,0
21,5252574,64110117,1672062,353595,96145,0,1,충북,0.86,0,0,0
38,4055424,33803490,9399158,573248,122270,0,1,제주,1.04,0,0,0
37,2244300,36117900,29764579,532736,97480,449484,2,충남,0.87,0,0,0
37,2630472,50846233,34986741,497566,85737,702971,1,세종,1.0,0,0,0
29,6998402,27700292,39909388,313148,43167,53986,1,대구,0.93,0,0,0
37,3491160,32570863,3708898,471015,66505,167434,1,세종,1.0,0,0,0
28,3296802,22182324,12266757,546299,100276,0,3,광주,0.91,0,0,0
20,2107198,11042568,7257721,501406,124627,0,1,충북,0.86,0,3808802,1
23,2932377,19717739,79421978,568240,184590,404913,1,서울,1.35,0,0,1
24,2335077,54470175,19586400,371685,94247,240196,1,부산,1.02,1,0,0
26,3069532,20357645,5142072,497855,84866,0,1,전남,0.78,0,0,0
38,2439539,102415672,51175812,522319,63645,0,2,광주,0.91,0,373768,1
25,2695451,4438155,14129646,528480,140625,0,3,울산,0.94,0,0,1
31,5091775,60115572,15798912,765277,128481,0,2,강원,0.84,0,0,0
24,4064486,21347900,62229409,437115,126341,0,2,울산,0.94,0,5738113,0
32,3837338,43865805,15977208,503732,119663,242356,1,전북,0.8,0,1981405,0
30,3686660,18060233,42756767,450908,97397,0,1,대구,0.93,0,0,0
22,1833889,5026623,9171788,342913,155145,0,1,전북,0.8,0,0,0
28,3428942,50607584,33365075,263911,85256,0,1,부산,1.02,0,23164963,0
21,4827771,64088832,19327244,290992,93436,0,1,광주,0.91,0,9600716,0
37,2726300,35210677,31523092,238757,72909,0,2,강원,0.84,0,0,0
33,1965577,24649690,16461456,213014,104409,0,1,경남,0.86,1,3364560,0
38,3855841,40394239,19036735,408340,85302,101257,1,부산,1.02,0,0,0
37,4353765,31218455,37127437,332120,86452,0,1,강원,0.84,0,0,0
23,1359496,21004536,10262743,683888,73305,210461,2,경기,1.15,1,0,2
33,4465465,33669376,11554899,358153,81754,0,2,경기,1.15,0,34597372,0
21,1624709,39027005,57774583,388792,50859,383915,1,전남,0.78,0,2961813,2
39,3093782,44070386,6716766,400782,120133,98374,2,전북,0.8,0,1351271,0
35,4144317,23456879,10869707,460052,79842,200873,2,광주,0.91,0,0,0
33,3464438,29030386,7281383,378836,165312,495246,1,충북,0.86,0,15374257,0
39,2442763,19836602,9474706,694000,143164,0,2,광주,0.91,1,0,1
36,2850770,48629821,3167186,325573,112899,0,1,대구,0.93,0,2711451,0
37,2410263,24152630,26045078,322146,130634,0,1,울산,0.94,0,825122,0
21,1507329,1732635,31141892,423552,141608,0,1,대전,0.98,0,0,1
19,2712216,16708095,825486,418601,89837,0,1,전남,0.78,0,0,0
39,3809119,45861932,11513602,438490,102899,0,1,광주,0.91,0,0,0
24,4230733,38660675,12097873,433292,149294,0,1,대전,0.98,0,18451067,0
27,1671116,56954674,4466399,458274,148477,0,1,강원,0.84,0,5389782,1
19,5055776,106550565,4105041,450240,80606,219367,1,전북,0.8,0,10986624,0
32,902571,33815658,11263461,412740,190818,157662,1,대구,0.93,1,0,2
36,2895182,35242861,37545556,588333,61578,442076,1,경남,0.86,0,0,0
36,1352714,34172157,20620559,466365,30687,0,1,울산,0.94,1,3429130,1
31,3649386,25382661,19663966,338273,169429,427200,1,충남,0.87,0,0,0
32,3175908,12845583,10008978,639651,138384,0,2,제주,1.04,0,6739614,0
29,4082331,11698502,5078822,180000,117169,0,2,울산,0.94,0,0,0
28,6739445,25539571,67449610,212832,140793,0,1,부산,1.02,0,12319898,0
30,3619074,71521751,33721856,291141,83835,0,1,전북,0.8,0,46922621,0
38,2380164,26910024,54262886,383233,58871,0,1,서울,1.35,0,0,0
24,3718801,43693573,21447765,513786,94941,175487,4,울산,0.94,0,9086813,0
28,7039601,62499732,38496365,527206,88477,361414,1,제주,1.04,0,0,0
31,4044540,49950013,27958843,614469,76084,0,1,울산,0.94,0,0,0
30,4580416,49386782,5745204,321155,88045,0,1,충남,0.87,0,0,0
19,1537110,8690760,67594322,431702,91397,0,1,세종,1.0,0,23270938,2
25,3602037,21263050,38246942,587145,95922,0,1,부산,1.02,0,0,0
32,2717994,9209774,14807033,457371,124898,109434,1,대전,0.98,0,9144372,0
33,2276611,20250315,4746552,595025,131524,0,1,세종,1.0,0,0,1
34,1893876,12145166,5895099,516971,125784,0,1,경기,1.15,1,0,1
39,1501980,51289903,21497473,582741,25000,0,1,울산,0.94,1,0,2
33,2331829,14411868,15181630,313253,75074,264344,1,울산,0.94,0,24452274,0
31,3307462,13833800,8458697,180000,72909,0,2,경북,0.82,0,0,0
25,2830751,24866176,23998879,415653,155644,381474,1,인천,1.08,0,0,0
26,4125513,4596546,14586078,348742,78344,0,3,경북,0.82,0,1796093,0
36,3363556,108828531,13072677,464547,43616,0,1,광주,0.91,0,0,0
28,1437814,22102951,4806902,461616,133255,0,2,충남,0.87,1,19067940,2
34,2001036,63363180,14907662,273686,111674,21891,2,강원,0.84,1,0,1
21,3872006,8442415,47570339,244929,199564,0,2,대전,0.98,0,7951081,0
21,3042031,32955914,4206226,616618,60580,0,2,경남,0.86,0,32510654,0
23,1243293,38384521,46961360,380974,104812,0,1,부산,1.02,0,4447919,2
23,3803968,10380462,64170762,461187,83402,0,1,서울,1.35,0,0,0
31,2060636,50316163,16809126,390478,71370,0,1,전북,0.8,0,0,0
32,2938970,22771841,18099488,242509,80125,0,1,충북,0.86,0,1487745,0
30,3577599,20556150,16517631,279611,70476,0,4,경남,0.86,0,0,0
25,5410514,10827372,23296342,509099,117186,0,1,울산,0.94,0,0,0
31,6735152,54775511,17002328,468640,121905,0,1,서울,1.35,0,12258895,0
21,2052416,32433455,39145633,388507,118596,0,2,서울,1.35,0,12218635,1
28,921332,33870620,1436421,391349,155070,0,1,울산,0.94,1,3687364,2
22,3508540,30129559,77201513,340828,129994,0,1,대구,0.93,0,8370667,0
20,3385107,31681833,28717849,540965,138161,0,1,경남,0.86,0,19813311,0
22,1819087,14007519,24079018,512635,119410,0,2,인천,1.08,0,0,1
21,3028303,42888251,26654245,409763,118862,0,2,경북,0.82,0,0,0
29,3943561,15157928,19709532,307833,144910,0,1,부산,1.02,0,0,0
30,1101311,32747565,33150641,476465,73749,0,1,인천,1.08,1,55661682,2
31,1988678,25964547,17939931,255501,87567,0,1,대구,0.93,0,0,0
28,2312092,20311118,13961193,607447,116321,0,1,인천,1.08,0,0,1
22,2783947,23316193,24172713,401937,111473,0,1,광주,0.91,0,444002,0
19,4110519,30794207,22168083,415921,61817,0,3,대전,0.98,0,1231425,0
33,2650517,49901736,28514959,489789,138671,0,1,세종,1.0,0,0,0
39,3123418,40665667,9340530,312685,158861,371565,1,강원,0.84,0,0,0
24,8012462,51152828,3244632,563507,167428,555378,1,서울,1.35,0,8149510,0
23,2021679,14756891,23138897,339889,89496,0,1,인천,1.08,0,12496893,0
25,2303327,21447675,34595502,689235,143507,0,1,인천,1.08,0,0,1
23,2055798,37952553,68663480,331912,98329,276269,1,부산,1.02,1,0,1
23,4664591,8482648,29917245,446980,117767,0,1,경기,1.15,0,0,0
29,3645545,49207110,7486869,541527,150132,67693,3,대전,0.98,0,0,0
35,6639241,18815856,37144695,333230,155402,531313,1,강원,0.84,0,0,0
33,3496099,90496737,19748233,180000,96090,0,1,대전,0.98,0,0,0
39,1303975,22365947,43730947,659330,93385,0,2,대전,0.98,0,0,2
26,3179900,80017419,10097780,359879,163121,0,1,울산,0.94,0,4628799,0
29,2386001,47743076,13838231,257914,104948,0,1,강원,0.84,0,0,0
26,5529960,8118198,33113415,382347,25000,0,1,대전,0.98,0,0,0
19,4617853,11571409,37777205,345502,127839,0,1,부산,1.02,0,0,0
27,1539680,9254657,22141125,322973,81972,0,1,광주,0.91,0,0,1
24,5450887,20108040,37765285,585995,109751,245907,1,서울,1.35,0,18252165,0
29,4567974,53231216,36296373,180000,132761,113168,1,세종,1.0,0,0,0
22,2652819,71693587,18899007,555869,48167,0,1,제주,1.04,0,0,0
34,2948839,15869506,18501496,525058,136769,142244,1,광주,0.91,0,9200936,0
36,5549888,19872937,76056774,183119,62271,0,1,경기,1.15,0,7948171,0
39,1306552,46096530,8842698,422470,81603,0,1,전북,0.8,0,17723954,1
20,3693826,7033415,4295062,384739,124896,0,3,인천,1.08,0,0,0
21,4880793,50195309,20863284,384825,69375,0,1,부산,1.02,0,9227145,0
39,2935844,52107105,21615909,518336,70816,0,1,인천,1.08,0,13444956,0
36,4029905,40130978,4784088,513033,120644,0,1,경남,0.86,0,0,0
31,1854238,54893385,19716199,499976,131406,0,1,제주,1.04,1,309088,1
25,2177124,48483269,3369949,201529,102261,0,1,강원,0.84,0,0,0
29,2153854,15764377,8810033,397881,130604,0,1,충북,0.86,0,0,0
30,4142383,12802255,22187998,432556,249912,0,1,충북,0.86,0,0,0
36,2320512,34702919,3691500,293610,56776,0,1,충북,0.86,0,0,0
30,1583396,54410536,12357462,259606,30102,0,2,강원,0.84,0,308382,1
19,3214825,10853509,1555554,476511,152198,0,1,제주,1.04,0,21962648,0
33,2446153,18892042,8996669,438146,66210,0,1,전북,0.8,0,0,0
35,1821254,17469142,50731865,377748,128234,248183,1,경기,1.15,0,1315312,1
25,3145563,18760226,79994061,324168,131270,285142,1,광주,0.91,0,0,0
21,4242152,949058,16808202,290052,111667,0,1,제주,1.04,0,1558599,0
21,3076542,12440771,22666548,425682,119745,111443,1,광주,0.91,0,0,0
36,1928337,47069619,5973098,223355,172266,0,2,부산,1.02,0,7466109,1
28,1593493,53563105,19490320,394092,86613,0,1,경북,0.82,1,0,1
30,4760053,105176032,42873966,450303,153607,0,1,충북,0.86,0,0,0
39,7899080,37145696,15958583,345139,62632,0,1,강원,0.84,0,0,0
20,5669690,15685181,37707443,452944,122963,0,1,울산,0.94,0,23542305,0
23,1979487,86122824,11065449,521904,130798,0,2,인천,1.08,0,24341768,1
36,4411069,33826568,2312395,237857,107349,341068,1,광주,0.91,0,0,0
30,3405688,31222787,12654298,260843,144637,0,1,울산,0.94,0,0,0
19,1858443,62223070,8540055,340806,110435,0,2,경남,0.86,0,0,1
33,3445860,10254967,37380919,376995,123198,491687,1,대전,0.98,0,0,0
21,3953305,27897338,41707558,331054,89051,0,1,인천,1.08,1,0,0
35,5100626,16212218,5089795,268415,75742,90688,1,울산,0.94,0,13768568,0
35,1972611,9601462,27898530,180000,77067,93849,1,제주,1.04,0,6277200,0
36,3068043,22649599,33042644,639760,90544,37031,1,세종,1.0,0,0,0
28,3768065,77054858,10641131,639746,65178,0,2,광주,0.91,0,11774409,0
24,1449593,5205770,17770592,264621,174510,0,3,충남,0.87,0,3003771,2
37,1471237,25740470,26186537,180000,98359,350383,1,충남,0.87,0,0,1
30,3259688,49086505,40683462,587862,111242,0,3,대전,0.98,0,13534939,0
32,3278027,20087218,21685125,180000,72709,0,4,제주,1.04,0,0,0
21,1383269,99263103,21923534,505693,180474,0,1,충북,0.86,0,0,2
32,3603733,32252926,44189373,645342,110783,57881,2,서울,1.35,0,0,0
31,4867281,10175203,4937306,372110,89399,0,1,광주,0.91,0,0,0
25,2776724,11974427,848863,590816,91523,0,1,경남,0.86,0,0,0
35,3129461,14310203,26755040,293150,102635,0,1,광주,0.91,0,0,0
21,3899501,12752158,17930230,477786,97847,0,1,강원,0.84,0,0,0
34,3683724,27622436,4181960,363386,61812,0,2,충북,0.86,0,0,0
39,1488299,57436561,26977336,198791,139247,352255,1,충남,0.87,0,0,1
30,2066672,116537969,3880122,654595,69055,360358,2,경북,0.82,0,3119554,2
21,2572619,20721145,21518540,375374,142090,0,1,인천,1.08,0,0,0
30,2106412,43784373,29854234,361295,65437,0,1,세종,1.0,0,0,0
30,5731275,28522740,32430507,449475,114543,0,1,강원,0.84,0,0,0
30,4006693,14396581,14556082,650296,77907,366807,1,인천,1.08,0,0,0
24,1892615,14333523,31889196,180000,83667,0,1,충남,0.87,0,0,0
32,2781463,76475866,16390133,674251,130597,0,1,인천,1.08,0,16616761,1
24,4959030,17033524,7129745,428830,152014,0,1,울산,0.94,0,0,0
30,2310026,84941133,10005996,431724,175349,0,1,대전,0.98,0,0,0
31,4398760,30680300,12820937,463201,126818,309052,1,인천,1.08,0,0,0
32,5528458,37873133,25356599,321237,106969,0,1,전남,0.78,0,9010422,0
35,5145292,67188033,23053657,187400,76744,0,1,대구,0.93,0,0,0
37,3296019,42960958,9617684,475637,47832,0,1,대구,0.93,0,0,0
35,5223054,18865584,21632099,376195,129752,297618,2,경북,0.82,0,503117,0
35,2436541,36650125,3800420,329352,99171,0,1,경북,0.82,0,5590633,0
37,8882389,41119746,36816432,599679,120017,0,3,서울,1.35,0,0,0
24,3382811,31088147,29175973,359810,96523,0,1,대구,0.93,0,0,0
25,4994129,24529964,3002440,360898,82474,754267,1,전북,0.8,0,358330,0
30,2610333,32227577,26836848,377357,130843,270846,2,전남,0.78,0,6614390,0
28,3780627,68803044,15953875,431179,172553,628640,2,제주,1.04,0,3069715,0
33,3852918,25072254,12948778,267850,66485,0,1,강원,0.84,0,0,0
19,2045706,23977960,5121389,728238,54110,0,1,서울,1.35,0,0,1
21,2019825,51100251,32183776,185555,99816,0,1,경북,0.82,0,0,0
34,2793249,63507672,42633104,577076,88638,0,1,인천,1.08,0,0,0
36,2174471,13395887,59138516,360664,155189,421330,2,인천,1.08,1,0,1
25,1387672,3699573,37015512,464200,126852,553522,1,충남,0.87,0,2688508,2
25,2609390,45234430,18200005,567369,175266,0,1,충북,0.86,0,0,1
30,5356907,39537639,26996896,486596,153023,0,1,경기,1.15,0,1974988,0
29,1795576,28953693,811799,623953,117428,0,1,인천,1.08,0,0,1
22,5229517,47852138,14079654,465360,114085,154435,1,충북,0.86,0,0,0
29,1877969,25359454,14777910,436656,124155,319579,1,대구,0.93,0,0,1
36,2056548,40782071,6278067,479593,77285,261315,2,충남,0.87,0,1262916,1
34,2862903,25113285,15420511,363702,125252,0,1,광주,0.91,0,2488485,0
36,6825933,17532241,7272454,604092,156451,428710,1,강원,0.84,0,2055445,0
32,2316225,29383430,39670813,413937,89886,0,1,세종,1.0,0,7070100,0
37,1447688,13315678,17783843,298871,101556,266123,1,광주,0.91,0,0,1
24,1669141,11721655,9547844,385779,134545,20671,1,대전,0.98,0,9572477,1
19,4553423,25088610,34475931,470104,161601,0,1,충남,0.87,0,0,0
21,1703361,35182290,4568310,337980,86021,0,3,세종,1.0,0,0,2
39,5083329,75829025,61806442,554548,117479,0,4,충북,0.86,0,268521,0
32,3142918,32646524,18341664,539877,107384,0,2,강원,0.84,0,0,0
24,3007969,12357159,16371594,285361,102848,0,2,부산,1.02,0,0,0
36,1704042,16090987,2392641,504532,43855,289800,1,경남,0.86,1,0,1
25,2161378,57370314,15064439,238541,82433,0,1,강원,0.84,0,0,0
31,3236286,32054215,11858597,243312,64636,0,1,전북,0.8,0,0,0
24,1825986,22987419,24101909,281120,103334,375766,2,경북,0.82,0,10087611,2
20,5447543,29921692,13692183,280707,93064,0,1,경남,0.86,0,0,0
24,1960902,48253259,4176471,499735,67517,574463,1,충남,0.87,0,0,1
23,1543162,72746063,10884193,382333,97838,494943,1,전남,0.78,1,0,2
30,1954626,13039316,8709932,512251,177298,0,1,세종,1.0,0,0,1
19,2425078,21409645,3623306,370247,84397,0,1,전북,0.8,0,22948240,0
24,2597096,45172200,43536051,315326,97990,0,1,대전,0.98,0,0,0
30,9000000,12458814,1734436,302765,99685,441305,1,전북,0.8,0,6495078,0
27,3031113,94308926,46624879,610499,89807,0,1,경기,1.15,0,9118244,0
32,2142308,24251255,16063395,329800,53703,365775,2,경남,0.86,0,2979542,1
32,1169208,109746804,29260615,575772,173785,576748,1,대구,0.93,1,1252693,2
39,1597009,16366127,41099346,253243,45058,0,1,충남,0.87,0,0,0
36,2843807,66413610,13343978,618023,59702,0,1,서울,1.35,0,0,0
23,6760581,14290289,21147051,513418,139971,0,1,인천,1.08,0,0,0
33,3524148,32637405,11216450,629294,41155,462053,2,제주,1.04,0,2459509,0
32,4497870,47120750,12237415,495460,135025,0,1,경북,0.82,0,0,0
31,2062391,59432828,30337722,469324,142581,0,3,부산,1.02,0,0,1
35,2794643,42272154,18488506,486251,85706,266261,1,인천,1.08,0,0,0
22,3329492,25324835,15078608,218290,108614,120462,1,전남,0.78,0,7635212,0
26,2232807,30365680,7067372,450806,111113,0,3,제주,1.04,0,0,1
36,3622428,150295311,17626815,783102,85578,0,1,인천,1.08,0,6293451,0
37,3974011,67982922,10224692,262122,87607,284474,2,충남,0.87,0,0,0
19,3851899,10548613,16926745,332381,104967,0,1,대구,0.93,0,3558817,0
28,2858153,32462355,4969762,180964,91255,303102,1,전북,0.8,0,0,0
24,4875553,38306191,9371261,324987,130828,309467,1,울산,0.94,0,0,0
22,1250976,1502454,23953854,307154,108498,0,1,인천,1.08,1,0,1
20,2625178,63230087,27821090,247817,127356,0,2,대전,0.98,0,0,0
30,5668947,14394109,17209816,409126,94907,149044,1,강원,0.84,0,4606670,0
33,930836,22794619,10676887,447059,129564,0,1,전남,0.78,1,4644019,2
30,885012,13785220,12734118,660463,150636,0,1,서울,1.35,1,14849455,2
26,2100091,57235985,2045483,347396,43586,0,1,제주,1.04,0,0,0
35,3602599,52820655,39567956,180000,122375,445375,1,충남,0.87,0,5366767,0
32,5296709,64171255,31428881,180000,83728,414480,3,경북,0.82,0,0,0
38,2295886,89417731,43343169,180000,93562,0,1,경남,0.86,0,0,0
26,6656020,34062997,53311195,278464,124715,0,1,인천,1.08,0,0,0
24,1575525,17505653,26433710,433618,119586,0,1,경기,1.15,1,0,1
28,2902185,34373836,65017916,291475,98983,0,1,전남,0.78,0,11452670,0
29,2116298,20145793,15563865,400727,135584,0,1,부산,1.02,0,49960922,0
28,7058442,44313029,21173008,685506,120034,0,1,인천,1.08,0,17081683,0
36,2859130,75182908,9096812,737744,84138,0,1,울산,0.94,0,0,0
19,1720107,12416195,3702630,383538,147374,0,2,경남,0.86,0,0,1
30,8775284,35531369,9032513,180000,144418,109965,1,전남,0.78,0,17890456,0
28,2347530,28548856,10936237,378931,112466,332999,1,세종,1.0,1,0,0
23,4300102,26264769,32174128,388689,92896,0,2,부산,1.02,0,0,0
32,6285293,59859108,20740874,517947,84561,0,2,대전,0.98,0,7059919,0
35,3972360,46868687,22663657,189998,167691,0,3,충남,0.87,0,0,0
30,2830933,23698629,24856943,246228,107310,0,1,인천,1.08,1,0,0
20,3122086,23842896,23571644,465304,117096,0,4,세종,1.0,0,0,0
20,4181401,29278671,13492630,537741,134478,264412,2,서울,1.35,0,0,0
27,3005529,29403113,22013957,347223,25000,0,2,대전,0.98,0,0,0
33,3023609,39099600,30856879,265883,78404,0,1,대구,0.93,0,2874122,0
25,3211120,48839811,37985062,289815,186195,0,4,충남,0.87,0,0,0
25,2571556,9454549,32677724,375525,25000,0,1,경남,0.86,0,0,0
37,3788704,48543554,31496883,180000,61386,0,2,인천,1.08,0,0,0
19,1887065,42459735,16283479,341127,91426,0,1,전남,0.78,1,0,0
20,1995814,97091508,10837020,483303,74414,136754,2,충남,0.87,1,0,1
22,4015542,25232293,24474186,507560,86598,0,2,제주,1.04,0,0,0
39,4113722,47126464,44716677,612657,68491,89234,1,경남,0.86,1,11905058,0
29,4795953,56334503,16369813,453608,109282,280605,1,경기,1.15,0,963319,0
22,2789949,38079744,48540901,280937,120100,0,1,전북,0.8,0,451232,0
25,1560444,3889417,20909366,540584,122941,387448,2,충북,0.86,1,3606447,2
39,5599077,15608731,52032591,459340,86534,238839,1,경기,1.15,0,18176094,0
33,2027195,30049483,10011332,623321,144500,0,2,대구,0.93,0,4705927,1
23,7251915,27444820,8269506,500417,113925,126532,2,경남,0.86,0,6117562,0
24,2185942,35131928,4054376,407327,145969,0,1,강원,0.84,0,6305981,0
20,4491829,7710863,50556231,373105,121649,0,1,대전,0.98,0,0,0
35,1861717,48375927,23743271,388550,102405,0,1,대전,0.98,1,0,1
21,2983928,7834946,26941166,334914,99749,409324,2,경북,0.82,0,24296706,0
25,1741748,38022847,18233344,291958,122790,0,1,대구,0.93,0,0,0
26,4505805,12418153,22726582,560414,157945,0,2,인천,1.08,0,0,0
32,1752683,47773139,3384162,647478,112860,0,4,강원,0.84,0,0,2
31,1640089,61735192,25559788,200751,120195,0,1,제주,1.04,0,0,0
35,5021928,25066306,36381007,576697,132219,1508,2,부산,1.02,0,2765835,0
25,6584194,37629065,1457010,467294,48334,221230,1,대구,0.93,0,0,0
27,2289254,32438216,11838132,562673,60617,0,1,울산,0.94,0,0,0
27,4694908,15870742,8795750,385198,120064,0,1,부산,1.02,0,0,0
19,4295843,7363379,25005477,341907,75672,629190,1,충남,0.87,0,12847009,0
34,2932304,51190112,25613825,564403,101216,0,1,대구,0.93,0,0,0
30,5417004,92578269,35320105,440901,113292,0,1,인천,1.08,0,0,0
28,2842785,24287554,18483031,517053,194904,0,1,대구,0.93,0,0,0
39,3810198,15416748,1944951,321454,102735,0,1,경남,0.86,0,1631935,0
22,1778945,1492930,20120111,343223,34920,168736,1,경남,0.86,0,0,0
39,1811941,41137812,4286633,531471,119137,67254,1,세종,1.0,0,4197437,1
33,2267917,10780382,24692249,440353,145632,0,2,광주,0.91,1,0,0
23,3865766,4218952,3486204,472303,125793,0,1,전남,0.78,0,0,0
33,2868775,22180174,6982789,421499,128705,282045,1,부산,1.02,0,0,0
34,6927611,51137936,36427410,346971,83352,0,4,충남,0.87,0,0,0
26,2415869,42170237,14412171,515236,94425,0,2,충남,0.87,1,2688477,1
26,3683944,46065270,13663727,547525,77882,0,1,전북,0.8,0,0,0
36,1631027,29537174,6766904,354631,86715,279776,2,부산,1.02,0,0,2
22,1106321,18203722,30919250,483821,100306,20750,1,전북,0.8,1,0,2
19,2132151,57205601,21058668,264628,141123,27664,2,충북,0.86,0,0,0
32,3169686,24245160,18905327,381312,208870,0,1,경북,0.82,0,0,0
38,2039152,15515012,6029572,535445,118890,0,1,인천,1.08,0,0,1
29,1114077,15706529,17008566,309500,127837,0,1,충북,0.86,1,18600430,2
21,1152828,45869208,76203468,231885,25000,417758,2,경북,0.82,0,0,2
30,3277439,43139613,8805714,183290,95071,152517,1,대구,0.93,0,0,0
24,1135046,23076068,32774652,418127,161210,267209,1,전북,0.8,0,0,2
36,2657639,16645328,1343869,500741,118576,0,1,경기,1.15,0,0,0
31,2412451,42833945,25642688,326756,103928,0,2,전북,0.8,1,0,0
26,2235892,20702843,21819763,289838,210451,127698,1,충북,0.86,0,0,0
32,1912986,13362232,15450371,551421,154082,0,1,부산,1.02,0,0,1
33,2962304,53942908,27928197,518037,142307,0,1,경기,1.15,0,0,0
33,2135800,27785324,19820972,187167,105372,0,2,전북,0.8,0,0,0
26,3303474,29047286,22895555,382997,119980,0,1,대구,0.93,0,1076985,0
30,1956241,69517180,12840126,308439,186827,159683,3,세종,1.0,0,8513364,2
19,2915989,33848185,13216172,520780,193432,0,1,경기,1.15,0,9091507,0
27,1402974,45839704,8694786,566193,94071,230154,1,제주,1.04,1,0,2
26,3034927,28142619,2919993,415847,51644,0,1,강원,0.84,0,0,0
30,6161109,53215669,14530507,438136,110649,0,1,경남,0.86,0,0,0
38,1621643,18398652,39926356,582435,140489,280454,1,인천,1.08,1,3235340,2
39,3788812,20149984,11213169,349818,175658,0,1,부산,1.02,0,27460275,0
29,2331427,13360202,4804657,336816,105245,0,2,충북,0.86,0,0,0
32,1647150,23586135,7374865,180000,96716,0,1,충북,0.86,1,0,0
21,2710074,42547065,15068536,289752,146081,0,1,전남,0.78,0,12275574,0
29,1195616,18256096,16590696,293200,76616,0,1,경남,0.86,1,0,1
33,4031700,46930226,5996850,444697,98849,472661,1,전남,0.78,0,0,0
33,2459704,34596548,18558168,538333,113952,668835,1,인천,1.08,0,0,0
39,2570196,108607518,14540336,638499,109052,337281,1,대전,0.98,0,10935312,1
28,2474364,31625155,23223699,297029,153693,4558,1,경남,0.86,0,22915684,0
38,2453909,24888664,40728601,379103,127223,311575,1,강원,0.84,0,8521537,0
39,3285874,54345807,8737846,470489,89128,1009909,3,경북,0.82,0,0,1
31,2608119,31137820,7697779,691040,100245,0,1,강원,0.84,0,4543951,1
20,5808154,8941523,25771980,649489,217622,0,3,서울,1.35,0,16628918,0
26,9000000,23554605,22350268,425518,61472,156968,1,세종,1.0,0,6572668,0
35,2389123,31559576,23078169,363128,42292,0,2,경북,0.82,0,0,0
31,3461018,30881433,2437890,467572,65696,0,1,충남,0.87,0,0,0
38,4765893,17443230,74691754,566030,124403,490019,1,인천,1.08,0,0,0
36,2720646,100339269,13751872,398579,152233,19651,2,부산,1.02,0,0,0
20,1988844,5641341,7953012,275905,104013,0,1,경북,0.82,0,0,0
37,6440178,72422661,5810148,832880,93141,173628,1,제주,1.04,0,0,0
26,4096731,26200406,8933231,208693,81891,0,2,전북,0.8,0,23921478,0
36,3497955,18721768,3876346,649421,54645,159150,1,경기,1.15,0,0,0
